id,xcentroid,ycentroid,sharpness,roundness1,roundness2,npix,peak,flux,mag,daofind_mag
1,4781.475152733709,0.5720459600597979,0.6552306343258262,-0.3522562914547787,-0.8236528844515529,25,19570,152190,-12.955965292592666,-8.81783389500635
2,5835.988101170037,0.9735902122738457,0.6826569468481064,0.42476964907714854,-0.14182311622347493,25,65535,537629,-14.326206716894047,-10.030009719406063
3,43.85242106439608,2.218297032295058,0.26142814320729374,0.5098409665210578,-0.40870032626721225,25,11787,220442,-13.358235856466775,-8.12283137505837
4,2804.7532679629444,2.0794983185964977,0.2692945419113452,0.14431278090420727,0.3519196335259853,25,28200,352235,-13.867081269138115,-9.516099953410997
5,4336.174921311333,2.3350245634935227,0.36239892109900823,0.2536363521637993,0.5082054038006636,25,12610,216660,-13.339446847026174,-8.174209551437315
6,45.53891736922478,3.8637654570626214,0.5808508561629692,0.38347222413153315,-0.7275661012392255,25,27419,383112,-13.958314388389976,-8.9374064674057
7,46.155214033904706,4.070254542606507,0.45988227316027336,0.7460115024532212,0.7145511783650306,25,24300,361520,-13.895330820807864,-8.966885803318489
8,1316.0614176318124,5.744500558736045,0.5860678038963644,0.8630300625216936,0.182989915912211,25,47693,423290,-14.066595021550496,-9.849510035940556
9,3793.340371251025,8.169137226411644,0.22310255550976718,0.1640078581752633,0.2888491748904199,25,19638,318710,-13.758489225806116,-8.968016590397138
10,2909.5503884907694,12.134681817164104,0.31153066865919077,0.7911317876477492,0.8979415586774642,25,15229,261685,-13.544447073088708,-8.5147785694586
11,2441.888312758341,19.37929872706183,0.5038139360925381,0.8536928491283031,0.3491364535392397,25,65535,653068,-14.53739601018317,-10.220765964816913
12,3618.523288031966,26.049851977780147,0.45124765285328744,0.1341197595760846,0.14941504830608038,25,19403,258972,-13.533132026970975,-8.786014264759839
13,3092.873650986976,27.681036491324267,0.41019110916076035,0.5388739532271157,0.44950100723514747,25,65535,760884,-14.703296129443226,-10.164906722664904
14,2320.330803393336,29.865602351910045,0.2391659660531921,0.1191952996060097,0.22297080185691318,25,8800,184074,-13.162481124519797,-7.751597118615173
15,1148.0867883617432,30.624781043347276,0.37919249675576455,0.6310715266660293,0.6630139159054216,25,19946,290520,-13.657940088723395,-8.905562860189946
16,4813.816472232244,33.81622670084829,0.3617805928792708,0.0775241016910553,0.18486151761754283,25,11342,200848,-13.257168778701857,-8.061342849194732
17,532.215074480982,37.778512560950986,0.2938531589222215,0.2422941078771248,-0.08144288671309559,25,9313,183703,-13.160290621749919,-7.819689232170667
18,3191.863884238749,40.592732836032006,0.3153282959737849,0.5521426086281239,0.7055886778335586,25,23420,327900,-13.789353541673412,-9.118329412359746
19,4440.009816250857,39.256285952215535,0.5009184959688328,0.3159061130691475,0.5739761731818673,25,32392,346195,-13.84830197796968,-9.434030960826423
20,29.443487954956925,52.97447147146135,0.22748058544210414,0.42980533669801746,0.6999220278078971,25,9414,208530,-13.29792135807325,-7.6544638684994055
21,4114.413754221162,50.85177767661041,0.2122416759147561,-0.03189144914914209,0.6034530993379891,25,11444,220489,-13.358467319447682,-8.229134460386788
22,5117.8144556792895,51.16033322049924,0.31041212401122054,-0.031209786840918602,0.8115034373058634,25,65535,1115936,-15.119098220276621,-9.814851082283178
23,30.653729270248622,53.578341695625035,0.5292650992307086,0.15180377566329786,-0.3034597590109891,25,15845,233863,-13.422403791302365,-8.36604197984123
24,4568.317910458402,53.68500994868223,0.5183956943844591,-0.10017966239195462,0.325284506069455,25,51779,476950,-14.19618213280855,-9.995505258989146
25,5189.781977225709,54.03130784891116,0.3764899744946883,-0.0855007278163702,0.2238026311397083,25,15018,237852,-13.440767018939013,-8.464259266689208
26,651.5855550375453,57.94573624238963,0.23317797746448202,0.46334637412459123,-0.5079163715190099,25,11656,240090,-13.450935179034051,-8.117896630954917
27,651.9486020219704,58.610111306238885,0.25797688381953393,0.620118020243051,0.5452234868318149,25,12065,231832,-13.41293345465392,-8.265472279592899
28,2243.883435446363,60.276504318394856,0.22198719509613632,0.25075666082155673,0.4739768686355878,25,9543,194942,-13.224763543447812,-7.881779421737533
29,222.1984410402533,67.45638882869763,0.4096730799631443,0.818075853250981,0.5288232259713496,25,14562,279744,-13.616901951183848,-8.146542979000786
30,2131.524005653933,67.63047182068671,0.41581098405780914,0.9827974546674367,0.1661815080874283,25,65535,891152,-14.87487946528627,-10.065222885249213
31,92.07241120811781,67.7880933663126,0.20431875940292452,0.23325774243214867,-0.004686995312193698,25,8423,181402,-13.146605177374903,-7.718147445622758
32,223.57928609865488,68.27687825150625,0.4167975331838643,0.7657871788042253,-0.031075125884685962,25,32192,440271,-14.109300200165064,-9.300283330550537
33,2195.889385951346,68.08372119349251,0.3032842677356777,0.383156313834488,0.3753687035918659,25,12085,211796,-13.31479438430199,-8.235714054790456
34,2131.889572529678,68.5700608753443,0.21389237308634348,0.8194137483830358,0.5616839051317274,25,51067,868802,-14.84730203000179,-9.929106309427848
35,628.1262520993047,69.79072528321257,0.21231513640178074,0.2359587109772162,-0.08421692337723535,25,8834,184668,-13.165979114244193,-7.814735117149918
36,3607.867222042343,71.97299098551785,0.21651631130482524,0.011659676543823817,0.11182083313673205,25,9731,198559,-13.244723942321876,-7.9469899489619555
37,4875.9157181544215,71.25227844853092,0.44545998381064755,0.2927830324563391,0.561930469158271,25,22088,285644,-13.639562765160345,-8.963914869242519
38,4308.834733172133,73.75639000131005,0.22093888381842208,0.11734068548921592,-0.2543291193188377,25,16846,288428,-13.650093546283772,-8.775140814488612
39,4829.951161355802,73.8803889809442,0.25680357494670364,0.048187305111450585,0.3373480409753652,25,9712,193729,-13.217986591772828,-7.913105638333416
40,2284.8121522395204,76.26308881856181,0.22779828509258515,0.8012489366579715,0.2814442778066247,25,22374,364200,-13.903349853647253,-9.118756382594889
41,5878.04044481935,77.9577327316316,0.2517004487562397,-0.008471085328837879,0.24480466126646697,25,10726,209534,-13.303136259357426,-8.049718775656473
42,198.13584909544085,80.10689734306325,0.2865118522441488,0.37848262655383985,0.14869032122840395,25,9377,187275,-13.181199514357619,-7.8012021062133075
43,1726.2310880657178,79.5190614597059,0.5576400392495416,0.30415044854527984,0.24864444482999026,25,21069,248656,-13.488997357748811,-8.840262379708172
44,2902.059707547402,78.44980647131628,0.32641860097623543,0.3825321394450008,0.8701973878826731,25,15381,244315,-13.469875329501178,-8.594426962952511
45,5234.501573111033,79.77062992866001,0.264053103061289,-0.11321309304217374,0.1975026508887594,25,12734,230838,-13.408268257221799,-8.345704912067683
46,4742.368283078518,83.50436328991105,0.313243313992425,-0.06339047747720136,0.3204261585666263,25,12904,223817,-13.374732675608145,-8.32101670022001
47,5455.675309681675,83.9196910891526,0.3311267064556838,-0.040635322348739525,0.1645557739408047,25,11980,212798,-13.319918854721935,-8.165266663423754
48,2212.087033832988,85.85554732288551,0.27458529584162494,0.16942284916479242,0.2082412508958389,25,9238,185815,-13.172701924228583,-7.789502098688068
49,3056.7526377379218,90.20708673542853,0.24241187449197504,0.18249643640254187,0.689172584094996,25,16189,271511,-13.584468573233224,-8.679244011311315
50,4030.9336862868913,91.63092446408972,0.36668062511101485,0.42496874740271273,-0.22400833144848184,25,35124,436060,-14.098865626130868,-9.6047895493412
51,4326.626884759336,91.96266572095908,0.47074590644665537,-0.10823572598879498,0.11276248761598763,25,28008,329754,-13.795475180882562,-9.244556262396458
52,1384.3551402060616,98.01035066124386,0.24678018036357519,0.4172203881311186,0.15521996462136609,25,10239,200751,-13.256644293262852,-8.005974437448032
53,1953.0853725307825,97.99757484220768,0.9585422595681369,0.9134606110283758,0.2733422894182772,25,65535,525785,-14.302020480147846,-9.624119447242613
54,4965.983069645022,98.10767800018036,0.5541047802635367,0.04909362221383788,0.3308279064541991,25,22323,259565,-13.535615328452256,-8.900926367717624
55,2338.5229911706183,99.64295271196303,0.38576626125415936,0.05812408003014292,0.017087178264540055,25,15472,231629,-13.41198233055217,-8.554203743158187
56,2937.9448251051713,100.10890666080245,0.3813311877586137,0.41639229728387855,0.40049484296580184,25,18303,252969,-13.507668259917583,-8.807564328420373
57,1715.031063202742,102.45454305123764,0.39689145557532435,0.5800981480265255,0.3694673289969126,25,65535,989606,-14.988655799411877,-9.915270825929042
58,3710.1687599065144,100.76746403937682,0.35584264339537564,0.25179950787905603,0.42660068424467884,25,65535,1050686,-15.053682363709264,-9.84527134219756
59,4285.319149255623,107.73500036142107,0.5355184634935799,0.3099628190126289,-0.07374193478326659,25,34075,356925,-13.881442420476144,-9.438368943468644
60,5627.820925701097,108.95946442982367,0.24290335716834488,-0.1184773398503136,0.2777914071633811,25,58728,990635,-14.989784169802402,-10.066341247291696
61,5877.142674272164,110.19790415965296,0.2156135402622585,-0.31429381546287194,-0.3406813015789479,25,9961,231042,-13.409227338369165,-7.600156232619332
62,2016.5319717775797,109.68211153041614,0.6146857613072715,0.03606523190803068,-0.04708531436900013,25,31922,311396,-13.733282573975526,-9.318127727294726
63,4707.201271352334,111.99831724710934,0.33517443357446147,-0.19002245924829014,0.03709419683197909,25,47082,650855,-14.53371061383981,-9.855210545634613
64,5874.795985062779,111.93329734655703,0.34958399789059197,-0.17182691957265603,-0.20749899754321222,25,18229,296830,-13.681269480197022,-8.627176995850729
65,3663.9873408798594,113.97476793151364,0.599351977475552,0.22752495212858412,0.31251754457707553,25,25728,262167,-13.546445061063842,-9.080264908621874
66,5394.140163194724,116.06490114957586,0.5819442903856689,0.011630585802603847,0.2833275109464909,25,28446,308209,-13.722113290963044,-9.164952532860237
67,1834.6200729727486,117.77243836962542,0.5910954603236285,0.23887934493216934,-0.1046399837495693,25,48303,433149,-14.091593290229092,-9.836554456963007
68,2526.0161286824614,119.16873170555111,0.5254281014515354,0.5536057874697264,0.5189093625846908,25,37961,369332,-13.918542344549508,-9.63555880193944
69,3156.0950932283013,119.34990048866538,0.6884994611240575,0.3480710358342954,0.4591110449875274,25,55576,419285,-14.056273314286083,-9.935459959448318
70,3713.2486153838427,121.78152464110723,0.2980420560027505,0.18897517991924692,-0.14594244058697423,25,12133,216011,-13.336189668591011,-8.22584825804401
71,4602.633285253644,121.83268720314852,0.4650220988747116,-0.23354551888802844,0.03812341415165328,25,25404,310620,-13.730573538413749,-9.133638671483466
72,126.53604946290015,123.65140468679712,0.3335430872484047,0.19213131136486675,-0.1969812890276527,25,10167,193162,-13.214804233595299,-7.887602171404485
73,3226.014599759349,123.22557379393751,0.47598930450827326,0.38190468077044926,0.5236169912485464,25,21291,262728,-13.548765899489792,-8.933774563878472
74,651.2258606701484,129.37474123887313,0.350800729684752,0.7732402154338632,0.8948395311861964,25,14103,266424,-13.563933360912387,-8.213215717232698
75,652.3182999160497,129.07211107874346,0.43226130910261606,0.35161653679290594,0.2946329611119435,25,19747,277477,-13.60806747597056,-8.822379874953635
76,1787.6754997744329,130.849945890925,0.2978830607787096,0.4379103403789181,0.24760049846744162,25,65535,1144634,-15.146666604920526,-9.71331237769623
77,3243.6970778520185,131.45746897352979,0.4772775203912503,0.5743824801333862,0.3132474385279868,25,29388,321222,-13.767013204463439,-9.35747424516546
78,4098.482744446338,130.88447072518022,0.3751977599982872,-0.1751087609756899,0.5252332387941749,25,28349,363559,-13.901437250471693,-9.356662394730435
79,1788.7845926892144,132.11446244549361,0.3215929325359979,0.8132958365207851,0.6014712112055063,25,65535,974837,-14.972330011250117,-10.130845672454615
80,5808.378640577891,136.00121871210095,0.8869011080625925,-0.7410599408840204,0.44894868238365093,25,38039,463016,-14.163989996938236,-9.023812140666745
81,5233.534397757166,135.98283186757925,0.23216161691105117,-0.1893719688428276,-0.49923641469509933,25,14015,266670,-13.564935402298438,-8.324170799303563
82,5807.477447655647,137.75535032762133,0.5964865876120974,-0.024251044311977738,0.018738620915268196,25,62015,623132,-14.486450135906821,-10.023266389316927
83,2684.015718590179,140.63833749207382,0.3382597332295283,0.6327761704805035,0.6720484765756403,25,20962,294945,-13.67435259567879,-8.976028500828647
84,26.302981916175032,149.36574519162707,0.2610694481327204,0.19236364310984633,0.057724422546837476,25,9317,189018,-13.191257908957521,-7.834071108049453
85,2614.234047434558,152.13077027793096,0.27442467651400804,0.2380033282809503,0.3426950030348565,25,12080,213952,-13.32579087644114,-8.292140694539041
86,4116.141159845203,153.73579368357352,0.2393756753804966,0.06477705456913166,0.4587093814315072,25,9357,191376,-13.204718682594955,-7.853452123731964
87,4607.673725755707,154.00135556100753,0.3323977242636612,-0.0017114320491127643,0.20195449698800788,25,13213,222608,-13.368851919464653,-8.325686828691971
88,4691.484176126457,153.8624189663859,0.521578250903017,0.06841015917170211,0.031989336240431605,25,30431,331349,-13.800714160607836,-9.311678694513688
89,912.2202478929248,155.79061886362163,0.45365322384381923,0.12113934273387131,-0.9205110901322722,25,19411,302129,-13.700481033106318,-8.62242593661189
90,2649.760405534149,157.79166131501304,0.3817797433016705,0.25284973938364247,0.18478797316331597,25,13459,212720,-13.319520810808775,-8.359792474500768
91,4714.220849114972,164.32083787764785,0.4193958720832122,0.11668170599723482,0.47709328162528264,25,17541,253396,-13.509499387540234,-8.642437280104648
92,2511.044889966853,165.01756764251044,0.7994328326780277,-0.06195440406646009,-0.1445978041427034,25,12457,176719,-13.118208113319172,-7.831362652395562
93,809.5395945688094,165.73314046073395,0.24711534919850997,0.05737959564412416,-0.6914393916029298,25,9791,203458,-13.271186927627944,-7.8291518024266695
94,2055.549165722377,168.2601617990481,0.5771961406034347,0.7036101763520333,0.3178486396099405,25,61944,626724,-14.4926908151287,-9.953741628708528
95,89.48668296321195,169.7092186347322,0.2333337640082611,0.554439293156477,-0.30024607970133216,25,11523,223601,-13.37368435373264,-8.196556311205162
96,5175.501376945008,177.44204509644007,0.99187765124985,-0.499033656370209,-0.9510330636805251,25,64472,886557,-14.869266658047822,-9.348197715097953
97,5172.372973569092,178.9385715600198,0.4244473473283529,0.2432013160532703,0.3274887207206254,25,65535,1116562,-15.119707108510331,-9.687223790264923
98,3470.3662740982936,180.06389113010178,0.31618226773633085,0.0897847018848215,0.28972622430145883,25,12514,214320,-13.327656751500381,-8.287888887114503
99,4541.62783567774,180.05472948347062,0.31397730387157735,0.02399783084290309,0.2642155288617648,25,14874,241696,-13.458173657542684,-8.52672606462001
100,5149.759389936707,180.12033179727274,0.31931561255436397,-0.09936113732856579,0.36231490451004217,25,14549,243981,-13.468390017522601,-8.445989117885944
101,5066.081294257337,183.46766174678473,0.28851501042229727,-0.27765288087838047,0.8286857525788457,25,9481,212850,-13.320184136282888,-7.503100111354463
102,5065.551589490986,183.6908445052119,0.36497342813840883,0.08130589961007838,0.0284565797040906,25,14944,236779,-13.435857955129908,-8.488982559528807
103,296.117554396386,184.6855844128302,0.5435216256488729,0.6553978463617027,0.582905683308767,25,23844,313922,-13.742054381507193,-8.91150143234752
104,362.4097159793628,185.94738711883227,0.22255227204860412,0.334452532506156,-0.1487474534682039,25,8740,185928,-13.173361994195824,-7.740589422947065
105,858.3099757957519,185.99670397364466,0.264104997298083,0.33176602132739114,0.05350234903124294,25,9401,189757,-13.195494514189543,-7.8313993911999304
106,2815.1931564783076,190.45581682900138,0.2615287867789724,0.5616010558100364,0.7907498334146014,25,13041,235994,-13.432252403611535,-8.34512478850971
107,5649.591542496553,193.4327742163599,0.705145975034904,-0.6462942669282522,0.5061071100403266,25,16657,295825,-13.677587182969459,-7.932713921152787
108,672.34644187712,191.66884871728078,0.43715239853107607,0.2057220205824117,-0.12263036222870953,25,12294,202868,-13.268033869192045,-8.124931101764245
109,5648.741990751398,194.49327011528428,0.22063892841946217,0.2089978612741875,0.3565937011183726,25,27938,466678,-14.172543319955523,-9.336615434414243
110,269.8591576411391,196.29186441934957,0.3113143622776735,0.8740379335442974,0.20306949843493213,25,15802,268150,-13.570944503247716,-8.53856333640964
111,3674.0917104745795,195.38684200054266,0.33660099821423833,0.10189725276008063,0.47008886493185575,25,11135,200279,-13.25408853571215,-8.060688318502166
112,4000.062926493744,196.16592830014048,0.21462979018914782,0.0850116129150936,0.4047247130984396,25,10230,202727,-13.26727898409219,-8.025290344162398
113,3408.172713889575,199.63524776879387,0.45793852930834644,0.21757933036076874,0.2564590751415206,25,65535,627983,-14.49486971799696,-10.296008143641162
114,5662.065053909363,199.19204180943348,0.4572744494877779,0.2155544395023157,0.4838676115529335,25,65535,847729,-14.8206426005279,-10.04680695545197
115,1140.6600337430013,203.93201184539933,0.45401346384888736,0.4186912436587478,-0.18523992239583495,25,16327,241173,-13.455821714232437,-8.53355258839029
116,2843.9510899586867,204.1040180401879,0.36166884702121077,0.3392917109173634,0.37906907310276766,25,15169,231157,-13.409767623684036,-8.538485410596637
117,2689.3686611367757,209.36076396158637,0.20022977574906028,0.34763621735490385,0.14414012685767744,25,9666,200941,-13.257671398080912,-7.924383158056946
118,759.2108237005842,211.74116020925223,0.2739568853560137,0.24461867922438846,-0.5494883305408486,25,12063,229638,-13.402609389462715,-8.194823169095272
119,891.8059713563612,212.23032274360392,0.2638190629025621,0.7406769167381401,0.24325048428577323,25,14118,245828,-13.47657836961588,-8.48490459444612
120,2919.9513214358844,211.99875314218733,0.49160058744890833,0.6222497319059712,0.3339623188504843,25,64770,581719,-14.41178312219318,-10.251265871162826
121,3044.719297869513,213.96011976916031,0.4456328934576921,0.23338279409418633,0.4302216876096508,25,59696,671891,-14.56824705935287,-10.05268751730541
122,864.081576140639,213.39972302036256,0.49591468890957674,0.9640239077359422,0.150394629810481,25,65535,766564,-14.711371049269271,-10.12904737340077
123,4292.863654411046,214.66513419271175,0.23042665799506132,0.40493601728007317,0.7928723981493981,25,47883,663969,-14.555369507745255,-9.95590853468131
124,5666.090391729086,215.9024102195292,0.755104533366287,0.00328164329313547,0.2060882096264639,25,65060,483715,-14.211473887668065,-10.02565487497602
125,1074.2112513106736,219.50509451327815,0.36525975465772653,0.1560850978058639,0.2241721336202623,25,10280,188388,-13.187633088767381,-7.899172837072283
126,1906.1738759133177,219.25452730419138,0.2928939446781265,0.2005624091695846,0.40814948757221986,25,10588,199276,-13.24863749292286,-8.043066710587985
127,2744.659921066899,219.185123370254,0.31617065610492784,-0.1790922275219927,0.18869147057133187,25,15430,248143,-13.486755071145947,-8.593956699430104
128,3149.9182411300917,221.83054127546754,0.5259170714021314,0.28491289954423227,0.2678855036258026,25,16732,218083,-13.34655453196664,-8.550774624611869
129,1125.7937040403006,223.89645339965338,0.28327132465720056,0.5249388369478408,0.194891704857284,25,12034,215186,-13.332035031792005,-8.272539969279078
130,2502.4488441996473,225.75693311404166,0.24172207260572182,0.03401312335061686,0.05366345456166893,25,9849,194854,-13.224273313750013,-7.980886200650421
131,2748.2393696369763,227.725404479955,0.5516441919121,0.12129018057266062,0.1642001967302996,25,19185,232054,-13.413972647282531,-8.720307779382072
132,1198.9761763740976,233.38567391804565,0.5301184575840747,-0.1799162824005927,-0.22895662736641517,25,34409,398367,-14.000708387685545,-9.378319132267416
133,4601.760971222211,235.90971732385535,0.4829072216665574,0.04822274948776631,0.2293520936199347,25,31400,336688,-13.818069094603613,-9.416422674764227
134,4547.934154198368,241.700882579374,0.3504896484650443,0.05679138910505931,0.24413817120878234,25,11466,201853,-13.262588021023793,-8.110866164119212
135,5781.636374606367,241.5985006255368,0.4132199731037421,0.1665276779799672,0.20171265970762664,25,13780,224744,-13.379220265455054,-8.273664183652373
136,3663.2694230838465,245.52463749891655,0.2819815857193909,0.6117104593701033,0.4238225953950187,25,45983,582060,-14.41241938742295,-9.979477148348884
137,2048.4170563948546,249.13301513680904,0.7464607694817684,0.1320872215843366,0.44583376613057213,25,65535,571443,-14.392432292777329,-9.923382102521794
138,667.9996093857379,254.6765285528615,0.30623725746351005,0.4674261559978547,0.5663214290057732,25,11322,213477,-13.323377727545939,-8.094047644703044
139,1346.4583515288903,255.54427913018267,0.25894357311482935,0.11541297399959334,-0.016104227378390446,25,9861,193492,-13.216657534140833,-7.9540198389094785
140,3796.318953854461,256.15162276426605,0.2418679880768867,0.10700213061415827,0.41604908397697793,25,11634,215851,-13.335385162518659,-8.22333239323415
141,3920.1347961016445,257.75087698760046,0.32998321079009363,-0.031907544744471515,0.19618600866150424,25,11029,199266,-13.248583007513295,-8.062739123864178
142,4983.744662060657,257.892757254555,0.2862007915657513,0.00034666605088066554,0.13100554194047156,25,9612,189896,-13.196289541960716,-7.8602662731149024
143,2481.4776269240506,259.29728949124126,0.42405303005906964,0.6799907152015332,0.1850731080277431,25,65535,1014502,-15.015632268857388,-9.696404501044082
144,5905.889510703372,262.1174633151279,0.3778487091923977,-0.19688622018051968,0.23950618148512665,25,15488,248681,-13.489106512728801,-8.471807559309827
145,4420.316166566471,266.1400086857175,0.29582396903210867,-0.011294025940835053,0.4001648152683675,25,14002,234719,-13.426370615572672,-8.458792753807314
146,110.03534524002501,267.9104548707471,0.21843042748971625,0.30087733187752747,-0.05424152090241543,25,8472,179525,-13.135312338498018,-7.730044094068607
147,752.8504971515637,267.63670789450873,0.40228914455889153,-0.0308550491707997,-0.3149600141335648,25,11150,201928,-13.262991359547861,-7.886764730964777
148,3348.0649288373975,267.32411193099773,0.4780817580938863,0.24410651647996864,0.446723018478671,25,20786,255975,-13.520493879175849,-8.904907166651308
149,4553.930942874672,268.1077484402562,0.551644149906465,0.10283115711276161,0.39955797609222454,25,65535,584072,-14.416165967418422,-10.178274098750517
150,1869.8654757690124,272.0571171385375,0.4040674978065042,0.8029033792796054,0.9887839208303826,25,18098,271707,-13.585252068277082,-8.675582023894902
151,3511.905089048283,273.5865810764117,0.20453990819224857,0.10336188328505169,0.3683778453100714,25,9100,191095,-13.203123309725216,-7.876630871696526
152,4386.2126709243685,273.49531832493665,0.5847810070810354,-0.012160622365287834,0.36682705803215393,25,37076,344056,-13.841572839798204,-9.54136336273419
153,5292.159028963506,273.891944859134,0.45115837451268,-0.07117161653802467,0.2025143169639593,25,17400,242290,-13.46083872483571,-8.638436453343614
154,5196.024275993899,275.7661137104089,0.26809837054534985,-0.006405807643886486,0.2285103791452945,25,10300,198909,-13.246636085034677,-8.017531207117791
155,792.2459706335252,277.67112071341353,0.24080401114794808,0.19095398012905804,-0.06749884986666856,25,9588,191757,-13.2068780665706,-7.94094528685445
156,3919.9807897182477,283.6150948872727,0.33696321254997214,0.05291664414757123,0.2908379820647834,25,11574,203141,-13.269493965044942,-8.142052816665702
157,530.3921966573027,285.506427758479,0.4294976587816234,0.2314612752762596,0.0007403696790281669,25,14231,222935,-13.370445641294888,-8.358469887906416
158,4436.9860897207445,288.13232563255616,0.5640001274126907,0.1415062419370105,0.6927578012061424,25,65535,738753,-14.671248143795362,-9.968875106305925
159,1342.5208333014277,287.8885421909251,0.6722127863659206,0.45751944778764175,-0.13315764162746657,25,53545,440792,-14.110584259599207,-9.892766250759088
160,2584.28354359588,291.6196165427172,0.5780994218196522,0.12803214209224031,0.15728978114335163,25,29678,291556,-13.66180495824516,-9.287341427822103
161,3633.75980449471,291.9018096648589,0.4729412940907794,0.4158282818540074,0.2933167998922441,25,65535,583125,-14.414404152726439,-10.30671158619485
162,5958.331441383708,294.0475753187639,0.4607331297764334,-0.10717843997483377,0.1994427677476385,25,61662,684374,-14.58823375483551,-10.152867431037365
163,1809.886231588329,295.1748074651819,0.38377490621479454,0.5104402841346192,0.45924167994744075,25,13776,221109,-13.361516051050895,-8.381458747216758
164,3528.8469397475146,297.8135553366461,0.20595839802641405,0.18624749044563915,0.5774481669550626,25,15204,263790,-13.5531458196944,-8.65809421646391
165,2012.8687965021093,297.57918871342576,0.32173143868560267,0.0216639177266715,-0.16491398868745283,25,25045,339091,-13.825790657708211,-9.272162667508315
166,6198.146272251273,300.8500695114304,0.33891290487859993,0.7672902881874495,0.27410419142078213,25,65535,1229389,-15.224223307343841,-9.714181473723269
167,6200.430770648066,300.452653459696,0.2261246458363616,-0.5222703269186281,0.43951964241570946,25,65535,1374575,-15.345421102350358,-9.463441189782747
168,5858.25613349353,304.2337440549547,0.3368685251549075,-0.007552405142744981,0.3052697506544174,25,17486,276889,-13.605764257058118,-8.694059881484517
169,1607.014509397366,305.39393299851827,0.37387596173489845,-0.16256424203173972,-0.223424611329518,25,20115,288432,-13.650108603472065,-8.890670333215517
170,6103.939122816498,310.2665266616129,0.4881472280606932,-0.11484088970469233,0.3926250443272174,25,20553,288575,-13.650646760827032,-8.724425097544884
171,5480.345012437699,311.1573451211056,0.3429445566762982,-0.09545661725189482,0.4127541501152351,25,14917,248315,-13.48750738709086,-8.439149462122145
172,5443.294271590578,315.3938446231036,0.44166359481208434,-0.8558758575611661,-0.29814278412902556,25,16492,334508,-13.811016271734262,-8.095888856332303
173,3706.2834337998847,315.89542808373284,0.5747339113900186,0.06417678717813052,0.1867473407206677,25,25590,269627,-13.5769084489227,-9.083884335103674
174,5441.431204464627,315.8554836183362,0.3012862821131241,-0.4013027674372005,-0.4307811447460532,25,34368,510050,-14.26903187975326,-9.49901200109131
175,2305.8151521752225,323.3566861884956,0.4447867100319923,0.4175550377801821,0.34606662341529315,25,14429,216616,-13.33922632988157,-8.391892008716106
176,3511.2614908811443,327.9826142906256,0.34718930178161445,-0.28251281786026616,-0.22208961468393668,25,65535,1227164,-15.222256515895669,-9.387576787395545
177,4548.460069482667,327.8012865840149,0.3610071315161345,-0.13578114534284902,0.20093171125044526,25,16016,243394,-13.465774670160249,-8.616266384616836
178,3511.864993400869,328.8580644109379,0.40578024188852313,0.2120359643037051,0.7089540270449997,25,65535,1216845,-15.213088154836052,-9.370087216001298
179,1824.3207917277562,329.7815173909523,0.29884693964664616,0.1168930842747479,0.0985951334832122,25,10164,192993,-13.213853892771956,-7.9828471751195185
180,5396.593124937575,329.69658296006344,0.3845936231738956,-0.3544405029756428,0.0807032948101129,25,40749,490192,-14.22591554807245,-9.778021663423381
181,3511.368831815277,329.9574971691111,0.2748881380098788,0.5927886705064898,0.43355556719855365,25,65535,1143227,-15.145331181979465,-9.970470751820319
182,3822.278149093127,330.8801320385927,0.34599581908984,0.06973790880293308,0.628425146732205,25,15768,244076,-13.468812693319713,-8.6123383009638
183,5690.388839674057,336.3590429620544,0.3624082982607399,-0.24613693017725582,0.5486594116856451,25,10071,212558,-13.318693637648265,-7.573550664512604
184,5689.61694720876,337.67879854907636,0.3824746933950181,0.05753286758849278,0.0655205227371404,25,14308,230882,-13.40847518953209,-8.400682340760214
185,5714.802509699275,337.87380112745404,0.2520277724917658,-0.19661790244436667,-0.1352063123457913,25,13834,252153,-13.50416034890291,-8.39186071058419
186,3101.0354382395285,338.42749048785515,0.22612464583636183,0.5548816718921329,0.750683580628446,25,65535,1089929,-15.09349552028157,-10.01125157504882
187,3511.7116644348157,339.47803475207377,0.4795277970592654,0.44913726947411503,0.28341422368105285,25,28627,317910,-13.755760472637778,-9.31300133910522
188,1718.3165657969819,342.11930860011626,0.3963054905595277,0.5699123528312623,0.19472825498290344,25,16581,245256,-13.474049102158682,-8.618257817453864
189,2962.77351082478,348.50433293851717,0.29438961311176953,0.11202067499465572,0.7672268218614252,25,15050,251135,-13.499768108421142,-8.510126802125818
190,2178.2760592261925,347.42818708837825,0.25503308211256354,0.043225451811663936,0.26452513931444954,25,10031,195083,-13.225548563954394,-8.001808926275043
191,4334.104834381892,353.61190766382816,0.36546375519683366,-0.2845863508771235,0.14758260059247066,25,65535,1160594,-15.16170080258311,-9.764746249921048
192,4361.1063592499895,353.0333975914811,0.358235135779012,0.24392396935981997,0.400779553586755,25,65535,760007,-14.70204398085781,-10.255302845226996
193,932.5663920755972,353.4318744124885,0.2718448381250098,0.09276613570544262,-0.054909642295039446,25,10051,196975,-13.236027772878288,-7.962165006785006
194,4334.027546487983,354.5575198231702,0.3938830626422533,-0.16392206842755286,0.23671302711738598,25,65535,1136001,-15.13844678419078,-9.644356665700705
195,760.0595241148256,359.2997845925883,0.39215798914273625,0.5395621361903601,0.19050482292107457,25,16511,246831,-13.480999256752614,-8.642576081364728
196,2068.8121014499375,359.75144272711896,0.40862308240974937,0.11003942096749801,-0.20444412093701653,25,32467,376559,-13.93958257994052,-9.524427956209305
197,4396.278250286609,361.60760884753074,0.32592785869456453,-0.05262878415757441,0.2655849475286123,25,13176,220396,-13.358009270439254,-8.369259490423108
198,4277.692247797434,365.7889930688517,0.3947911493552604,0.1485594365508778,0.1571437290728274,25,17857,247849,-13.485467927475952,-8.758895772154407
199,3061.993094988343,369.50625523317893,0.2563017042996114,0.09062288011996242,0.2884150333082967,25,10142,197257,-13.237581059582375,-7.982092950540914
200,1449.45355094117,373.78990008205636,0.4204428907512981,0.3530590769416881,-0.48450183553533865,25,42486,545851,-14.342685275677267,-9.720031923985223
201,2700.2261688162566,373.58332788461956,0.2433867091030629,0.08680172445884585,0.1172282300759202,25,10367,201208,-13.259113110527124,-8.047960408476133
202,567.939586288355,375.6442830776797,0.528137383195389,0.9152440751342021,-0.028010496491747486,25,37237,388280,-13.972862552380212,-9.583218281840463
203,4137.4224594261,375.6143219862315,0.35143214848012955,0.2933594941040816,0.08123199507259042,25,15074,235331,-13.429197850687135,-8.548281803955843
204,1970.6639401349598,377.3231145867756,0.5436483993027965,0.0035271031563093745,0.08732057374426275,25,65535,667548,-14.561206247696939,-10.120374246883836
205,3702.5901179655893,377.7723261482022,0.23682763178499222,-0.08190647432209823,0.04619680939074146,25,10355,202150,-13.264184364174232,-8.046705769371377
206,4176.242497389559,377.064669904947,0.7323786800884835,0.08739120392432352,0.6260093782360173,25,65535,559926,-14.370326585751048,-9.960817877345502
207,534.4666094895848,383.3885352543688,0.4115859223785938,0.21160230074130248,-0.02225638570957053,25,15396,235887,-13.431760017709582,-8.503525492621165
208,1398.121993446808,383.1922842863871,0.44492959089782796,0.40063576242601007,0.4392779089337524,25,16416,232845,-13.417667291352313,-8.596982030697344
209,1259.940915997159,388.59983906272845,0.22753415819331,0.442125969070571,0.7005511066056105,25,9984,203605,-13.271971097297197,-7.962445876926098
210,926.280345146606,391.0058421430143,0.2643091865306963,0.22423861258126995,0.3420814572241901,25,10494,201784,-13.262216817200269,-8.063116553835156
211,2059.9721849245843,396.0134530348501,0.31526814292005995,0.2846077270271707,0.29955910175480693,25,12073,208906,-13.299877283884122,-8.236485649684141
212,2146.2793506178928,395.7873506771415,0.3711431495574214,0.15882202017951164,0.13872899543138156,25,11188,194189,-13.220561563227033,-8.067529981848258
213,4168.376364893918,399.67665632597607,0.5066513378788601,-0.16453703566887776,0.07397187191978806,25,15136,217258,-13.342439443145686,-8.385674033813551
214,6010.043535074921,400.0016779195499,0.5028195078672018,-0.0508216746413308,0.22549832648078205,25,20765,271078,-13.58273568194181,-8.809377914852753
215,2494.0538655527866,401.6356743731021,0.5368906322721917,0.23610165371029407,0.20302868924304812,25,18837,230924,-13.408672679043814,-8.711812610517082
216,2662.3115313062726,404.20538637997606,0.3153252279924633,0.3336072678667727,0.29870416138746897,25,15489,242531,-13.461918143618721,-8.623610416379398
217,4721.92269998361,404.0547027405176,0.2421200692656053,0.0009806209423636311,0.30517651013629016,25,10246,201317,-13.25970112493225,-8.015432837270657
218,4362.613866608,406.646128666529,0.4740636355286848,-0.09145597337841394,0.3773109539204799,25,65535,1031579,-15.033756231403821,-9.67866179875112
219,4993.852916504896,405.630705048491,0.46321839041510526,0.1391640591050722,0.28416984945589446,25,22588,279349,-13.615367802581614,-9.002362789487622
220,5791.883677153432,406.39813749322246,0.24067804770613704,-0.1382233841354628,0.5321830931534763,25,12190,237178,-13.437686006400543,-8.142076886324515
221,4361.959535076356,407.08400769318024,0.29061357197624543,-0.21971430150427643,0.08440158992238783,25,65535,1196866,-15.19511382480841,-9.745198752850287
222,4651.901863791562,407.8368046629352,0.32196145656149217,0.006280594636102626,0.2047540547610385,25,11617,206846,-13.289117817251848,-8.155380809028834
223,4362.407061573497,407.8024986626346,0.6646822334818243,-0.2445300910211196,0.4984423779083738,25,65535,905005,-14.891627446539006,-9.757861497221663
224,3686.4548457041033,411.5797059007731,0.3542703239492127,-0.09913128391112368,0.09506549398772625,25,12545,211480,-13.313173254332684,-8.251549601484255
225,108.13104836761231,412.39714339070997,0.22612464583636174,0.3266895411563124,-0.709985061303884,25,65535,1458306,-15.409621656607385,-9.205779771352423
226,3541.9174455564857,413.69858031445034,0.3698392676948225,0.13025772802284902,0.28304343735912685,25,12857,209285,-13.301845256099039,-8.30699120233411
227,109.31236497613526,413.9756140675572,0.3122006510173256,0.0953667073664635,-0.18740063174657934,25,65535,1215370,-15.211771280219011,-9.76413312020222
228,4019.5030208135913,416.0806775517368,0.3900216428515769,0.09741377560483934,0.08647561008994047,25,17237,248230,-13.4871356682001,-8.682580545543608
229,5467.876905583962,418.6931389045142,0.5713461898956366,0.4464024644060337,0.6255863832443643,25,65535,782153,-14.73322928852022,-9.96516630763513
230,1288.4333967332173,420.88255687825756,0.48243268944249545,0.10907985604892281,0.4549195016088447,25,22732,298382,-13.686931551555364,-8.900166798519464
231,3828.0069769693573,421.4677635435901,0.5579684862767907,0.2595932909587074,0.37433241581878174,25,46371,394489,-13.990087244428205,-9.86426128068217
232,4150.342728737663,422.67917509436523,0.43128500205347325,-0.027188687245256027,0.6905488826137295,25,23862,309748,-13.727521277194361,-9.053244159782823
233,629.5442096259444,425.6552338411278,0.28744373664945533,0.7592659355524964,-0.1662666320853314,25,16779,273379,-13.591912876398812,-8.726198058910835
234,4175.66334139979,425.78401120102063,0.2781298643634742,0.1054027627515551,0.01603525018455836,25,10092,195742,-13.229210053557354,-7.946429934085667
235,5613.773334779184,435.85260368534944,0.47137812124503564,-0.005833931063337569,0.1274724176305706,25,15476,227896,-13.394341756422056,-8.435046307678391
236,102.23796016119753,439.8828783962958,0.6689164967178068,0.7177774500931096,-0.13067574257362471,25,31777,323519,-13.774749478762548,-9.235056154881482
237,4024.0546743767463,439.3881423688677,0.5136920252791463,0.12932780340546304,0.45011372410515593,25,15058,213877,-13.325410209323243,-8.369455687256872
238,92.08414031162565,441.72758944711893,0.5693560900171399,0.5306775856641235,-0.05901028623172896,25,18695,237510,-13.439204749148438,-8.647311484021479
239,5280.039482551543,441.4484884962413,0.5312509750804097,0.03144458783427633,0.3642845671328709,25,37665,380708,-13.951480007371817,-9.590739928376685
240,2109.5262987178025,443.4491299581941,0.3953045599984494,0.9272234193821413,0.1677728376331942,25,65535,849550,-14.822972360558499,-10.150185885738068
241,1641.4833965296345,445.556602641175,0.5149836324929788,0.8256465472334712,0.01332943656924516,25,34027,366125,-13.909073461724137,-9.458528361112842
242,2555.694326009,445.27904801452866,0.5567508862983357,0.8109562708962836,0.3633396324160882,25,43001,401560,-14.009376113900288,-9.736666945592779
243,838.8834380873419,449.94501434071367,0.26515108032740364,0.4708685011112899,-0.3175014749008302,25,12488,235141,-13.428320902047817,-8.263192902552083
244,3319.5956329513892,453.6196033275527,0.28010872118564756,0.21526230844368247,0.1461619124581491,25,11152,204882,-13.27875951235169,-8.127699658605055
245,3604.5771828932943,458.2495276899522,0.25739436747209904,0.24024777298546993,0.3268238692030374,25,29224,399162,-14.002872974976244,-9.523123192082265
246,310.26532338234483,459.21066432648934,0.3444700453324866,0.2819521701866771,0.13305454165874964,25,12312,213193,-13.321932352301891,-8.236198130010653
247,6.5611275691882165,463.7464126723886,0.5116358583875299,0.39639009976723816,-0.3401198971753888,25,17976,252796,-13.506925494519626,-8.591472540410486
248,4590.091196419404,465.3502403295278,0.3517726000970348,0.07158644609482466,0.5031567980980706,25,12364,210837,-13.309867070025067,-8.225195538749647
249,2831.990036629057,467.7499248425545,0.4713340412325382,0.26236194046288275,0.2086429565235722,25,19495,242413,-13.461389765601094,-8.838293417275922
250,2393.7182250504425,470.06211907122486,0.4106305557610704,0.30492778349863553,0.14178117395682854,25,15553,225233,-13.381580053680356,-8.549848754526856
251,4177.535836316065,469.78118731552206,0.35428912888271286,0.179807847391654,0.06464297849792724,25,17782,255837,-13.519908384502461,-8.791200173156788
252,5712.410086687499,471.90555488769223,0.5579849551119386,-0.21330738015625816,0.07464701716907633,25,49233,489881,-14.225226489255377,-9.830061047895935
253,4771.069620379012,482.93131063458503,0.34628417252740423,0.01707176259094037,0.3360394538410679,25,8172,176673,-13.117925459123825,-7.357424061725238
254,1396.498195531783,483.9376333421787,0.5021811403688089,0.4588858500183827,-0.08222322076627721,25,20537,260454,-13.539327579067479,-8.833813379951813
255,6088.298615578296,485.7141489404012,0.3013656903030957,0.8416117431074787,-0.007441579859486577,25,65535,1230906,-15.22556222160522,-9.514460498443203
256,2258.4624447950223,487.20542186581287,0.3799287833372653,-0.056647315041387473,0.27010249877874426,25,15969,239221,-13.446998253757078,-8.600613486556915
257,5260.22655077617,488.11435543270045,0.21614061754023553,-0.015803885344963173,0.30443065428323535,25,10619,210840,-13.309882518857298,-8.084732533045123
258,3642.808133230801,489.74038415344677,0.22038293004541556,0.026374083863110104,0.4975166149580614,25,11365,218339,-13.347828292227568,-8.17866944663329
259,6088.444719225227,488.50250955150256,0.22612464583636174,-0.43663383302465053,0.5369952177472741,25,65535,1374382,-15.345268646645987,-9.430657613197939
260,5229.944338020791,491.0147105804617,0.4298031079348807,0.2700830827230421,0.6528886382603735,25,16832,248083,-13.486492512664112,-8.571429163312487
261,4541.966115767405,494.40563411917265,0.20524425791067347,0.05800087431414536,0.5659107240898649,25,11353,220343,-13.3577481452875,-8.164388301923314
262,3731.11347462718,498.1460148249759,0.2828084189274529,0.31881457200496743,0.6392740819514411,25,13461,233369,-13.420107913087655,-8.398280048049502
263,4728.167880463627,497.5894865330294,0.38316088802232484,-0.09651664892828787,0.2839434512043151,25,12903,211642,-13.314004642318963,-8.269407506643415
264,2220.0540269104945,505.9107099567049,0.5670262823652928,0.5766871427721256,0.22495124324510304,25,58418,463548,-14.16523677908044,-10.122340143691432
265,4806.0403783717775,505.60917183834727,0.2864602352123976,-0.027708785999436884,0.21951056197597688,25,11545,217437,-13.343333618563559,-8.150942082705274
266,2626.082677079654,507.83675100836774,0.6456120103606293,0.21841086302645277,0.12922583585223413,25,26152,253057,-13.508045887893147,-9.07100210655582
267,4802.3939536246035,508.415232019663,0.22856435927726504,0.13069982863346277,0.5432402172550023,25,12224,230556,-13.406941072005406,-8.25307799404973
268,5476.059457391017,512.9859915796759,0.6475751532331758,-0.7455450402495277,0.6428994935845349,25,20875,327841,-13.789158164424611,-8.451087456646011
269,2675.7952053554523,512.0323506318716,0.307431774734693,0.30081160530169965,0.27450703167978446,25,13504,221313,-13.362517313200913,-8.442121672668769
270,3549.251049047251,513.8194192707869,0.27060794554014206,0.4583334614736746,0.5306610778374818,25,16286,261647,-13.54428939889392,-8.71130282107747
271,500.4811681408485,513.0258813176686,0.23804159793411253,0.08480497978137494,0.30014731008425155,25,9398,194327,-13.221332865322996,-7.811988378946491
272,3910.505453319945,513.200979519448,0.3592758943942582,-0.2143566018656396,0.2942941645889626,25,17203,254261,-13.513199376808602,-8.725263323509655
273,5475.4737034588725,513.5848573229722,0.5254451298618714,0.20335194294082,0.024260024130813376,25,38333,409968,-14.031874898105512,-9.57774545577562
274,3171.005938653204,517.45672898827,0.33266460307355,-0.33595242610143855,-0.27658343473313174,25,13270,230189,-13.405211415594948,-8.274995699062979
275,4106.298224570097,518.5382467835215,0.5698216567561099,0.6283103801304414,0.6548023448962441,25,65535,707703,-14.624627591530752,-9.943293810217703
276,6084.3096207257995,522.2107909596253,0.22783221749910812,-0.14797949952604167,0.44656465594631184,25,8469,197994,-13.241630074058202,-7.3531787292163955
277,378.20286067416,521.7829805436428,0.7084905089023542,0.6629700864565206,-0.08853996527896062,25,65535,503283,-14.25453065238425,-10.104889658995608
278,1919.8469693500613,523.1205899260823,0.21745604313147582,0.3490141063931583,0.47609845376424803,25,9600,196060,-13.230972495754829,-7.940148124937171
279,6083.298500291725,523.8136892814227,0.3138994895496148,-0.05843953694146926,-0.20920167554625915,25,11647,219451,-13.353343910474608,-8.075761571731316
280,1031.073311347639,526.0739987742361,0.3181105298560071,0.9314832385104612,0.4457160666811239,25,22555,346503,-13.84926749764233,-9.032841332877023
281,1177.5992810845328,528.6355565066026,0.2855723698080957,0.5166355631237807,0.3852432239674673,25,18645,298488,-13.687317190099481,-8.756673972244455
282,5237.410732173215,527.9732021650661,0.24795362434897628,-0.15123165981168424,-0.001104020576028807,25,10697,212535,-13.318576148380108,-7.985005591309394
283,1989.8856928368975,530.551190597143,0.3720814507524946,0.43025561128093537,0.5217006596229248,25,14501,229159,-13.400342296037786,-8.391959811992159
284,3388.175764417382,529.5737113353387,0.24020417414963816,0.05877987814316156,0.24934001250999116,25,9168,189730,-13.195340016788695,-7.802069064412977
285,2551.288648207616,532.8452799817173,0.45838011817178914,0.1541801901189622,0.10118940168482182,25,62243,1013502,-15.014561525118467,-9.59739907742022
286,716.3204907266519,534.1984205181461,0.24947909263843007,0.642235868661701,0.12357681015787665,25,65535,1194928,-15.193354344497553,-9.550142423311968
287,1580.1954827636312,533.9064270782656,0.4679708944904563,0.8350241971463914,0.16424063425531593,25,65535,602101,-14.449173371265342,-10.325494731228398
288,3263.64937297696,533.6160458039296,0.3328492862183087,0.21204762313408218,0.08660178762913807,25,12520,211095,-13.311194866806256,-8.293117554267738
289,2552.418905048564,534.3567616862044,0.30003813270322843,-0.3967781708237301,0.22642969197149646,25,65535,1131169,-15.133818736638121,-9.711748690386326
290,2881.0249999307566,534.4807654434775,0.7105146420027763,0.10420121628526377,0.40574225115173995,25,14917,191937,-13.207896756105452,-8.208796538109757
291,52.91306248030187,535.5933118463624,0.456814446257293,0.1722875247163262,-0.46357973096996724,25,19306,281999,-13.625618920663191,-8.696191463931514
292,3825.9797990606926,536.0956945540704,0.3557489222386321,0.221777731213476,0.5056901294315091,25,18361,262672,-13.548534452106097,-8.797811885138278
293,718.426706787512,536.6365575955547,0.3342950953772531,0.658543871199975,0.1960561033144147,25,65535,979477,-14.977485605956137,-10.090103370933008
294,2609.0754711606573,538.8865257103105,0.2128706549361039,0.34352833211433137,0.9326557868764905,25,10314,210499,-13.308125092525259,-7.987594981486281
295,6010.307863751208,542.1949922788735,0.20925789535204914,-0.11425907177164613,0.39058102023291497,25,8405,197990,-13.2416081391072,-7.330054026725633
296,4867.909145184746,543.205344998607,0.4045742020207915,-0.3227209689269188,0.18223700526900252,25,62534,929939,-14.921136154093826,-9.857486261585503
297,2137.8543066957945,543.373185172657,0.45474701743890156,0.5906872813848348,0.32342805176478934,25,21808,268446,-13.572142342773938,-8.997375542798144
298,6009.411025001971,543.8315690697326,0.2864539824545859,-0.06323139880140397,-0.15980358430146793,25,11389,216992,-13.34110930674229,-8.079105205117806
299,1822.448972906119,546.0529112288925,0.5234738913361551,0.8076664686672348,0.15892690907831938,25,65478,606156,-14.456461020895848,-10.226085435494399
300,5826.246303425327,546.0729726171394,0.5582655461858763,-0.10032438948016913,0.18824962234725762,25,38811,404429,-14.01710572392706,-9.546511933005682
301,2503.157930960515,547.795098805326,0.2032029894034846,0.3598101957676791,-0.08866460640827648,25,12667,233245,-13.419530856708894,-8.406434970044499
302,2058.1781077914056,548.6694114908278,0.20785372413654013,0.1992554099114391,0.7017768447015915,25,10199,205284,-13.28088775357142,-8.054497719590913
303,6221.621285205534,549.5963743749264,0.32830560352568244,0.07541562229603954,0.008989427679601751,25,12089,219061,-13.351412664663778,-8.156612152172066
304,5071.2810845332215,551.9106232559717,0.35488118225799486,-0.08679266239186433,-0.2658640826963852,25,12042,214136,-13.32672421479203,-8.086427413083916
305,2760.394417108646,553.3651111871171,0.5056759223285882,-0.08766485291820279,0.18608855854314515,25,27868,301317,-13.697559087048623,-9.254656731935427
306,4400.629054278058,555.5402510485138,0.3404439508168986,-0.13689430623444795,0.42191562941623606,25,34160,425633,-14.0725882303269,-9.58969922595031
307,1324.129260007472,555.0362684466594,0.2665372038692988,0.30095874100510756,0.41661445626971555,25,11376,210492,-13.308088986511429,-8.200688657603315
308,2502.0212213482787,557.7058275686517,0.5403628586309561,0.41845363115803924,0.22637769549064127,25,30547,297745,-13.684611192887942,-9.373549284572906
309,4520.194912131185,558.3002408532476,0.236508708197818,0.07826666277748025,0.46979632752113515,25,10718,208679,-13.298696867237181,-8.05079928109742
310,4035.111723797192,565.3014784099006,0.6029504357332026,-0.12704519505451875,-0.021915237722614386,25,65535,980659,-14.978795046065985,-9.62446881425699
311,2044.1882267117844,565.7307889682165,0.2486501790345937,0.14584062892393515,0.1253376005958174,25,10532,200601,-13.2558327341412,-8.101094742637843
312,4036.2201931936656,565.5882532186522,0.586419623208996,-0.128492471204486,-0.23921389519387265,25,65535,929557,-14.920690064146815,-9.799786362808673
313,31.835268538304682,568.3923745051477,0.3655796417646155,0.783392061984203,0.1701205890256167,25,16816,272229,-13.587335969592207,-8.546233240119061
314,5656.32521428914,569.4488373512071,0.4253569584679506,-0.36604588029421975,0.1856714346522558,25,65535,767048,-14.712056354731864,-10.217392365411532
315,2274.5925749071603,571.1957289623014,0.24706960290714433,-0.14538789386681583,0.13041101817361833,25,11930,217990,-13.346091428456113,-8.294780151294319
316,3374.432516632258,576.517912325568,0.31228503862361107,0.4187582919225536,0.4276656961993358,25,65535,1075445,-15.078970511919621,-9.809447441844835
317,1496.974996527699,578.0563717189798,0.21070662294009787,0.4767925131306222,0.46938022390490924,25,13315,247226,-13.482735355592455,-8.409095049661001
318,3376.7305504679507,582.2732204991108,0.3955924724489103,-0.12147524347318393,0.15409102030665156,25,65535,1115830,-15.118995083982053,-9.659989484143502
319,349.95042040003835,581.2039226084507,0.32764261940796413,0.47579372502861883,0.17941445198753017,25,11789,212472,-13.318254264828068,-8.166728480305906
320,3376.761427368808,583.134278478949,0.4479004756395194,0.09092546280204084,0.07194291347518599,25,65535,1110057,-15.113363199556495,-9.59677883701268
321,770.4310464218248,584.9596320612081,0.6031026352518525,0.13027401716183065,0.3849528285048504,25,26170,317969,-13.755961952593129,-8.927733798616657
322,6232.086425052437,585.8739115587529,0.43996766227577616,-0.06350771967512289,0.0656131223192621,25,13589,218655,-13.349398532095876,-8.224522786085174
323,255.83806464741866,592.1019722884724,0.2468032216133776,0.5290413831581336,0.02638828063830702,25,11161,214339,-13.327753000443732,-8.095411574809999
324,2601.9294734733708,591.4098978244672,0.3232222199930658,0.2178798386130789,0.34930174968197353,25,10983,199386,-13.249236652037872,-8.054352013539427
325,3970.166799001312,596.6940490655924,0.39835631241862834,-0.0495534746256902,0.35379598357944053,25,65535,959847,-14.95550502960076,-9.944839542484669
326,5406.004462228141,597.8898644567216,0.2628311607653325,-0.10512505409796295,0.18844423824448756,25,10816,207562,-13.292869616908966,-8.075160573719106
327,5967.588849333681,598.0684191532522,0.30216089444091054,-0.26314266242421336,0.1548681764945635,25,13604,247131,-13.482318066302641,-8.264032826032846
328,335.96356694333286,600.2249349974581,0.33438581101866954,0.3438406022367468,0.14171562742471616,25,10302,193910,-13.219000515899879,-7.910114395948283
329,3011.619174524007,599.8782372291078,0.2633235799330293,0.16489486466189393,0.08256287760448881,25,10370,198345,-13.24355314247943,-8.019062714790161
330,5874.942762596698,601.7393696856229,0.24785650442935553,-0.063937532036631,-0.39758544616070873,25,10525,215010,-13.331146647973007,-7.925519153396178
331,5221.148840627041,611.1536577400392,0.2101087596748113,-0.5372598514580893,0.33177169013599894,25,9501,232432,-13.415739797965218,-7.428508717106847
332,2328.5000721019196,615.7522198391504,0.28225692369152516,0.10314552614653452,-0.03350044318756611,25,11667,211322,-13.312361780742979,-8.217470850881975
333,1308.0350053034733,618.0065590050051,0.3077043253601226,0.18320578563892098,-0.015139449003464658,25,10137,191566,-13.205796077583393,-7.954331548706387
334,4780.277732992286,618.6168129590169,0.3046498888956782,-0.006683019404651449,0.761062811370768,25,13045,229269,-13.400863341806437,-8.304769082170392
335,3635.0449274181115,621.974229610305,0.20310113365036653,0.1570196893523365,0.5619828979135318,25,10151,207026,-13.290062227741943,-7.973224433221773
336,582.2186035889617,621.8954183231535,0.3888243585958422,0.28149459187619663,-0.0334792161406055,25,10949,192781,-13.212660571819379,-8.003268218089003
337,2361.2640139791333,623.309014357487,0.23930425681954237,0.5388547448966255,0.3297553135238368,25,26213,370427,-13.921756585978141,-9.408783958880738
338,777.8669346124132,629.9272453585179,0.2592417882980636,0.2869329043079915,-0.11012478685731597,25,9918,194421,-13.221857931459603,-7.932811959078421
339,2607.7429938904834,630.2733856697104,0.22649092771923876,0.5158080527810107,0.8118200200289163,25,10873,214847,-13.33032323455944,-8.0966982315378
340,4669.776307701953,635.5788398599434,0.49697431957593674,0.36548067226147174,0.3380439610633466,25,65535,625256,-14.490144669856367,-10.23176573515851
341,2450.3542522175962,638.0237960708864,0.23206969784137516,0.15710257552569976,0.16630936577271277,25,11222,210947,-13.31043338351838,-8.19335312231267
342,1806.8139114471385,645.6750573802618,0.6025502734523263,-0.20761819495795963,-0.30738235166806116,25,47467,418869,-14.05519554982211,-9.796738615243685
343,2585.333509873687,645.8033628741013,0.2891241492995409,0.14631713815005598,-0.1719569420094196,25,11757,211594,-13.313758371500546,-8.20091529169724
344,5299.6990595394955,645.1255924953,0.3540420239708315,0.34178165753090206,0.42487312628224994,25,14925,243019,-13.464100573631374,-8.479306120848596
345,2797.1456901474116,647.7736453941644,0.23625666497247644,0.3234840959542142,0.45776212834120233,25,12755,230033,-13.404475358411984,-8.357797076005834
346,911.9582601496526,648.0124162406412,0.3007613636446683,0.627050963079119,0.11600475138609387,25,12643,221218,-13.362051154034498,-8.292373641932809
347,5406.257124908613,647.6162856194484,0.44338657763676864,-0.19350766306276018,0.19372005434571943,25,17313,245442,-13.474872202899899,-8.635201471164532
348,4375.190257753522,653.8998256899141,0.33350305824380105,0.4040078230857586,0.5439772742605696,25,23471,321840,-13.769100048908012,-9.142015217224893
349,2971.5805313997075,653.8596059774878,0.3824547928211141,0.2917487098616586,0.06547650625923791,25,18626,253902,-13.51166530462171,-8.83610308464664
350,5045.64935191809,653.8501012948117,0.3979991870015544,-0.023858804245921603,0.051460002564406096,25,12544,211373,-13.312623778385305,-8.170513594262523
351,236.27967206058844,657.6482151495028,0.2006857983920081,0.08087419665719775,-0.2747129888319823,25,8279,180465,-13.140982464623983,-7.692528292046567
352,6161.955069176507,660.402700735137,0.5083677072794555,-0.640412264112249,0.3290614770209367,25,18671,326165,-13.783593390209507,-8.329468166312166
353,1961.5627791910053,659.5458240458642,0.26968137072713555,0.30397496515743266,0.07033136334829353,25,11372,208537,-13.297957803792688,-8.186017236121842
354,6161.340944900305,661.6714886364084,0.6332031842952885,0.11807080958953359,-0.1348283124920472,25,38762,420385,-14.059118028301016,-9.422254469860231
355,440.48314751111377,663.71498608625,0.2013312574573541,0.10155087565191036,-0.21276766910183303,25,8304,180972,-13.144028464988406,-7.646477081643446
356,5556.295849797974,666.0563120350498,0.43187702158803126,-0.353353866342193,0.31446521200111094,25,65535,777716,-14.727052584536558,-10.137589742814777
357,267.7517238578214,668.0292563139678,0.4364474334494285,0.8779617896718692,-0.12028766580074217,25,29414,368192,-13.915185870023466,-9.307974493649718
358,3705.9458468673674,667.6091344017202,0.3656785618185486,0.41799490700005953,0.20816791725311892,25,65535,775878,-14.724483594085541,-10.21382640675592
359,2070.8502063250153,669.8812795503687,0.32887291594093626,-0.026782534968725836,-0.2848474044817504,25,14211,231769,-13.412638367364115,-8.46596129547096
360,25.88874132212337,671.4602962966179,0.4585047572163441,0.8153666091030072,-0.14410749816930876,25,33468,403184,-14.013758222968761,-9.48516641415446
361,4756.162640771462,673.4721116552944,0.5360849010729748,-0.1451064156754549,0.28651782877275056,25,65535,579079,-14.406844539386244,-10.236120560841398
362,3053.5476767112937,676.0417625376788,0.5678004760210409,0.3453872855428498,0.09359766452733323,25,64221,528592,-14.307801464988914,-10.175312740477974
363,2332.3390504497997,679.6581810499383,0.2289702248550493,0.0628523038640858,0.04035447034127684,25,10028,198070,-13.242046753951222,-8.004711650052688
364,5039.970623744568,685.9876612659023,0.4247965908918906,-0.07948192248119625,0.2784549054426946,25,21723,280263,-13.618914416212323,-8.971803244964887
365,5349.768126651442,693.8827840820679,0.2635524285295108,-0.0202299391213875,0.18586612835330735,25,10115,200088,-13.253052608021601,-7.937485290987395
366,2653.561197586654,693.6043023500995,0.38159052196877546,0.21381256717543795,0.32677123953476794,25,59487,971338,-14.968425948076217,-9.65024297420613
367,1868.0774214373675,695.9789570935249,0.6133766620946527,0.5225281609432927,0.14169496305501503,25,50538,399660,-14.004226710101257,-9.906394406346479
368,5817.4391035780245,700.9763331149142,0.5543807648011488,-0.5389830643130702,0.242176107080201,25,12479,247665,-13.484661591142942,-7.624738274152801
369,5401.403947067779,700.0581029541007,0.37738302951198943,-0.29564400462523704,0.08097229129526651,25,17534,274744,-13.597320542135144,-8.6083224051722
370,5816.797767316813,701.8653742720813,0.20421631833497156,-0.30117598677977525,-0.04804996059698863,25,17749,311553,-13.733829843776926,-8.850736461331355
371,940.1452735691416,702.3362227999382,0.4684181440299177,0.4772916706308344,0.8038928377078313,25,20539,282701,-13.628318361812,-8.79278974081212
372,5678.262687975762,703.6196379201364,0.36769141201320293,-0.40457202491761224,0.1305628435411279,25,65535,755230,-14.695198082779061,-10.348280434140092
373,2084.1801254271636,706.5123231447996,0.3053329741654483,0.7195847084639427,0.48587276526681566,25,21991,311880,-13.734968813871593,-9.082581783717199
374,3820.7289359971383,706.7727224444034,0.3107705830967484,0.5165814212918531,0.48609950493061976,25,65535,828588,-14.795846598378652,-10.179638804144348
375,73.48712794353516,713.4810867047792,0.3112643167141199,0.5561383389592924,-0.35848382193534445,25,12576,229751,-13.403143525863943,-8.219491595052414
376,6159.451720180641,715.4846556397779,0.7305464004210306,-0.9921674794285216,-0.7022619366743612,25,58322,819391,-14.783727973634575,-9.489888659826057
377,6156.726010891998,716.713240921342,0.24029717943843967,-0.30939991715054976,0.4424879903333946,25,65535,1237863,-15.231681454932426,-9.824956674816384
378,2329.029727049968,719.5173989202933,0.356046126627965,0.545792058831997,0.09462636191742672,25,65535,754200,-14.693716320174005,-10.290835791369746
379,2719.5501220528777,719.9014345471123,0.3733935662796301,0.3692971408815616,0.0672681929568874,25,22775,290260,-13.656967977314272,-9.117537283503975
380,3840.721809795778,720.1176427681447,0.20527118417107137,-0.028326781846771187,0.019433974142189905,25,12748,236291,-13.43361795066605,-8.393064367093023
381,59.98349417915149,723.8007047510865,0.44708817922415856,0.43320115442508034,-0.11113390779455537,25,13790,211695,-13.314276501472087,-8.328566487818645
382,4085.0205971909795,724.2044294288694,0.5017201862089454,-0.23014945148917368,0.010736203165758771,25,53113,631688,-14.501256567005258,-9.760889467702787
383,6003.0143737980625,726.0526497155381,0.33548659629320876,-0.34572162120489247,0.2732962990488841,25,65535,1180562,-15.180222000033725,-9.60247005589217
384,184.0577688999419,725.2727906242891,0.3467459096020665,0.38082102774633186,0.12751921737517916,25,12411,214897,-13.330575881765602,-8.25205746213587
385,1832.4976513986767,725.3239830271117,0.49088234898410077,-0.003664919551697035,0.10225120906997327,25,34565,357463,-13.88307773962649,-9.536074389511722
386,6002.308245655948,727.0007847289257,0.3365193146484512,-0.1474529144606662,-0.20231550903100043,25,65535,1107464,-15.110824044110318,-9.948103186669826
387,5135.529301567836,731.8537596752842,0.2892125516107909,-0.11137255810014263,-0.03884286533175415,25,13401,231520,-13.411471284437406,-8.396509413265946
388,398.4577460818973,735.758822160834,0.3464929184479373,0.10060805416646461,-0.23344023663860186,25,10127,189023,-13.191286629022404,-7.899067092292416
389,1601.364357930765,735.6401946632875,0.20492567781831073,0.4550027554936746,-0.05498869629135129,25,11589,221583,-13.363841094908581,-8.268518811788372
390,6239.830848383643,735.8893803263521,0.22964381002070064,-0.06732004497320351,0.033841813296941366,25,9072,191911,-13.207749671106354,-7.759846071636299
391,617.5956390444453,737.6877752481782,0.2661954268696902,0.32104934280768305,-0.2437218797182183,25,10246,200494,-13.25525345104535,-7.9397775302740055
392,3722.0422768757576,738.013645848001,0.2067950724270558,0.06282562266048623,0.18294788582486507,25,9329,194584,-13.222767816996976,-7.853862305592613
393,2635.2426090052877,741.7220259502265,0.21130052856898923,-0.19943725931975426,-0.46989905073237986,25,12448,230904,-13.408578640899272,-8.34802466902868
394,2036.1518060036499,743.724797903898,0.28428188561380613,0.14017799273527698,0.1810565416051028,25,10903,201457,-13.260455905900175,-8.103825639050253
395,6024.789747228486,746.9883970201322,0.2719098358773054,-0.9644322026020951,0.3333971124589268,25,65535,1379356,-15.349190920846134,-9.36625944256276
396,6027.279270609138,746.134857931648,0.25512881082094574,0.7075930577742104,0.282061628492646,25,65535,1307008,-15.290695614600217,-9.325982800149582
397,3244.869846156046,747.1399001447005,0.26442071582514937,0.19489310293208306,0.22618119412121845,25,55024,636868,-14.510123569801847,-10.290556196166555
398,6152.259707628767,748.4894280117745,0.505294050571,-0.29436373768997987,0.4547318133779,25,12375,238755,-13.44488118833236,-7.728686569501875
399,4586.112857207986,753.6787463597866,0.47427139068064655,-0.05754349184123451,0.2737604063382476,25,22718,271660,-13.585064240890617,-9.020313602099499
400,5085.705411519829,755.4197981210812,0.4371274390336597,0.18576867279711526,0.22662748868084512,25,19633,264930,-13.557827848713568,-8.827622599859817
401,2646.6860109808563,765.3847394800674,0.4628004523947536,-0.02665735876892152,0.11901818980746948,25,65535,623592,-14.487251337579128,-10.252389478243412
402,1456.1327998818597,766.0085931759066,0.5467715682312889,0.2915306947292808,0.13007429389981356,25,15505,212167,-13.316694588965056,-8.388508201263772
403,5533.032116865055,765.8919042201115,0.32693708983659964,-0.5587489269844623,-0.17797984172104309,25,26971,409150,-14.02970638878029,-9.181161109722597
404,2064.2353117343923,767.6996033462389,0.2132938486260111,0.0642124898042387,0.03265184693693688,25,8814,185945,-13.17346126203992,-7.773323261683457
405,2955.6267288719596,768.5002424557127,0.564075111086426,0.148531455378207,0.3455343233198882,25,54917,519706,-14.289394326941935,-9.892175645004581
406,2418.015356038886,769.2091288854141,0.4038003261895407,0.33007964978109194,0.4259243368614442,25,16477,234343,-13.424629963375612,-8.663005670690389
407,5456.5321944453135,770.2965327998156,0.45343283847374877,-0.008299119494931537,0.18659029149178044,25,47517,534914,-14.32070991146581,-9.852601720729652
408,3491.9626115105357,774.3600557984809,0.26572426914283964,0.22926322787772832,0.4159539683279502,25,13370,227649,-13.393164367277821,-8.455624583657444
409,287.9337436614409,775.9468334574923,0.3296815594584597,0.5461060529411841,-0.12446567122933963,25,13319,226367,-13.387032788153462,-8.360931096836167
410,1123.4249331120513,777.0556398340213,0.22638837708309503,0.8887381468475578,0.06423595498073716,25,36851,535442,-14.321781085472612,-9.747334960905595
411,617.7848368648115,777.5149227502598,0.3471951224806292,0.5056642102584571,-0.048755069410635496,25,14271,230436,-13.406375819907694,-8.471801776863629
412,957.1365946056848,777.6969112198835,0.32026954316513345,0.10386831474754617,-0.49124592425010255,25,15682,257267,-13.52596020554687,-8.588390579215044
413,266.59352316613547,780.1561678977125,0.2619152061861253,0.814415968778105,-0.1399472647680192,25,13110,249735,-13.493698530905064,-8.290077349884784
414,992.7563071726249,781.7115980284543,0.2809492134607742,0.09876602588160568,-0.30241329166090036,25,11289,210856,-13.30996490891689,-8.119762865249292
415,5525.4522726950545,783.8021451767744,0.26580258198298995,-0.119971624401282,-0.13052564608021677,25,11339,215987,-13.336069030676294,-8.088089843684553
416,2663.321592240835,790.0469304999481,0.9710388788642985,0.5472638242059037,0.06411119875916386,25,65535,468182,-14.176036781352462,-9.697345805310833
417,4606.240805979844,789.3186301230695,0.5457749190541958,-0.15933295588597898,0.387089816722492,25,50271,438209,-14.104203232298358,-9.955896737238112
418,457.69628584801774,797.903276709165,0.44518904095296635,0.7858938614224646,-0.21820771058801683,25,29544,355644,-13.877538715497144,-9.333207750948054
419,1700.901585024045,799.0957978375119,0.5833702091134945,0.46990554612703844,-0.22046616923168208,25,62309,588106,-14.423639025505599,-10.032175176810622
420,579.6539873559379,799.9154628890551,0.2851453068970445,0.3061967774478535,-0.20521932752688357,25,10869,203413,-13.270946762418758,-8.048785610441044
421,1251.8361340503611,799.8516571596048,0.3527542478539727,0.2191795120232187,-0.04188856190649714,25,11710,201157,-13.258837875122758,-8.167446848051005
422,5054.31281506503,799.5549509151006,0.3539571257265894,-0.4305744317260062,0.17626137826361982,25,65535,802609,-14.76126006338996,-10.309014619650105
423,3328.4187625405607,803.5467981215584,0.6291940032222555,-0.22864639083659666,0.0555939673070406,25,52641,404721,-14.017889348682795,-9.941000790924491
424,2529.2020893311123,807.0626591972978,0.31067597270116365,0.5523873628024961,0.2686793696091476,25,65535,853428,-14.82791721866003,-10.174935294118937
425,71.4182722578316,807.5017699294593,0.33577349764797865,0.10512886912017098,-0.661588828196415,25,16023,275141,-13.598888278473396,-8.484147699120662
426,3882.1017201403015,808.689229823221,0.21055053753428402,0.20496419778868924,0.6292537945341733,25,11453,218647,-13.349358807193454,-8.198952961741199
427,4547.855386699702,811.2758941539407,0.6103154272206524,0.393324010010717,0.4739198294792338,25,30072,300783,-13.69563321664385,-9.238931157036328
428,5522.449522173347,816.6238091490887,0.2889212134017062,0.13964529181146135,0.4898916626191154,25,16139,276062,-13.602516575036276,-8.566631568260789
429,3721.0796095283476,819.124228295612,0.3243991324766005,0.1869062382870433,0.09704504222688676,25,65535,765051,-14.709225967885056,-10.280790472076147
430,3443.1028773689177,821.7644768306047,0.29671751262574986,-0.3025550142781582,-0.44910816619901817,25,12224,217792,-13.345104807699242,-8.233492278336074
431,1928.986458808512,824.935005447834,0.36943513071936007,0.5995516903787654,0.27301374482509677,25,63366,683072,-14.58616620852541,-10.29363356988309
432,3853.8465981949867,825.6585175139196,0.27775731971801276,0.06895993050249385,0.13317308432760763,25,10232,197736,-13.240214361423243,-7.985262043333031
433,4057.979093122246,825.2005241163051,0.5261553547986185,0.2725688292124576,0.49585703592708197,25,26845,286951,-13.644519356413012,-9.20448096144194
434,5283.515023158532,825.9289316985651,0.21840150196400512,-0.053204562586122196,-0.6507348269376992,25,11855,242281,-13.460798393797146,-8.150535086303154
435,5285.462127852732,825.924203338922,0.38106156205772,-0.20718773246175162,-0.07963306191620965,25,25224,340431,-13.830072751298246,-9.148394107603663
436,3274.266157209431,828.0004946705004,0.38075603876977177,0.0929016452904377,0.19227942835459272,25,14655,222511,-13.368378713811655,-8.489389001926508
437,2366.652573442616,829.9344822307438,0.5109979036998886,-0.008167237952344421,-0.186738772904885,25,29242,311266,-13.732829211770447,-9.305684322302925
438,2618.6084337866423,829.8920759414655,0.42530683088949467,-0.05163960399176404,-0.15064080439450553,25,18560,248487,-13.488259182110525,-8.78861597053037
439,29.796968788015008,833.2724754196059,0.2426921235397644,0.5321062547604748,0.5410888943290014,25,9411,210767,-13.309506534854476,-7.623597663267068
440,22.36152006035612,830.7401529976227,0.22917993002624193,0.10419634219418925,0.37963691643400893,25,9591,199466,-13.249672196538317,-7.859316426192345
441,1809.1824076429489,835.9210737598867,0.6556582302091037,0.9782974386977518,0.35599427517323035,25,65535,605401,-14.45510783496947,-10.0371934771357
442,6124.0138134584895,835.8873128311301,0.508989113916434,-0.4348295951923931,0.08747361501332851,25,13802,252439,-13.505391127780948,-7.951664880614947
443,430.5206591218367,837.1598989599078,0.46183376090701206,0.14369583820881396,0.07481367193405909,25,22167,296361,-13.679552628841773,-8.928934533947047
444,6122.858828097118,837.4855812096625,0.37020245157895876,0.13066428852367426,-0.36471874753230465,25,16930,285562,-13.639251037449496,-8.504069163227879
445,3768.50866642579,839.5481890438555,0.49980347496429034,-0.31246249656976743,0.07328082481032647,25,56046,484143,-14.212434142428428,-10.12903876251563
446,1487.2428466651472,845.9172231937425,0.46427417094182144,0.9778406332648883,0.1597152365254922,25,61966,686080,-14.590936898351597,-10.121083490570811
447,1440.3208495193792,848.1955529055017,0.4291886686441987,0.8571681987562337,0.16412791432294935,25,38698,427632,-14.077675490777253,-9.697581096995089
448,4231.206031839622,848.2297794369553,0.22011234866972068,0.17802672828304797,0.6188578191703915,25,49526,729416,-14.657438213716338,-9.900745309821945
449,1126.4650051250646,849.5243451099506,0.22115654916053556,0.06851556061116838,0.021249190939264348,25,9183,190326,-13.198745300791522,-7.860189186552468
450,771.4504847577509,851.4117047041976,0.2533064051504486,0.5535505283329529,-0.1312869604326715,25,12042,224114,-13.37617246745139,-8.262943263764342
451,676.6505231825217,853.8851693521093,0.4914896796879505,0.688119523002915,-0.3071813562413378,25,44036,485088,-14.214551328194498,-9.769768338601413
452,694.2646844074544,852.8937960914441,0.3438131386943854,0.23565352718392546,0.3810889280902452,25,13872,231571,-13.411710427701545,-8.393602947137355
453,1532.8695848605103,853.9267130677988,0.24743375630631115,0.2078004498405123,-0.29959079774710956,25,13563,239529,-13.448395253432071,-8.476370083475683
454,491.88300731707176,859.2332204355827,0.5009307227956237,0.8828827860849499,0.05559849146988428,25,54660,568021,-14.385910980190967,-10.04165448442918
455,3470.6391280875973,861.4410316727766,0.6129052123049954,-0.6035740806162344,0.017624383002086824,25,65535,573482,-14.396299477897687,-10.099872645287098
456,1852.4479716498597,863.8853936252492,0.3425449082783197,0.1072445795426013,-0.07135827961932574,25,14191,224405,-13.377581323173967,-8.474493808485622
457,4115.065164509045,872.8701810425748,0.3510740186069215,0.3575429028550108,0.6591735900675086,25,52721,720017,-14.643356876213701,-9.900908403001376
458,3267.968190378352,871.7144361702873,0.5643563816187106,0.16497859132673545,0.13468791645572478,25,22524,245455,-13.474929708122644,-8.947258496826416
459,565.025982584236,875.8344863432632,0.32148760568508306,0.30150063546732364,-0.5197976913546968,25,14187,246051,-13.477562836081207,-8.414862699776855
460,4289.848840130796,875.9924892413701,0.6155747058761124,0.10948664695140994,0.14477083861634804,25,26850,265842,-13.561558988989312,-9.120754363645272
461,3477.374867305839,879.6899194185352,0.3281069871386864,0.26184562770643155,-0.08602777122679128,25,16010,244003,-13.468487914980392,-8.661178065070679
462,5659.895081799985,882.1842904554545,0.5890909911207677,-0.2663441781426788,0.21634493669418936,25,35256,377821,-13.943215232896888,-9.337501527778896
463,5185.255794208798,883.4871131272782,0.6366791125629392,0.494499534776017,-0.07371723635386372,25,45178,444155,-14.11883638867345,-9.631993234648252
464,1518.2000374534778,885.9353311648845,0.4011870300191712,0.17638479016004305,-0.025102710165451722,25,11294,196259,-13.232073954125578,-8.021609463011988
465,26.419647257099857,887.8274952776926,0.28789972774704486,0.3953301910918762,-0.3217536759198455,25,10919,207491,-13.292498159426236,-8.06946958165845
466,2047.7150447258737,888.7591001983599,0.2094710922181754,0.4005294711079104,0.5339859535552065,25,19668,310213,-13.729149984257829,-9.031911018271508
467,3340.555765494826,887.8305069172267,0.33765855956876717,-0.08962027542486743,-0.18037833008031415,25,11661,205241,-13.280660305026384,-8.13014727932657
468,4326.9636801662255,887.6548423097292,0.21870986966834396,0.18294186679104613,-0.3165533729216357,25,12605,232671,-13.41685564101838,-8.380524291937277
469,6054.245357786844,887.5296183348603,0.2390401315643157,-0.102910190684031,0.09902766902879485,25,11860,225839,-13.384497355290442,-8.237819502700146
470,357.3306485799463,889.2174395095545,0.32298055433870065,0.7828413148070693,0.8076783048433495,25,12791,252373,-13.505107225694935,-8.116289156875816
471,616.8808555318934,889.6221222931669,0.43661327473337586,0.05807498653903113,-0.4363372551971765,25,16711,249580,-13.49302445094695,-8.560251718211312
472,679.4606982556866,890.1716454767196,0.48385266164104423,0.6702392329903218,-0.14985897551728478,25,55762,626670,-14.492597261537263,-9.925280469891256
473,5650.481739984431,889.4771726871749,0.31354573623184984,-0.3207042766985552,0.08317883889421908,25,16680,266801,-13.565468632579682,-8.694084255721828
474,358.3997155998165,890.6524878684644,0.34714893527008056,0.19995880962680063,0.4056685558996374,25,15865,261269,-13.54271970755962,-8.549956289515652
475,186.26748881788018,893.6077674896119,0.36912700620050404,0.1975564982203402,-0.13448074405563795,25,10361,189153,-13.192033084176503,-7.920580370650497
476,4298.9937843186035,897.5668656104123,0.3602359344408786,0.19511137542270948,0.2647543598523335,25,49062,536224,-14.323365619950364,-10.037607398307015
477,1076.1638164724034,897.5264150155443,0.25325719135764524,0.15956393379571115,0.1100981763601138,25,9230,188510,-13.188335983564418,-7.820144390376567
478,1953.7790218491646,900.0248695489253,0.40038737607640223,0.4963775330290265,0.1699263727595308,25,24650,297200,-13.682622012721344,-9.202238842769994
479,6010.054497218981,900.1671338382274,0.2787100794067648,-0.13848505917737164,0.2668162527407663,25,13042,235318,-13.42913787150662,-8.300951088193552
480,2525.2651026518283,903.88845406457,0.30007211731135114,0.4818885497497732,0.33191119646336736,25,18750,281260,-13.62276993106622,-8.881140775863797
481,576.982001000462,905.3001719677934,0.2151852267041339,-0.05271209043085664,-0.404335354226458,25,9574,201099,-13.258524777491834,-7.83869231073786
482,4042.5378328930246,906.7616794368314,0.37868676134281404,0.5010212786645187,0.6203720276066381,25,65535,860529,-14.836913776803495,-9.983740729498425
483,260.1547340933289,909.3073672758562,0.4184929199045383,0.40985921931799135,0.058991674922204154,25,17454,252756,-13.506753684504906,-8.689776349555359
484,807.417393779761,910.3750076841686,0.3471021192930346,0.3085168448072037,-0.03202634826153752,25,15693,257941,-13.528800948002228,-8.408280423981726
485,4854.3775343897305,908.9712077817421,0.36902725604294334,-0.2427804988513651,0.4545526402808438,25,20675,287630,-13.64708545319032,-8.964559855502136
486,791.989980436711,911.5344731070397,0.5729110796831062,0.7088172386768813,-0.0015342165450501885,25,65535,571306,-14.392171962887275,-10.208664282003676
487,1313.3772226624708,920.2132965944024,0.27912335740140864,0.5039828078304209,0.008847479363494415,25,24964,354004,-13.872520423200863,-9.257056326250657
488,1500.6231152708888,923.5331399374621,0.5194663751170994,-0.062462751261767646,-0.139630021410278,25,42690,403442,-14.0144527702568,-9.775407449796132
489,2392.4428640076635,927.8668161798466,0.4024203491130651,0.40249123281876203,0.1721324050865503,25,65535,760218,-14.702345370902936,-10.179720921461923
490,4517.225561270859,927.4115426627085,0.3099321009389967,0.2780979441945073,-0.016185758293155005,25,13829,235958,-13.432086765989714,-8.409119255695545
491,6133.775178521801,927.150674780886,0.36406466638912327,0.25106620787878253,0.42828572311929036,25,12963,227121,-13.390643229235744,-8.181404883547609
492,726.1504194172145,929.9770648456522,0.36572672946551427,0.6458779632019244,-0.05940099628952652,25,16622,251593,-13.501746384225761,-8.650180048323325
493,4989.655395455341,931.2424622831719,0.45007295247294654,0.9068786949209771,0.6025188920862949,25,65535,1226497,-15.221666225658826,-9.306938272818279
494,4743.0094086276795,931.8240383118969,0.2548564094702793,-0.013982602870203477,-0.3472278064752382,25,11339,216173,-13.337003624097965,-8.11993508477205
495,212.78128335912143,933.9925344315684,0.21223202335762095,0.5438205946737735,-0.3349392431376257,25,11187,229154,-13.400318606196894,-8.118812532735062
496,3134.407867594747,935.9071645038507,0.45816496644384624,0.05073831988933903,0.033712227359536294,25,25280,287716,-13.647410034622379,-9.182261576305756
497,942.033221295496,938.0800289015781,0.49637020543981714,0.6558332704876737,0.051885906781109235,25,23563,280354,-13.61926689212904,-9.03035182734653
498,2356.351310864755,936.55438981171,0.40327630093298217,0.02120637318539757,0.6571417160708612,25,19596,276563,-13.604485193855938,-8.818101128206877
499,1942.3962055454285,941.6497616098724,0.3185924273265942,0.025917150526516226,-0.01908193242486723,25,11895,205602,-13.28256833739296,-8.24678005687848
500,2036.3206832689177,945.719548133643,0.5009861415042909,0.1566982757656042,0.003154366684076024,25,33080,326993,-13.786346139342513,-9.50385106295061
501,2477.5600794272173,947.7134181641442,0.5104960349203942,0.30917261101644367,-0.05500308816307093,25,21315,256163,-13.52129100188755,-8.876153294916314
502,4227.08597924104,952.4070110448025,0.6181574630658718,0.48650784904020833,0.7136037521305701,25,51527,518730,-14.287353413784318,-9.752453906319266
503,1874.8662590771169,953.3380052635301,0.37886175785601134,0.3335647330126739,0.0734510872400722,25,65535,714095,-14.63438998053032,-10.291109259731172
504,1299.031605789834,957.8787226342624,0.2178565613683358,0.3651100543889725,0.31983103731034096,25,11560,224169,-13.376438886171535,-8.178661717524724
505,1069.8872761258285,958.4621459093839,0.31773606012392913,0.6647666249126822,0.6107634302677712,25,16690,267234,-13.567229280775706,-8.704371369702223
506,3113.4293977870325,959.7060044239475,0.2812817327016627,0.22714307296998215,-0.0627315268662512,25,12910,222414,-13.367905301827477,-8.384016999025723
507,3236.269024688766,958.746782686134,0.21752497734726586,0.0037498646233140092,0.5543690014933593,25,11090,213274,-13.322344785778068,-8.207281169737723
508,3408.737436522619,963.6714090600224,0.4672968579984477,-0.15917910827217124,0.13005046945435497,25,65535,685118,-14.589413444553756,-10.163830961035385
509,3453.1382121369006,963.7668682115021,0.34992386937105663,0.3602122678693102,0.37720503757597273,25,21142,286807,-13.64397436700365,-9.021780660898553
510,927.7157646762217,963.4401358349894,0.5436981115359606,0.9076800879130325,-0.07730568846292729,25,65535,638747,-14.513322183496824,-10.179214583168243
511,1877.1151288586188,963.7148543003694,0.3156007998001701,0.38894569312351013,-0.2821743037155936,25,15957,251830,-13.50276866369864,-8.61954507782523
512,656.7642144496959,965.35683528303,0.38842855108178787,-0.09846080328664499,-0.21428764723956514,25,15162,240853,-13.454380150347657,-8.446244808408363
513,2493.3455739810197,967.8900848936954,0.3087193495177747,0.28646327946370015,-0.07145413487283785,25,21693,298370,-13.686887885729496,-9.112550843489501
514,1480.3460380311194,968.9291705979999,0.5326917942558762,0.10959691921787133,0.4345316664793661,25,39519,402318,-14.011423659142519,-9.611555906967661
515,4528.267545849231,971.8342843237665,0.28914354644833745,-0.04377358484350146,0.12419766833375434,25,10256,197753,-13.240307701645058,-7.962641320362965
516,5881.881519949699,971.5580478821881,0.24805207079899752,0.009228306170846913,0.22046477803652614,25,8960,189143,-13.191975682765701,-7.695863068202847
517,4733.336191052176,977.6314048741805,0.4901321803685528,0.46097400989543486,0.17481131823181592,25,59604,608136,-14.460001783069485,-10.063575663609432
518,4070.101207971626,978.2421612794402,0.359779025168376,0.23128100075314575,0.901988125663524,25,16531,253282,-13.509010817168397,-8.644416513762618
519,2312.655418735911,981.8845112709365,0.20695379635891575,-0.004547005121920829,-0.17214723909068688,25,9671,198515,-13.244483320205067,-7.948465484701478
520,2852.1738496751154,981.0450570612179,0.47800001671514836,0.14790641011635178,0.4301858670994302,25,39136,380319,-13.950370056160011,-9.72720085647612
521,3639.731324821112,981.5883992121447,0.3853315622731191,0.5906298556633205,0.17237757260831196,25,65535,739286,-14.67203120489486,-10.236450583360098
522,2299.9152232429597,983.1208422690472,0.28257568548132445,0.2755648745938834,0.48139384070990043,25,11222,205950,-13.28440449073109,-8.160060466782305
523,430.33696143631346,985.1105870558771,0.24844969589387778,0.12263800810504569,0.24347305393558755,25,9195,190669,-13.20070022208363,-7.778160320484058
524,1947.8513830763623,988.102219725542,0.21463893657093358,0.14671656508615086,0.15031087236407886,25,9604,193571,-13.217100734143763,-7.9361440861265535
525,2402.2793757719182,988.6813547199093,0.3774518661808674,0.7392373872358021,0.4086324343423208,25,64022,830855,-14.798813094374468,-10.069692245073472
526,186.2079436507497,989.2643447634147,0.4107485939870179,0.40381661937163704,0.019464654727747124,25,19295,271288,-13.583576459624751,-8.837595287816152
527,2526.08260248669,993.4609797702749,0.3080846815375324,0.11780594223946539,0.23469236661077847,25,11288,202364,-13.265333138107863,-8.14792866449485
528,1804.0479036369609,995.5425647770745,0.7011736511298118,0.3697262646179397,0.2119349331273522,25,40012,313244,-13.739706902742109,-9.558025029038921
529,654.3978906601441,997.3197349754245,0.31397406813041495,0.07888106593482236,0.06719690268266557,25,11295,205012,-13.279448206069338,-8.119710080972165
530,1651.3491773042904,1003.1181015088615,0.2695278911418779,0.6428632368341402,0.15391623215197126,25,45267,563059,-14.376384761692824,-10.023706591270242
531,2272.0655746520983,1006.8573890192507,0.2757388329637573,0.2364487508916747,0.5793723455528014,25,11477,210729,-13.309310765613995,-8.182269257290775
532,3392.093659686448,1010.0301609565621,0.6281080911682091,0.16916932654093364,0.156129851281729,25,40469,329190,-13.793616584798464,-9.636455284750754
533,3665.875233378527,1009.4689061521042,0.3956861426054832,0.429293176920248,0.14750111949855474,25,65535,695116,-14.605143212756392,-10.303513457603994
534,4545.651053934353,1009.6015312654587,0.26056278810274447,0.0826995241178016,0.08129084461235651,25,10677,205234,-13.280623274008983,-8.058658795088045
535,4688.894664618324,1014.6719515771879,0.36466071465696703,0.020825571723559307,0.8197772956911157,25,16536,264753,-13.557102224838928,-8.544632844004273
536,76.11862909391557,1013.7077660975033,0.20712366601316118,0.21182980356348585,-0.1481276165139185,25,8661,184850,-13.167048637272813,-7.795896048390924
537,4471.484776744829,1013.358595385969,0.21414181270187732,0.2381350269778228,0.14036600825423962,25,10315,208352,-13.296994184167005,-8.04862621229469
538,2770.2114850458565,1019.4284590014498,0.24402113029023367,0.050866700529539954,0.2527059033743869,25,10034,196486,-13.233329028771596,-8.020560733201902
539,4504.339433661812,1019.1749376312141,0.5256374166684115,-0.35387654955602743,0.3043771921771963,25,65535,641658,-14.51825903322411,-10.17526559333672
540,4042.245472208714,1022.0820965463454,0.5115404386792647,0.07473439716596955,0.22918693927500405,25,26219,284627,-13.635690238271103,-9.17388678216594
541,4847.971547981306,1022.749160561035,0.206985442918379,0.08768650061566195,0.7426700741975172,25,9284,198769,-13.245871632010143,-7.804877440563991
542,6146.262417569933,1024.7954999062704,0.20451043802038393,0.11587155981236016,0.6197066713849707,25,13356,262290,-13.546954332770138,-8.27757043835912
543,4383.755644902849,1029.4531224132659,0.49179438948434845,0.2512557631006823,0.255282274084297,25,23790,274467,-13.596225338454884,-9.075287482804335
544,2287.5956028982487,1037.471085761125,0.31551496715482147,0.36745275644104236,0.11527254566339322,25,13671,225858,-13.384588695228066,-8.436392257505432
545,2527.0553015767923,1043.6340312735426,0.27991544664157686,-0.3214422648518968,-0.41666787356767715,25,13990,235600,-13.430438215287662,-8.482088083802722
546,3281.9286765332454,1046.0724993252888,0.444729187218167,0.26997122017985326,0.24785522969084628,25,37198,371174,-13.9239438678703,-9.69283081323735
547,3602.159401815381,1048.8887506989652,0.2122573032598194,0.08325842589172464,0.5544238645802891,25,10146,205625,-13.282689788235125,-8.007729738153431
548,2238.8509712598675,1051.9026150088068,0.3566607258541734,-0.05638616152663801,-0.2690195962892314,25,24927,317541,-13.75449952032332,-9.247182756864735
549,4987.420199849576,1051.956014929154,0.2125384138555358,-0.11852765145399342,-0.02778729994305169,25,12732,235345,-13.429262439945441,-8.36785759271374
550,918.0767692146316,1055.5741297908426,0.2513143731100929,0.19800956762328423,-0.0017033558464481452,25,10310,198512,-13.24446691220957,-8.041148687511004
551,3282.032554270864,1060.110732565983,0.2017969801518699,0.1272466689606682,0.26571821072211826,25,9958,201078,-13.258411392289196,-8.011560016314679
552,1966.4993283606661,1063.4407662953893,0.4703518430512495,-0.10408049760692678,0.06924621006587733,25,63577,646984,-14.527233851603626,-10.148718076845938
553,2618.1457119180477,1063.3631260178693,0.22792956802134956,0.08659005691427127,0.31423065572139763,25,9371,192504,-13.21109939512921,-7.881209772565761
554,3099.3085075283534,1065.9289742475921,0.5974731708461942,0.04952964714612769,-0.3111164981002705,25,35959,336255,-13.816671877182404,-9.452589733831877
555,4186.754875555791,1069.2485925687472,0.22322905581932512,0.04237874242221329,0.23542828932915194,25,14749,252180,-13.504276600972702,-8.622293141865926
556,2939.577604936068,1069.9906657266395,0.4392063609247212,0.3817666858156682,0.14141184825171615,25,59149,562018,-14.374375562834969,-10.188257357594415
557,4120.688911407199,1076.081513984048,0.22959737512093156,-0.03469902342191201,-0.03111592263952473,25,11182,216802,-13.340158210636323,-8.148180031931194
558,3411.1822288749167,1078.1730280449744,0.23384443635903493,0.3633236381481592,0.5328446819221326,25,12977,235540,-13.430161676795331,-8.392022346526314
559,4461.722613064755,1077.4622976497367,0.3046148909676732,0.10010744431410143,0.20354947509527718,25,11459,208112,-13.295742807250935,-8.151451738276345
560,4035.6039651242645,1079.5928620807426,0.20760831564408636,0.10492773803368222,0.09744268660375645,25,9707,201643,-13.261457875378802,-7.935811068040103
561,875.9636128319258,1084.409475092505,0.40580123807391766,0.672677018093534,0.6666149236871451,25,22161,309071,-13.725145643272734,-9.000537378850149
562,4390.478533237313,1085.1832144548323,0.3601432944397008,-0.20572812061558104,0.3204623242316824,25,14905,236300,-13.433659304080923,-8.484778707684383
563,364.42818218090406,1086.8161140758295,0.24716285100940633,0.9678338321639987,-0.08903197687827231,25,54685,809305,-14.770280558832924,-10.226502800905248
564,3562.642102730837,1088.0901294360835,0.30985151155384133,0.029316100939653,-0.009975661323276066,25,18994,277302,-13.607382504686012,-8.913628414115948
565,4424.242928241499,1088.5778049404012,0.3320057203098988,0.3469989119528337,0.5979701456341144,25,65535,922375,-14.912268808382517,-10.010944736182058
566,3935.813989140519,1091.1882006281871,0.32027695571724624,0.2198390489087801,0.4163160841831205,25,11464,208850,-13.299586199002851,-8.096471728435116
567,3960.3349031157345,1094.8973508744361,0.2147992762592313,-0.033160701427303554,0.5276081951933915,25,10702,212530,-13.318550605552428,-8.094915426717185
568,5063.842529612462,1097.4766182888152,0.22099340098071438,-0.004053232445241239,0.20808764159538357,25,9965,201651,-13.261500950106615,-7.996254042836043
569,960.2811387068934,1099.7179449659836,0.20497944699728918,0.08093808034133612,-0.20354009546373475,25,8819,186383,-13.17601574452339,-7.803569790841173
570,1389.0183136344149,1101.6629216185745,0.22712094907660965,-0.10413861112972543,-0.45775670230902094,25,11209,213561,-13.323804864439499,-8.197550122928302
571,2800.7828820977597,1101.833835044715,0.41093567578804907,-0.22524291063073335,-0.2918180150464759,25,24532,296243,-13.679120242715948,-9.179563245362623
572,1987.5553341112677,1105.3826953335922,0.2085068188506305,0.15239739981278275,-0.2167390994705415,25,12982,240486,-13.452724496995813,-8.39834734931747
573,4834.183796522662,1105.217824146153,0.524984580477983,-0.06315893100060051,0.41404741435161924,25,28781,305652,-13.713068104732313,-9.282590476037667
574,4703.630771142539,1111.3378032727749,0.5526803675793948,0.5553508533336331,0.22192733969701217,25,65535,592167,-14.43111050392993,-10.188236974348499
575,935.972339177943,1114.1693282800115,0.26708730206068043,0.29944120036451066,0.08479681713453939,25,10569,201739,-13.261974659358378,-8.030895714285002
576,5257.020435565229,1114.3461853219467,0.44923937692924754,0.0461270166918262,-0.1742902029032611,25,46904,578343,-14.405463708618536,-9.735292458079964
577,3792.148071198144,1115.7062705007045,0.2261096928016315,-0.021795416444444746,0.16359204529677268,25,9813,198247,-13.243016560045934,-7.948094831742457
578,3804.556872426606,1117.217528083374,0.32629789780073465,-0.04362014774755006,0.1324789785688758,25,40860,460966,-14.159172234531994,-9.901428808356501
579,2412.450917716474,1119.4797824763982,0.3820713900553074,-0.3057742517813508,0.07576010110300295,25,52315,559247,-14.369009157661765,-10.058864881697778
580,3607.058208884563,1121.2265527544607,0.21133917973137456,0.12367390486995314,0.1977789145811101,25,12553,231211,-13.410021230141764,-8.368310029599632
581,2859.0905357231813,1124.1000540051473,0.2272935026642799,0.2664695109610233,0.4908573231611438,25,12012,224849,-13.37972740103578,-8.293471155453968
582,608.532272880946,1124.873511702049,0.2245984754118327,0.04473215918744436,0.15746636517793922,25,10824,214420,-13.328163229190563,-8.084273832337946
583,1838.456027752485,1124.9914429678454,0.3808420027202731,-0.07960742699450878,0.2927832731925975,25,20595,279266,-13.615045161386307,-8.969263543628493
584,3639.830841426039,1123.900952291213,0.2512815561310061,0.44673016617576844,0.9837122497981597,25,12276,229502,-13.401966186395391,-8.249866773668765
585,3340.11436587908,1127.6972264258297,0.6331254267397024,0.08400187592807146,0.15451456879185516,25,40499,325356,-13.780897050287752,-9.642742925767314
586,5996.332226786617,1128.0150164750232,0.30217969099312875,-0.2110038799695563,0.14437522896580923,25,18466,292473,-13.665214449616077,-8.823784240725331
587,4865.268138960404,1128.9951716287133,0.2395395415784107,0.14672053202356303,0.3446464483116114,25,48802,626363,-14.492065238802779,-10.152331729368276
588,863.1905059899807,1129.5723703138553,0.2634855214063545,0.481815176160307,-0.5177770546067807,25,10366,208313,-13.296790933535881,-7.911146546009182
589,904.6409688355582,1131.735709060444,0.3674963251802706,0.11000117406294585,-0.2937484442993391,25,12781,213465,-13.323316694269941,-8.25424335337597
590,5307.927912644535,1131.3776752011127,0.3999095481508447,-0.008334311463644503,0.3300287291048268,25,65535,747798,-14.684460748227217,-10.255965667493761
591,3330.3056482480374,1136.288005328785,0.39851181183126266,0.3153174165485568,0.25969244030676725,25,48198,490322,-14.226203449535246,-10.013288484100393
592,3402.3419694454637,1139.5004213552631,0.27951002127552127,-0.30791157320675483,-0.006788267039731986,25,29710,384549,-13.9623792158297,-9.54062331068973
593,3109.9819539559808,1138.7479880043982,0.42640954661861985,0.4036447975016955,0.6288659667783151,25,23701,291216,-13.660538080799089,-9.11655513925473
594,3519.149679514914,1139.9658989571224,0.2846734482762114,0.01355136685230413,-0.27866256470433187,25,14699,240881,-13.454506363626217,-8.559337625837863
595,3183.8988164644607,1141.624214334402,0.4606241880788717,0.24063725551598433,0.18614413461000304,25,21601,257869,-13.528497840240647,-8.990548180140392
596,1216.319740906352,1145.5725164613189,0.265107268043164,0.09408473479314075,0.054952103822502645,25,9479,188617,-13.188952082528566,-7.877920159748847
597,604.2129329780627,1146.8157823443423,0.2887105993196488,0.2767002649863125,0.40395578017069117,25,12468,223873,-13.375004297613478,-8.288357529789408
598,1510.4295468077796,1147.121660500434,0.5811734542749291,-0.009528128378033757,0.24854371812487705,25,52482,476956,-14.196195791213526,-9.916022106860861
599,2110.2054297225236,1149.2680467037694,0.5354246660910292,0.20051778807952936,0.2749844217126791,25,44376,390513,-13.97908873979892,-9.828082394587032
600,3392.6871863748324,1153.4021457899348,0.42975709313874644,-0.22136665547469273,0.11215804929390863,25,65535,644141,-14.522452357915634,-10.274919264392398
601,858.1790526544966,1153.28489247318,0.7068237763110982,0.46073882333083843,0.21040542522796368,25,65535,531463,-14.313682586752387,-10.055846775582351
602,5571.96348038032,1153.3060113220697,0.22391538488464055,0.017375127757830462,0.39511022054605577,25,10188,205520,-13.282135228145723,-8.024453351573282
603,406.51759469478,1155.7668725390358,0.21831092489908352,0.06876997651768618,-0.2648649918039542,25,8667,185637,-13.171661353391757,-7.7294026294231895
604,2219.8974402928125,1155.8635847508058,0.2661793228417123,0.06793028810921432,0.05683008084116346,25,8992,185007,-13.167970402140778,-7.718106889274935
605,963.9559431419847,1157.8595327362068,0.5173231475670312,0.7425710354404094,0.0007102375297958843,25,41646,397458,-13.998228107123047,-9.74001114093576
606,697.6075051730794,1159.2845411424953,0.37227238156878184,0.6956870221533651,0.0068025095333155376,25,18631,276865,-13.605670144260989,-8.783206010260686
607,4263.95938326119,1159.2711882922374,0.5336695850463156,0.2372898050065146,0.4607207801171052,25,19287,241408,-13.456879145122944,-8.721247947872769
608,3742.9799660919525,1160.3965489906764,0.31398515774161473,0.5576304096350464,0.5398006669266265,25,65535,861948,-14.838702665738541,-10.129266939348195
609,38.71479725081418,1165.8710922941564,0.4492766170195105,0.31381971923612695,-0.445959368556299,25,14971,238304,-13.442828330408187,-8.340705650009784
610,1849.816569453993,1165.7203337186922,0.3468621622066489,0.728079914493605,0.03752688317870578,25,65535,715515,-14.636546856766197,-10.378715196288827
611,4849.150915209836,1168.8069974176126,0.2573204445912315,0.3204011876563279,0.780543964984578,25,16775,285735,-13.639908602145843,-8.661700103458756
612,324.09438645473443,1167.7493613600866,0.4300848379911429,0.43360440717324644,-0.13712383273483006,25,15357,226328,-13.386845714242373,-8.507720414798458
613,4238.091282213512,1167.0252058457245,0.5175019957277285,0.1548021859391036,0.5457640834423729,25,39412,369881,-13.920155057762088,-9.694707581668125
614,980.2612139537505,1171.3841985646734,0.4705871420013384,0.18092190932011692,0.16832783792797537,25,15195,220132,-13.356707948423992,-8.442492291393911
615,3245.943182272989,1171.1146348949314,0.42281430534181863,0.29921671000236705,0.3952851456273513,25,19101,255887,-13.52012055672972,-8.82757529985955
616,1469.8338784378795,1175.4511477531719,0.30751572641564323,0.34026679290028594,0.10019566856854774,25,12048,209410,-13.302493541985552,-8.257444017711979
617,4531.763473550882,1175.5593530214182,0.6551872239201919,0.27298405748015453,0.18352286054298841,25,31291,287627,-13.64707412883055,-9.276302970872809
618,676.8637484173149,1180.4376166404359,0.33444603858454236,-0.35751374787387447,0.11620403220775007,25,65535,1213222,-15.209850692507324,-9.358766208411257
619,3089.009800306945,1182.1369858015898,0.22259098627049473,0.23411615547484674,0.5357444277749598,25,11754,222080,-13.366273621936902,-8.238991457529748
620,2012.7476745836975,1182.1349911270383,0.2255622232205656,0.1539833133418506,-0.1312930543189981,25,13833,242583,-13.462150906568723,-8.51913748777848
621,1428.2658398859037,1186.189674773797,0.27667115390482616,0.35999259642753384,0.11197483314092715,25,13647,231306,-13.410467245924547,-8.456501323569285
622,3285.094603910977,1186.7567046245917,0.2590763073502092,0.2478468807055231,0.3058487619955222,25,42369,515144,-14.27982161466021,-10.004277088051579
623,500.37081543876354,1187.4034578788537,0.5413819434116857,0.14196816373647728,0.04170213696753273,25,19661,248902,-13.490070965762886,-8.72802325288897
624,4924.184260678249,1186.9553185122359,0.2595754970922098,-0.043810693105611476,0.5316700863919115,25,11037,210225,-13.306710902879965,-8.109859824948272
625,3781.9645739981815,1194.4171037943684,0.2926236997937507,0.20564350380361357,0.4024124934560224,25,18377,271237,-13.583372330610949,-8.897462810104036
626,4403.890071786628,1193.1499313457246,0.3031324668182719,0.16127873210978705,0.47308017784349515,25,12345,217335,-13.342824178696608,-8.27999879894862
627,4451.770758016335,1192.4193953626493,0.39628303144300203,0.6076547867927762,0.7576975722813732,25,25612,328893,-13.792636575666773,-9.226737588684612
628,5102.640168797855,1195.5286701120876,0.43899956506747606,-0.6137456452450093,0.02403087014388787,25,43839,460020,-14.156941784099695,-9.852752555574277
629,2944.0926719122945,1197.8519207805755,0.24729712508900145,0.07885434617833345,0.07966372357141271,25,10199,199282,-13.248670182856216,-8.029236292274529
630,1590.8348183247067,1199.918371522567,0.2008140071874862,0.2785212400840256,0.32802273775586205,25,30931,435731,-14.098046147085263,-9.669609866422087
631,5653.900110392964,1198.775847269879,0.41175933689698574,0.33917969953082405,0.558859356525443,25,21244,306505,-13.716093908838351,-8.874343666177886
632,5540.731271141576,1201.8082337750748,0.5296527807412403,-0.572141704358069,-0.13162456689717483,25,65535,688738,-14.59513511284676,-10.108177303322446
633,2731.5713520544896,1204.970646492366,0.44257044850797417,0.357733601764163,-0.04941406863864765,25,61616,648265,-14.52938143640278,-10.138610423742687
634,1143.1085323919895,1207.8803616745292,0.446777971999423,0.0986704421020412,-0.5376919465664252,25,30857,368190,-13.915179972344248,-9.385033484683676
635,126.58603034461028,1213.78942112043,0.22523013267055747,0.2856891733391921,-0.3995643480633959,25,9576,197933,-13.241295517895,-7.884245035315939
636,5026.28781303828,1215.9854014611935,0.24490080410854026,-0.06521927481856764,0.1572824348076917,25,10433,204448,-13.276457166130115,-8.012618192887683
637,5222.065103000281,1215.3108500689216,0.3555615808785011,0.010777587514354885,0.38157134633482714,25,12772,216530,-13.338795189735585,-8.278074082779774
638,2564.5013637438265,1222.046019624805,0.3776396352078868,0.049219708183612355,-0.029576010951709725,25,20263,269977,-13.578316917818249,-8.949625219194141
639,2958.0849008885284,1222.2646112793884,0.38389881084726085,0.13085815823713776,0.2865873049198013,25,12771,209957,-13.305325896657267,-8.226200459177257
640,118.13727019948044,1223.0609061746122,0.34494384487030805,0.39376421547299095,0.1518055711699077,25,14531,237815,-13.440598109850692,-8.50191669932945
641,2697.8387456251785,1223.9348278757216,0.3990927569113218,0.14996717426292222,0.10539983088434195,25,15764,227262,-13.391317060826204,-8.586700900488491
642,4376.585904335713,1224.0446443060778,0.32054966835674426,-0.10762610652245336,-0.011696304085994359,25,14672,238870,-13.445404023887281,-8.504449404273107
643,2690.445361787523,1227.6553613792466,0.36655575020841613,-0.09172616216165506,-0.04334556075315281,25,17193,243167,-13.464761592102771,-8.767479378366852
644,3764.761004443364,1230.0253954089194,0.9061221415343728,0.057549386731771526,0.2456863884954741,25,65535,492538,-14.231099356392065,-9.718419428941363
645,2334.76064120025,1232.263898110446,0.533271857902241,0.39482260003490804,-0.06819195619781668,25,53221,536273,-14.323464829690009,-9.905095498528375
646,2093.060413918061,1234.2045911711282,0.2799462903093937,0.36089799254511595,0.5093442759661069,25,15772,254890,-13.515881993243486,-8.663161460616447
647,765.5178530198407,1234.0706258544344,0.28843442452125917,0.6801022138875437,-0.11215729866901449,25,23717,341736,-13.834226829333826,-9.187995182583483
648,1770.4470111495423,1233.7288921716909,0.5220342831607189,0.1414077926799614,0.04409958236472673,25,65535,624721,-14.489215262507244,-10.17952655867389
649,2714.168095317827,1236.7433534359727,0.3208468786105228,0.5467279890298667,0.49619060714313,25,40258,506983,-14.262483492367002,-9.72373429420534
650,6164.137977505995,1235.523998650342,0.4113152142633761,-0.1381137544434571,0.12262333009879471,25,16558,257547,-13.527141238569705,-8.53735841082259
651,1992.108659612964,1240.2549335009737,0.48226074170282546,0.5472041904065543,0.1721594356262731,25,65535,616379,-14.474619584770885,-10.229045877120067
652,4281.1677458429895,1240.926816032136,0.2635075680975707,0.2419395600405282,0.3067332367120136,25,49262,588811,-14.424939786928723,-10.161032162974212
653,6157.634534836667,1241.6790688032993,0.32541893111046216,-0.02842236498635323,0.03689736185701952,25,10909,208510,-13.297817220704598,-7.952180835977663
654,3046.177592611255,1242.995746043846,0.3508910052462275,0.07830581570532902,0.4533385989142397,25,13218,218822,-13.35022745775369,-8.337140588604122
655,4899.602809770094,1245.6859420394624,0.46268403556668874,0.0803340645624196,-0.01170270997717073,25,25534,299981,-13.692734371328593,-9.189001663703039
656,5194.465869465799,1247.12796242842,0.3021660442292986,-0.31965139966695477,0.2868404897458976,25,15576,254631,-13.514778189077406,-8.617527822126958
657,1166.2201402843098,1249.0388954183168,0.24964985313494995,0.06981411543050173,0.37450686690391755,25,9302,190698,-13.200865345704702,-7.8210104450300735
658,1558.087236439968,1254.509450627042,0.30089848880565456,0.408098659366697,0.6471016364606715,25,15311,246831,-13.480999256752614,-8.615369806657814
659,5947.925279541541,1254.9340990636374,0.33786693203719026,0.20547176962376063,0.3637930081004645,25,65535,1007365,-15.00796714402181,-10.03269216357824
660,1299.6716860648885,1257.3325315555987,0.35634917875017047,0.5611902794153606,0.10434627698721473,25,16099,244433,-13.47039959507219,-8.634197799690797
661,4479.2418669908,1259.7081859775146,0.5485929484940417,0.391054569568085,0.17698080465688792,25,65535,640334,-14.51601640574096,-10.106175255586272
662,3317.3424745139573,1263.6741234125498,0.272609227695171,0.20005155339476413,-0.10365640246444532,25,14367,237722,-13.440173438507223,-8.54952024424038
663,86.06844182270586,1267.2331598995988,0.25406664784249794,0.2745287046910978,0.06726905273348463,25,10070,199345,-13.249013367745697,-7.971389530685929
664,5774.320052443046,1267.8105127872195,0.501598423638191,-0.18339705396433997,0.015541178932554963,25,18958,252467,-13.50551154866628,-8.695469710113757
665,1713.8800031341088,1270.3334635101255,0.37709188164885826,0.507536661098915,0.2918182931341619,25,34865,388441,-13.973312658741362,-9.655073492378282
666,2319.8580212138654,1269.0778353479268,0.33801664507848717,0.3658978788656514,0.39555755707586515,25,14975,232551,-13.416295528437889,-8.56490023096841
667,2432.455891932354,1271.7893408650311,0.32826196567881205,-0.03672372333993668,-0.07539818960971466,25,13816,220962,-13.36079398048765,-8.461256568168748
668,5450.010899318178,1271.0406013648198,0.3155281703664222,0.05698385317540644,0.4964396084665688,25,12350,220098,-13.356540240493885,-8.231750467588071
669,2970.99595591831,1283.1385967145357,0.34389134937236865,0.10568693596606828,0.06606798595823526,25,65225,652763,-14.536888824263288,-10.438121519976374
670,2832.4817876701786,1284.0977136743072,0.49060320365273846,0.045814864887443886,-0.059689089783130624,25,34281,343188,-13.838830234473606,-9.535893376710744
671,4451.482183394067,1283.4067271191502,0.5664101785861474,0.7359212073441816,0.14445777730362083,25,65535,600351,-14.446013095928281,-10.136725729969937
672,95.62889055792427,1285.5775649296481,0.4858143155490734,0.6303803196762937,-0.36344922820528486,25,30428,364683,-13.904788796971921,-9.304164314613443
673,3965.230057563416,1293.5118353588562,0.23600783563856334,0.13516886365473474,0.2389181765061134,25,11538,219612,-13.354140167671416,-8.191716527085468
674,485.1373087341185,1293.6239296667472,0.4508923763907084,0.5847068952493518,-0.549835130121703,25,31313,395150,-13.991904965688109,-9.303666878406815
675,2353.0670277799454,1297.9063812332486,0.42740056621651046,-0.2309622430883802,-0.5241692231984966,25,20085,264862,-13.557549135322922,-8.858919523320273
676,4627.050821810544,1299.0851226676818,0.5290645605078249,-0.01642870300811107,0.05627793819088815,25,9640,179949,-13.137873593911774,-7.5337118524962605
677,838.5372602410409,1300.0444292215102,0.32907626979242055,0.6454826107378439,-0.2119347967180124,25,20539,304064,-13.70741251100773,-8.954047291608763
678,2328.224381454299,1299.607086275997,0.272390403272462,0.061832332387532024,0.12682905132884226,25,10243,196181,-13.231642359868692,-8.022449872470892
679,359.7567409670037,1300.8192539725867,0.24617173814931623,0.2409169029751142,-0.10029276813383264,25,65535,1256660,-15.248044478826282,-9.618203441620594
680,1414.3090887527503,1301.9478214185613,0.28397747028904824,0.22406400548364525,0.012039893252256769,25,11347,205342,-13.281194469172938,-8.181279499920484
681,5703.708277447272,1301.38221395834,0.5605404636472702,0.25271320922210966,0.22822802322490113,25,65535,617917,-14.477325358988992,-10.165656128310722
682,361.82515370933106,1302.9348150492317,0.32313746069928756,0.14050612154753064,-0.45122972254483856,25,65535,1091883,-15.095440260810363,-9.942498301520676
683,1053.116489766865,1303.5289958510336,0.20922460504321616,0.327281026143946,0.06365096970573365,25,11749,226356,-13.386980026980492,-8.225477859256525
684,4406.534485024426,1303.2892187955053,0.3565382311103169,-0.265433826996829,0.1792274413162891,25,16158,246147,-13.477986367574545,-8.628043131480386
685,3631.035337447825,1309.6946608234234,0.23910253276934487,0.2463303845669271,0.3190913563744168,25,25897,356787,-13.88102255476526,-9.427609104685116
686,5342.8848399508615,1309.6806922178985,0.2850345056648911,-0.05235520001011979,-0.4982087688520989,25,14118,247613,-13.484433604909533,-8.410215176363542
687,6143.606971261189,1311.7651951288797,0.45780097568170897,0.01466924061942715,-0.0182352202808963,25,12366,210040,-13.305755024037548,-8.030358286132794
688,3054.1992633023083,1312.6831387567142,0.6657734932838967,0.37025564213599543,0.5186270859776692,25,65535,638741,-14.513311984704774,-9.981019224933213
689,2331.692894363971,1315.66177058714,0.3792345500954691,0.6688933402140493,-0.016239762193067407,25,65535,756386,-14.696858704653106,-10.220132649274165
690,829.895428575586,1317.473711399314,0.3813617783171523,0.24384909704279462,0.02965228450334074,25,11674,202442,-13.265751548037652,-8.08363609764594
691,2325.1335300693004,1317.5741159055785,0.2229978307219916,-0.2976024201012463,-0.4431996713013282,25,10797,212725,-13.319546330822051,-8.054117661432104
692,2922.3172920950083,1319.5564258011868,0.4858217119566289,-0.08681490946281023,0.0738122068204903,25,31283,315716,-13.748241479561337,-9.448666189986946
693,2575.3967300989234,1321.4867818431705,0.3891285644271403,0.5524537034004147,0.10689057599170905,25,53515,546581,-14.344136327179688,-10.134634493643206
694,2541.3034611404714,1322.1920107412043,0.3650966036488309,-0.009283800833769607,-0.13669079905263584,25,27785,337826,-13.82173267748949,-9.361586359384486
695,5013.721199385777,1321.9851064741083,0.2269571088874211,0.34710496374704336,0.9203669551337195,25,10891,220272,-13.357398237675618,-8.044922140853043
696,5109.415912565674,1326.9783067294384,0.2245253590531662,0.32916074529527956,0.3266994608723593,25,10501,214837,-13.33027269806262,-8.007455910301466
697,453.8621905095444,1328.7500518100182,0.27516542210374995,0.8102498939466724,-0.10083618446341015,25,55940,853155,-14.82756985086552,-10.078882193313152
698,4873.084760006643,1333.046042497508,0.33722233940914664,-0.08831192252839343,0.3764716510574822,25,57380,939958,-14.932771121297785,-9.763306528098747
699,985.8419047988197,1331.5338620585374,0.44603462084218753,0.8080332268751367,-0.09463077020180204,25,65535,687316,-14.59289113487388,-10.263057689641105
700,1834.034286049579,1331.73633345247,0.47262292143161755,0.15989199703916024,0.10940085006951646,25,14463,208489,-13.297707865716603,-8.39084983428415
701,1358.9608433686612,1333.7141158531806,0.5625562276928625,-0.27347577272883145,-0.463034040489031,25,33124,340599,-13.830608421345378,-9.375635662898274
702,1122.285197254545,1335.4664219002293,0.5592653701788712,0.1799355413863706,0.029537461879916117,25,27652,287592,-13.646942002571809,-9.205565094528655
703,4075.3587552060994,1335.9635464230419,0.48519011702815484,0.011128405565720924,-0.17724480475075627,25,39035,380648,-13.951308880665202,-9.685779640345022
704,4107.150889025851,1335.8302624048215,0.28944340099091537,0.11406808922191203,-0.25171884035891834,25,23127,321144,-13.766749531029951,-9.201793335774296
705,4149.155821259247,1335.9782414338156,0.2604594399178006,0.037251618990695276,-0.21205630705002967,25,18849,286155,-13.641503346897393,-8.949580407004666
706,2830.6944850360574,1343.3628296757922,0.3030100245571322,0.019200702566098116,0.14876907386574045,25,29845,372237,-13.927048848485981,-9.542839903512718
707,825.7591154891885,1345.3646624960754,0.26226219402903744,0.32611812592053313,0.027192084462981724,25,10719,205045,-13.279622958822415,-8.07847328729744
708,1289.4049898829328,1345.5099521480968,0.4555612088569253,0.6077229936447329,-0.11724005535570557,25,25889,314862,-13.745300624391145,-9.150909187757104
709,2851.4892147474707,1346.0745567395531,0.2840971781016371,0.03784543227005431,-0.04982593074703828,25,12835,221638,-13.364110556380705,-8.365349016407697
710,5079.565293844394,1345.768945335229,0.5431917078646848,0.00984230545414511,-0.12165952208891283,25,17500,228510,-13.397263025782618,-8.569877067276561
711,2050.1172340769203,1349.325522734679,0.207107995963687,0.017079950509628128,0.3953914611762616,25,8602,185489,-13.17079539968966,-7.707866013374405
712,1184.2229420936765,1356.3600933281461,0.20311996209199515,0.2853164041510044,0.20926118334086377,25,10184,205116,-13.279998846687462,-8.030860258002274
713,4384.036206607035,1359.965133410831,0.5790681342036528,0.0646512049971481,0.18175311910492645,25,22004,245988,-13.477284803724936,-8.877646929379496
714,1862.8290913685246,1364.296534095282,0.4150566247343366,0.13836375352533276,0.45844232676584157,25,65535,1139608,-15.141888723267625,-9.565928381364335
715,3664.4022687110414,1368.3940657226606,0.35287164325590376,0.488234651213147,0.25083419384610794,25,50560,581929,-14.41217500119005,-9.999067417074576
716,5436.499959762908,1367.3739204810292,0.2758938529049899,-0.22911309157957632,0.0890629182129055,25,11684,218591,-13.34908069217235,-8.172622099149843
717,3696.8924864522287,1369.6029646355746,0.5118941713690299,0.0784641451233581,0.19126246934151725,25,56040,499260,-14.245816930984166,-10.074473110542632
718,2776.117663031815,1371.9428033352942,0.3547273699328199,0.2772730581303145,0.13445876691273684,25,65535,724548,-14.650167904968663,-10.300224160882713
719,1604.7249970591313,1375.9463334516895,0.28227643896872384,0.030253350859784343,-0.2855795268982984,25,10996,204165,-13.274953232603401,-8.11652816993639
720,370.39488021018786,1381.4239598633844,0.5386713569059359,0.35082201208538444,-0.10132449578521016,25,57445,573437,-14.396214278979125,-10.031990558957443
721,3683.6033955380526,1382.0496673859698,0.23489830751040355,0.06819064451330341,0.012125075544998684,25,10702,209038,-13.30056310391644,-8.077566359417233
722,16.40638431982134,1388.406823485282,0.31417659842291895,0.3037872494049788,-0.07940273862661383,25,10232,204952,-13.279130401712123,-7.83676867032432
723,5712.111655260693,1391.4161680855175,0.2217193358254359,-0.04955900192137382,0.2711896923341891,25,9829,201677,-13.261640931170973,-7.935684916192352
724,3107.9865138238893,1393.538283281895,0.6229068183205239,0.16978752346790915,0.20572449317020525,25,25697,257650,-13.527575366992735,-9.056284052449499
725,4502.273843285327,1403.2750726629888,0.5289471775502362,-0.21516770888526815,0.3376193500530897,25,50009,434762,-14.095628944840179,-9.968826022188628
726,3733.2896759097302,1405.3690113830944,0.3082395637889383,0.23302401902865638,0.1614145850481738,25,20984,295351,-13.675846114078512,-9.051174443389415
727,6123.360828135144,1407.6488547579152,0.37642972278127396,0.05198400223996584,-0.22771099396815178,25,12832,226216,-13.38630829707447,-8.14560697388787
728,1769.0299169304628,1409.59371399809,0.28719171793126275,0.11577952922771326,0.1866453474898767,25,10742,203010,-13.268793578007829,-8.023209280337928
729,93.55209622984714,1413.6996427193317,0.32837869122356317,0.5016007596281484,-0.4865277711405341,25,17638,272830,-13.589730307539135,-8.736269576178353
730,1488.1243708581278,1413.9370478376977,0.4549413765961159,0.22400147312103463,0.030519123883883538,25,14987,213613,-13.324069198331198,-8.460923818297681
731,2389.421532168522,1413.4400462683097,0.41232078411185763,0.5651666110799765,0.004865433110793543,25,33202,367176,-13.912185715853216,-9.557588426284026
732,3670.5107952617054,1415.9663085853963,0.37488033080264005,-0.07374189681931122,-0.04020115471488196,25,17877,254116,-13.512580026389685,-8.761910730994567
733,850.8596212131623,1417.4856476791247,0.3912303882640358,-0.22007018638210227,-0.3486478830685426,25,14176,229864,-13.403677399621806,-8.328239781943411
734,1296.2663099599627,1417.823455998711,0.2742600738458736,0.08520771816448934,0.0015076696395027779,25,9970,192220,-13.209496432287482,-7.976859948943737
735,5876.131733307803,1419.8731672638671,0.2709979117729731,-0.1474609330134785,0.07661081435206264,25,10624,206448,-13.287026699824198,-8.001726163951645
736,269.422639502583,1422.1146960820652,0.8247741910467029,0.685124187872976,-0.5970785096539648,25,64384,755902,-14.696163736047861,-9.59524469653685
737,5665.71045508358,1421.3741885050933,0.2714818561100845,0.037515201743248225,0.22066274819419016,25,10208,202916,-13.268290731651245,-7.932457073809713
738,270.07806260756087,1422.805858586842,0.7317323177073993,0.6658346377564699,0.1177990133523054,25,65535,782967,-14.734358645183425,-9.73205480764603
739,1698.0510632117855,1425.012030118147,0.27321844611171286,0.20833142951503508,0.5120924219127522,25,11139,204411,-13.276260657115095,-8.152194682251714
740,3892.9383906788366,1439.584602834902,0.31629945184921754,-0.3861430435930053,-0.3239183470941845,25,14290,235925,-13.431934909301443,-8.458018724492277
741,2929.5262256667243,1441.9666693015809,0.32113642747133964,0.05227638659671792,-0.039586778986928944,25,14453,229550,-13.402193242755098,-8.516472491547747
742,3141.351013673238,1443.5054145407614,0.21321884621231138,0.24111933614284123,-0.09130173903074199,25,11508,219951,-13.355814852057433,-8.225674800037247
743,5015.897361686413,1444.1480179940459,0.4763013920079176,0.2921765341356965,0.149801283656931,25,63747,1006489,-15.007022582027389,-9.741659677892047
744,3864.5784788083856,1445.626035426037,0.2778012254972329,-0.15848371244196094,0.16706642153369264,25,20402,296992,-13.681861877479488,-9.047441020505469
745,1245.7182583587885,1445.3031944440213,0.33460409476936426,0.3831550732572039,0.04868930243041917,25,14458,232417,-13.415669727714118,-8.508239529254226
746,4096.91680609468,1445.8689595882852,0.2604536406364804,-0.00859743407541184,-0.4457938041398426,25,12960,232183,-13.414576045865662,-8.339938439563515
747,4450.328861019771,1445.838304976835,0.21613941039549134,-0.05313762719199026,0.12216926868017178,25,9287,195425,-13.22745030157289,-7.825321454714666
748,5015.745115444215,1444.207790586429,0.49774635651639754,0.4156300062871765,0.3390459521977737,25,65535,1006564,-15.00710348423453,-9.718932639615703
749,5082.109430502126,1449.1993631151279,0.4937526434861656,-0.06079934507124095,0.42064286614781227,25,22642,274007,-13.594404144482915,-8.982886021064814
750,2262.475216993539,1451.5086103771391,0.21877178367038658,-0.21896189966019797,0.07806825686423263,25,40926,523287,-14.296849864278967,-9.991967613390772
751,5889.636090768041,1451.7006172452866,0.46530126130226324,-0.18539548109893,-0.05914613172373799,25,21155,282436,-13.627300130426164,-8.858751482325417
752,388.3180870104252,1459.7587065668263,0.38838024279940025,0.40831353634752304,-0.29172785650546357,25,16310,243626,-13.466809086892857,-8.609378070268669
753,660.4354871555934,1464.039280336165,0.22283720390973374,0.23400201850731872,-0.22053301359823618,25,9538,196861,-13.235399217180994,-7.892968385455809
754,1582.291975880303,1463.893264707214,0.24953991025408204,0.03794805487008703,-0.11286012288611073,25,10368,197722,-13.24013748697957,-8.060256611168498
755,2712.789440663736,1463.934935615521,0.3382163990251167,-0.10518610212307367,-0.26167029625539423,25,18767,264970,-13.557991764351511,-8.891053725399363
756,5917.644934541882,1463.5858600815586,0.20896548142307347,0.021297661009729962,0.1381562823936269,25,9148,197940,-13.24133391482247,-7.770350273134382
757,6244.325933161629,1467.3546664388555,0.3653211658621998,-0.4642164651919782,0.7701656294104917,25,11813,246739,-13.480594500661303,-7.687884959849968
758,4019.8550360486774,1465.665858503052,0.38017417120608976,0.12910632815589557,0.18622183880273716,25,13978,220492,-13.358482092005294,-8.405692288258287
759,6243.353285636619,1467.5957256921015,0.4408512879730498,-0.05469742662166293,-0.1934790131917409,25,19520,289371,-13.65363751278469,-8.700756090891913
760,4014.084625732886,1471.384228179394,0.36051060253601663,0.11984709614381507,0.3452737324314173,25,12270,210368,-13.307449195163779,-8.211049734799383
761,55.998076404579976,1477.197807471831,0.5178615533458301,0.6462579756213028,-0.013787252584335923,25,53770,553057,-14.35692473382127,-9.998305443667348
762,2521.2648475633814,1478.5170185826516,0.27415479798173975,0.10997672115122883,0.2898748621072875,25,55457,726646,-14.653307218037149,-10.031334255991084
763,722.2786667783355,1479.4197278198124,0.3541590569861161,0.09676920204035148,0.17044177634608026,25,11247,200141,-13.253340163492037,-8.054964275923842
764,2450.8955979805046,1480.9188252637189,0.3134501226523878,0.2107832161656932,0.11906342148427333,25,59748,659422,-14.547908580551423,-10.306989399469316
765,1503.5003608161617,1489.8003160092278,0.4377371356902984,0.30477496823436456,-0.15413606375780586,25,20347,261858,-13.545164616328746,-8.887230434771594
766,4735.482230723478,1492.004639083438,0.557798996526918,-0.12525649767260383,0.11869707915528219,25,65535,625055,-14.489795583942481,-10.125349057165963
767,210.38814598688813,1495.8539632828456,0.296234263990363,0.44286346648986247,-0.3051568802481804,25,12525,223698,-13.374155253124378,-8.27590520797668
768,1231.5474843310933,1497.7312520824537,0.46920927640707644,0.36698438702964675,-0.16704351384685392,25,18438,244001,-13.46847901557625,-8.708435467317456
769,1371.2976368827965,1497.9309558650027,0.20187316014309928,0.021653436707649416,-0.581947316215745,25,13269,244519,-13.470781527509617,-8.471684613402953
770,2139.7898088287984,1498.122188265057,0.311837398845888,0.1984874533751307,0.13475552466650667,25,17247,253462,-13.509782143617555,-8.807241500973008
771,560.9465405548963,1499.6366999203717,0.25493165548262176,-0.058768585866018734,-0.48780000007076824,25,10123,201596,-13.261204776834987,-7.895998900065501
772,2239.9963133502947,1499.0754638268756,0.51185694044188,0.3710789821182213,0.4527450596847549,25,24227,273407,-13.592024073882873,-9.07222085213082
773,2078.4362107949664,1501.7124011387493,0.2610942203035675,0.007916121756774827,-0.1112135023758823,25,10274,197542,-13.239148616096486,-8.043254493753501
774,3430.0690559815043,1500.3785551808958,0.2826135830876794,0.19718111581589107,0.7854789701832038,25,14045,238392,-13.443229192958341,-8.495153133711138
775,2053.0798259468565,1505.8450509757538,0.2115806729728682,-0.1194077712210965,-0.570263479365602,25,9265,194334,-13.221371974744493,-7.8261926722358925
776,3772.013950576961,1505.5055789689018,0.4991678440085421,0.1098011873542439,0.27324156633555585,25,20079,247146,-13.482383964748559,-8.836713918142816
777,2623.9072947412797,1508.639106086127,0.26278176209831244,0.2667112879999834,0.652167424729462,25,11610,215411,-13.33316969212779,-8.19023483585574
778,2775.7447937399234,1509.983191396798,0.26931862637926435,0.09148304516572704,0.04947914433968028,25,13515,227101,-13.390547616411578,-8.481146031217238
779,4897.361918182831,1509.6141649732733,0.25995760029865983,0.11446883647572309,-0.1162134218513312,25,12032,221867,-13.365231777620536,-8.240406246644504
780,4639.936726862323,1511.8070922974218,0.359775663385536,0.027843046872491554,0.16978145952636933,25,11496,202738,-13.267337894717055,-8.085232500202675
781,4289.8137399856905,1515.6812145700503,0.30164844931878043,0.08235663210471018,0.10146005626328518,25,10698,200786,-13.256833569804057,-8.021395320839561
782,4472.33433976651,1514.8762047809216,0.4214180842988449,-0.17697695254582746,0.5218105725790309,25,27155,321650,-13.768458889340966,-9.299380545939291
783,4481.530580507839,1515.8077559795104,0.3207693367621374,-0.39438105069994045,-0.712805060175077,25,13319,231355,-13.4106972245665,-8.295619744288256
784,4784.071578817128,1522.1826693060805,0.40369953851211915,0.031191597037990217,0.2763517944905555,25,19858,264765,-13.557151435005379,-8.883097497690073
785,6214.280861315066,1528.1352915642876,0.5628115712882743,-0.011824764450653336,0.3614362167326771,25,23162,290533,-13.657988671453934,-8.857791132930664
786,4662.294273460841,1529.117485074201,0.5200695492025892,-0.16943275913092737,0.4456295903214929,25,30716,322986,-13.772959245034276,-9.359161797360358
787,264.87557407024883,1537.8546618531448,0.32161701598106973,0.20712994000205792,-0.8769894863312795,25,13695,240706,-13.453717289817348,-8.231222705112328
788,2956.2968308488366,1541.8607267069342,0.4052213914455936,0.010713330621035895,-0.0009175199317888765,25,16552,233199,-13.419316709391829,-8.650169215848623
789,5918.021728657527,1543.429050482118,0.524206412533455,-0.08774764749966946,0.21042990003095585,25,33295,359646,-13.889688086049205,-9.428932730992567
790,4643.87419463939,1553.980502991837,0.24858069690210577,-0.010967510117543428,0.13118943616965387,25,10135,200482,-13.255188465437929,-7.999614583792437
791,710.8381074930469,1555.7322807271116,0.44273503738137554,0.07263604118547452,-0.46194857833528913,25,21998,287539,-13.646741895051903,-8.964274452666567
792,2641.8911703986405,1558.3588311898827,0.29990574730187997,0.191825515132514,0.32296053458843293,25,18578,269143,-13.574957722399454,-8.91431495717139
793,90.43709008130956,1561.8006398760479,0.23554907819684484,0.05052939500981331,-0.3234114111603233,25,8322,178264,-13.127659118174954,-7.6409252638342835
794,1657.8175619550436,1562.2346795103556,0.4204236650634658,0.23464393745780573,0.13271475208477965,25,17393,238579,-13.444080534782865,-8.696521055001632
795,1948.436480458897,1561.635937322809,0.20836442755519813,-0.013621102173302457,0.01671532570979679,25,8808,186178,-13.174820901561091,-7.785259456251361
796,4315.827338142,1569.8548167976912,0.4429260444046544,0.22877277045726666,0.23012361792956168,25,65535,590496,-14.42804240015829,-10.344356476980936
797,2448.004619480201,1571.4024493453614,0.37477803996131964,0.15288790005303937,0.24695220473437715,25,15594,234088,-13.423447877819525,-8.580266642564087
798,2706.5241758504408,1571.4774029338773,0.29120969261615987,-0.16235826930141264,-0.047349123667828126,25,12779,219332,-13.352754996995582,-8.366078986615683
799,6090.087119255648,1572.7052095215438,0.2932500750637369,-0.08703829966377259,0.5991213112501103,25,25669,401155,-14.008280524057719,-9.099545694354498
800,1120.638684750097,1573.5111719713072,0.4258948752014063,-0.06184911045344049,-0.21778652199072132,25,24744,300660,-13.695189132815301,-9.17833136824222
801,5899.490990293537,1573.7770687113898,0.2256400820585201,-0.20163871035075032,-0.1641105002641745,25,11381,226905,-13.389610164882948,-8.102401818990895
802,4240.014667693938,1580.7792485588793,0.2548729561306019,-0.265048187521998,-0.2971502794499798,25,65535,1323121,-15.303998906064733,-9.343034858680138
803,1633.881938742316,1581.4410883169078,0.2529661191491137,0.19920737505673894,0.24043075788109158,25,9927,194471,-13.222137118537438,-7.979134604091369
804,2970.6592193220445,1581.645305877754,0.45789359734836765,-0.29253099840142366,-0.1736476373342496,25,27178,303354,-13.704874314719653,-9.277279346331353
805,3452.3371726229143,1582.6864696714113,0.28076836362814583,0.27901335057171434,0.37903833893337807,25,14283,246899,-13.481298327347435,-8.427406968149688
806,4238.301802663504,1582.886867848046,0.5019444383054628,0.47588886422868326,0.8421822336740581,25,65535,1245357,-15.238234665537647,-9.144731487656427
807,57.54990237398749,1585.9006796745307,0.41277148952152365,0.404957886544826,-0.8758116683065778,25,20503,319100,-13.759817010483777,-8.759976443297715
808,4239.538066382423,1584.2647107524756,0.7831728620559416,0.17314081290520597,-0.1890089587950435,25,64706,1086776,-15.090350097591871,-9.194337242172395
809,4667.900388429172,1585.3472317685914,0.6579660721852431,0.23001075407475327,0.40485414582509827,25,48047,377814,-13.943195116958814,-9.808255664228824
810,1486.2840387253532,1588.760190122009,0.2272659224089535,0.4512994983814124,0.43794943588257773,25,12869,236654,-13.435284623618383,-8.324701845917112
811,1304.279468901969,1589.7415387090116,0.34658151766730527,0.049760249012807824,-0.09963495618853062,25,11767,201589,-13.261167076258655,-8.19700550274565
812,4140.485874314797,1590.4924935499077,0.4126076085796212,0.3159985894574757,0.23838002693264848,25,38118,417037,-14.050436469466671,-9.6959355040206
813,5384.738513486747,1595.9234812613154,0.4414513471027984,-0.3913951897725769,-0.1768462734906855,25,31799,373241,-13.929973360835513,-9.415686957271658
814,179.87654058446995,1597.525720933174,0.6183318326694113,0.6423978757190417,-0.1936510707213423,25,65535,568985,-14.387752043390591,-10.143730736657869
815,5093.905187145531,1598.09828586042,0.5286003672562347,-0.03170426480049225,0.16791691752490653,25,26746,290488,-13.6578204912012,-9.162219722354346
816,5259.050689107766,1599.4450386349529,0.6310118776435009,-0.23178969767107957,-0.09868438746042654,25,65535,1000779,-15.000845459239871,-9.565210314392127
817,1424.948717622908,1600.377164432009,0.3547412226844482,0.5462202401788847,-0.2114789253620367,25,34095,446977,-14.12571294077126,-9.541755989874954
818,4554.214604091546,1599.8769873101,0.6596231176316094,-0.11318424415114452,0.0858126936893034,25,32520,287037,-13.644844705773306,-9.326003487289237
819,5258.992971946307,1600.1940341153604,0.23453365609002472,-0.16617306901596302,0.26192304691944235,25,65535,1213438,-15.21004397794562,-9.784595610855582
820,3565.4911028741544,1605.6056133351553,0.4931734433171177,0.7361446578605495,0.049506338178274455,25,65535,633308,-14.504037435266113,-10.214177212824008
821,481.801161531387,1605.6178647306358,0.5161835611912599,0.4277085623121868,-0.19054714424675126,25,20766,258754,-13.532217680360505,-8.831324176783795
822,4207.422195406301,1605.609060955901,0.2831675952464611,0.16677041261835418,-0.07323363022587458,25,11447,211823,-13.314932786392399,-8.157513205629776
823,4122.028209202974,1609.674203932952,0.5150143774682611,0.07614396764194134,0.22281089953419425,25,23583,263713,-13.552828848271073,-9.045614076024146
824,5527.300318077005,1611.7982340824806,0.20419887488021127,-0.06078306462416413,-0.17153993153097102,25,10183,210477,-13.308011612438381,-7.981435426442461
825,5998.007625992773,1611.5707908427974,0.5647528673469567,-0.18691120161117786,0.12970596669757453,25,49923,469613,-14.179350276764351,-9.879221243114495
826,3296.425966388464,1615.561414080869,0.46712597929520794,-0.14005973631872085,0.03393459876730763,25,21935,265096,-13.558507936920119,-8.981634667400712
827,1223.0506756962018,1617.7845319828675,0.31238467911459816,-0.10501062072388155,-0.5332577127167298,25,17031,261908,-13.545371910465452,-8.75212614981035
828,5082.008366478781,1625.4582488468766,0.34328287500603577,-0.032090275718336926,0.21887616077031902,25,12315,212233,-13.317032282603565,-8.215673915039234
829,3701.015738761348,1627.5719167311852,0.2438542969502889,0.11129063241012943,0.28001118174650386,25,13272,235404,-13.429534595325128,-8.423770018880859
830,1521.3153982871795,1627.6020306311966,0.2592403773396971,-0.29666815125726304,-0.6083508414118911,25,10533,205775,-13.28348152590129,-7.965495060850025
831,1903.3426469631472,1627.9435032386527,0.2826041748486009,-0.1363706412054215,-0.6510443040082071,25,13902,234983,-13.427591110219232,-8.460633778353797
832,3990.6745993246245,1627.637802321347,0.2119128910266646,-0.1710604703447586,-0.1217125232132721,25,10254,208476,-13.297640164251654,-8.030101715432206
833,5708.239209862024,1627.0296033282746,0.21846604696795424,-0.09664607529233671,0.37731811477633476,25,10611,214208,-13.32708921585416,-8.055481478100571
834,4465.997424492937,1629.5310726870537,0.3157160838418516,0.03373246454233588,0.27430924764227615,25,11161,203446,-13.271122888766392,-8.086182797251057
835,1246.2965020082881,1632.4042015782595,0.22850545271907347,0.17517166930596295,0.21054354709114875,25,12038,226148,-13.385981878250337,-8.27323977873624
836,498.2592133313173,1633.1532999539174,0.28198451848390776,0.14910955446007948,0.12412224512411119,25,11075,205704,-13.283106842035028,-8.120929878813662
837,960.0881337406992,1633.6167643956799,0.4774304215531617,0.35462189992760257,-0.016185753284186373,25,19462,243445,-13.466002148019028,-8.819113290118016
838,4047.7159860702263,1633.6745810878424,0.28356616683300395,0.07104149892631816,0.07563563513368331,25,12059,216278,-13.33753086211448,-8.248949421761496
839,5462.1298434448945,1637.9158745211626,0.42842486330140034,-0.3157014043427809,0.1469413054873719,25,30150,347836,-13.853436320476774,-9.395763499167394
840,2043.7674258197885,1640.0475753461612,0.31313416516944687,0.3946307002486152,0.21377519901004324,25,65535,798804,-14.756100577319328,-10.232854225983374
841,4882.630745232066,1641.843463436672,0.41058357695228165,-0.3648944588044934,0.28503187498474863,25,27615,341190,-13.832490734664397,-9.27663105243929
842,1799.7223176947946,1642.839230758209,0.26349827472194587,0.3426180710912472,0.09038926601948584,25,44573,590713,-14.428441321533057,-9.895629126633722
843,2366.823786264468,1645.3520290526824,0.20513596013236968,0.08396029072492443,0.2033913945155008,25,14653,252398,-13.505214773098178,-8.628677001276904
844,667.9761905305302,1643.9982799381664,0.3713294757714086,0.6272936058462011,0.7701818722919217,25,21495,312698,-13.737812758817746,-8.983057708171776
845,2938.7297788495903,1646.5564845853748,0.26932041731958134,0.39113968274584077,0.10119859883692231,25,35348,467412,-14.174249644909903,-9.718207507965944
846,297.9157313657472,1651.8519549711668,0.21919264163991695,0.1911324056293418,-0.29213650047620526,25,9225,190692,-13.200831184257213,-7.839573162175469
847,1054.3845083231568,1651.143426946492,0.25067673290105913,0.012169433417678184,0.1508139077781568,25,10627,204362,-13.276000360694892,-8.082214605335821
848,3846.3549216808974,1652.1494563060094,0.21553324914175698,0.050002488232126406,0.11105435658884638,25,11436,218760,-13.349919786756503,-8.200590006759548
849,5030.573797955157,1658.4525583878772,0.24111763184145985,0.11981552904002259,0.19806389021480736,25,15391,264123,-13.554515553738218,-8.628499373250177
850,4486.79424809731,1662.4422454102971,0.27326467802972365,-0.02249200357415013,0.6398109062300128,25,12657,231030,-13.40917094527692,-8.248636693016785
851,2822.5151710926298,1661.7347327742418,0.41294454127287594,-0.11032707903564755,-0.1539304380268171,25,13882,216088,-13.336576624768421,-8.346159009097281
852,2652.0129170123337,1663.20649518028,0.23211693199256464,0.1514435517618074,-0.28665803997325656,25,18650,294165,-13.671477496853155,-8.94606832704114
853,1598.3663200953572,1663.0939776090693,0.6375950701927744,-0.026687913900108478,0.2306411602165078,25,65535,629752,-14.497923888569817,-10.006051165354465
854,1371.8252145375852,1667.8896066029886,0.21095479461461197,0.17356193073049536,0.004563469150802734,25,9830,196849,-13.23533303225066,-7.997125338632242
855,6078.500268561464,1671.3774313030194,0.37979034712318377,-0.7353134045275198,-0.052045520159929776,25,65535,994455,-14.993962839204544,-9.913583393660582
856,3855.725530229217,1673.5318881882724,0.653768738263194,0.3442413053967144,0.14228749093587023,25,36926,320109,-13.763244711722326,-9.479084791781837
857,4363.74763652727,1673.6012067686493,0.2823803424717613,0.07660579710259652,0.14119374049567765,25,10038,196570,-13.233793094159674,-7.9269315396960565
858,2471.415418498028,1679.5497139605804,0.23188958462387335,0.24318252674102242,0.12044799975159777,25,12633,229599,-13.40242498048832,-8.358948703759774
859,3019.301680794712,1679.7310315001891,0.2560638256957788,0.17187019904724934,-0.1738580732210264,25,12754,226097,-13.385736999714688,-8.370336144076463
860,4360.017953382367,1683.4967631184318,0.3795062931100198,0.06764662820810223,0.30120480377776815,25,13722,216156,-13.336918237665456,-8.3957314792715
861,5440.0908525872965,1683.5882916213832,0.5689465677953924,-0.18715415167963942,0.17006196548132937,25,32632,324349,-13.777531408238826,-9.39070651863508
862,6230.967132813463,1683.614530256257,0.5481049824258627,-0.6902889775674934,-0.3633453483444014,25,65535,799264,-14.75672563040591,-9.984071811662584
863,450.43409119521266,1684.8326257400124,0.3276604196363116,0.021088275954039608,0.2262911282490248,25,12472,221511,-13.363488244238384,-8.208439666564677
864,4735.34273932358,1685.7276527146191,0.3115797857591772,0.05588191778403802,-0.14475155842188325,25,19693,282934,-13.629212848716161,-8.985085472061542
865,5685.336508131009,1686.0631602137996,0.29824480205531784,-0.7831806370535054,-0.05331275389134399,25,41621,599490,-14.444454857740459,-9.71247346774423
866,4051.769729783989,1687.2942821432846,0.40726124794101654,0.29463100308150114,0.30323216144927506,25,19106,257109,-13.525293198043615,-8.84825005387413
867,818.1219983997983,1689.76348888921,0.579640679711394,0.3873856300926748,-0.11934404558919721,25,29719,293495,-13.669001767443698,-9.281274658693524
868,3532.258587044065,1691.768063186741,0.45115769242207093,-0.059409766047492964,0.09523556651226514,25,65535,579396,-14.40743873155353,-10.346979003039012
869,328.2229931721503,1692.4368835229957,0.4421857483831801,0.32969269750215935,0.5204198709221595,25,25781,343648,-13.840284551745452,-9.126274141056449
870,422.2265776202731,1693.916116306343,0.6152709029387552,0.3571591075298891,-0.2265430586922147,25,26072,273375,-13.591896990114234,-9.059335369205813
871,2550.1943737524493,1695.326585001349,0.6226729736929365,0.054913838264651765,0.2724671203949961,25,59949,472965,-14.187072508983675,-10.062692336848764
872,2129.277488776885,1699.2876082299574,0.27397850103165533,0.24831085761160188,0.01532133242616495,25,65535,968427,-14.965167222957769,-10.123357695175494
873,4436.786896880325,1700.4236681037303,0.3381841629591818,0.6710822911161797,0.569070478784833,25,65535,871985,-14.851272535515882,-10.087097434763725
874,2966.2476528644142,1703.3054493151385,0.24649893070308782,-0.29593046032298714,-0.13357445797739925,25,26350,363974,-13.902675903766719,-9.414306997646555
875,6052.15665048526,1704.5372650293473,0.3451308062095488,-0.0830095021425209,0.4361287911864315,25,39908,533669,-14.318179940117655,-9.667623921990655
876,4495.921771716863,1705.5235434443694,0.3103592290261455,0.22058247142402257,0.192181510333735,25,65535,915804,-14.904506340210396,-10.09388367128568
877,747.7718538306634,1709.6664242488398,0.2362897954591381,0.3017695587609772,-0.12599042153237652,25,11138,209756,-13.30428598131588,-8.160959631349629
878,2479.596640751041,1709.4013519788293,0.28650913184026433,0.27648512466172437,0.14455719784433949,25,13040,222322,-13.367456101707573,-8.396270877998319
879,2056.9020312210664,1711.863303401762,0.2475250689589742,-0.06075825866739635,-0.3243887826922726,25,13362,232253,-13.41490333115323,-8.470342059010065
880,2940.4012392605136,1711.9992242972974,0.2744827156542192,0.05215768032220855,0.004245042092299393,25,11842,216173,-13.337003624097965,-8.209149110320935
881,3530.4182739928256,1712.3817096988043,0.27439852483747984,0.1478566535955569,0.16689983867478037,25,13527,237618,-13.439698340400197,-8.394185678110906
882,2942.114589969441,1721.6152402655737,0.45745385464191535,0.05104763998590645,0.11960582678807695,25,21829,263057,-13.550124657377467,-8.996639800900827
883,3641.8009956366072,1721.627555401257,0.24170732058560745,0.0896577758025269,0.11014400626735699,25,10270,206060,-13.284984238724398,-7.954309389229447
884,3996.0655233966536,1721.5999460349076,0.2247246328705155,0.0213466402746852,0.21594566723442707,25,9436,198508,-13.244445034496511,-7.829907085363505
885,4197.3930521477505,1721.3989501398241,0.4140034229660465,0.43988631239152537,0.021370519251090004,25,22683,288807,-13.65151928824583,-9.054897748351408
886,4721.936330772693,1724.740899971201,0.27752936079507634,0.1180683273738913,0.5761938661487562,25,15848,258263,-13.53015547878183,-8.62820299880936
887,1606.3040731893582,1728.4207714783686,0.3411037072047667,0.29833186809436874,0.2342710302125884,25,12736,217212,-13.342209536060706,-8.228885761070005
888,3308.110664033315,1727.4371669427442,0.5145553312368938,0.09055290651356122,0.23924395511429808,25,22066,258881,-13.532750443797179,-8.940120574000222
889,3368.157911717998,1730.0972306546178,0.35974938869155154,0.030493086278040902,0.10538364906266483,25,15681,239132,-13.446594240305345,-8.595331780728005
890,2624.430027909417,1730.9585838726969,0.9262159078326481,0.000639273246320962,0.18332001263059244,25,65535,481875,-14.207335988487579,-9.720799937291137
891,2307.7740859420833,1733.5452767318652,0.5990051849892631,0.38226951166007506,0.14743474418625646,25,38478,331810,-13.802223676337906,-9.587975077071457
892,6201.737502913256,1733.7027236679342,0.3633694898933871,-0.05993870313744746,-0.019335660986764085,25,13151,224794,-13.379461788131499,-8.252132224220821
893,6064.186799273853,1739.0942514206347,0.4641392126355965,-0.10641040666306022,0.3316315803028094,25,42867,480243,-14.203652608308408,-9.763671200473159
894,5535.73996407192,1741.3368575201898,0.2505100883206421,0.12175941577846439,0.11548610501914534,25,10257,204785,-13.278245356152485,-7.968036466388745
895,5725.4815935738,1741.3780876055678,0.3567735166127585,0.11879957497979028,-0.04045522625715882,25,13741,233989,-13.422988603444267,-8.33229816093493
896,4823.090832897101,1746.3562280363153,0.42307250883179925,-0.15531439329055136,0.024961036133365103,25,65535,1059084,-15.062326017572133,-9.700174965021445
897,6135.932748800013,1747.6584724703268,0.33906276935549096,-0.10010016025841105,0.06024618567718172,25,12822,223542,-13.373397830466248,-8.261301810450266
898,410.3951653164565,1751.4603223920283,0.37212884822367626,0.07775935810653269,-0.16505894636710217,25,12922,214024,-13.326156191353565,-8.275867150685844
899,1824.1571005826727,1752.354317779738,0.3048486255505536,0.3096536634693498,0.2254997110616727,25,20742,290002,-13.656002482557465,-9.050597054507165
900,5945.669808945588,1751.3550772095812,0.3411690029949388,0.09621229507287507,0.12779436511107126,25,13202,228446,-13.396958895329975,-8.284267837610106
901,1124.39879828028,1752.8624206577392,0.3882018448035375,0.06447136905320566,-0.002901500668192461,25,65535,1095570,-15.099100328640736,-9.756017843699707
902,564.597265784167,1753.9276744721844,0.5068147184423271,0.7025476265819599,-0.30651548220327635,25,59630,644961,-14.523833635437477,-10.049379962505752
903,1125.048798675504,1753.737901879012,0.41206788345381795,0.3449958612694096,-0.03826279409203674,25,65535,1102600,-15.106044970358125,-9.66907508678456
904,5725.860609845836,1754.589998449155,0.43580917218055426,0.40419418244881816,0.7211950389003594,25,17907,267965,-13.570195181904898,-8.617557867114641
905,3876.8509021799478,1758.1182779077008,0.2101165427668024,0.05417169642149695,0.5388875657718234,25,10842,216777,-13.340033004364113,-8.083581854199172
906,1422.5374997232211,1759.404443663377,0.47443726335024217,-0.15772653948089405,-0.05898666087743069,25,44393,426218,-14.074079467126841,-9.869119133811171
907,4102.576650542451,1761.5405991021562,0.340943971985925,-0.15990504141998182,0.11668195605798999,25,21764,294513,-13.67276117398486,-9.06946904806112
908,1404.324732738969,1761.6224371573167,0.4561947572359535,0.0757660675187632,-0.08373956908447971,25,20050,249968,-13.494711038550776,-8.88335973776214
909,4909.257408534229,1761.4152709979885,0.2705013434281227,0.20233409595983431,-0.12806179645555296,25,12490,227998,-13.394827593457565,-8.277742596205131
910,3592.164612876462,1763.6924687084597,0.2383166107949707,-0.015685309090675878,0.07755772179320342,25,10280,208235,-13.29638431809199,-7.967398062601333
911,4075.6531610310058,1763.8091191092783,0.4449821850620932,0.1028508593648913,0.017635489805255748,25,21960,266578,-13.564560763361852,-9.013666816905754
912,3023.112500246874,1765.8026020413033,0.3325825853833533,0.25243519080561666,0.17076093358143984,25,65535,935284,-14.927358762221022,-10.103801097123277
913,1875.9249584537122,1767.5025199266067,0.5838905130106539,0.30108165250864827,0.17946080944769408,25,24913,257647,-13.527562724929558,-9.060151624675349
914,4913.815742590937,1767.6270213646935,0.4669943752187443,-0.022836920147446822,0.09790115003479537,25,25708,289537,-13.654260175504602,-9.19987049993781
915,5587.993378640826,1767.5759163772666,0.6145312237451834,-0.1370587497866277,0.15833336385188537,25,46617,399072,-14.002628143864458,-9.787642567401235
916,3329.647974996931,1773.9450244098987,0.2540469649329666,0.05695706192103318,-0.03515422430078675,25,10778,209415,-13.30251946537133,-8.038350364850645
917,2031.728813972615,1778.4896812186425,0.30618387709830064,0.27702722311748396,0.3956774558494386,25,32858,406096,-14.02157177939806,-9.62656596882416
918,4235.699681437558,1778.0720248596638,0.3908727012618621,0.11198796106092682,0.10827154664403987,25,30696,342009,-13.835093836769785,-9.502559381294166
919,5428.059196908257,1777.7573539682994,0.6521569261722466,-0.1962727527762282,0.10597828215062824,25,43304,359454,-13.889108301996176,-9.668211183445836
920,6038.27166755721,1779.8745587280641,0.30833126297759794,-0.12397972107026654,0.02759263890141009,25,13067,230520,-13.406771527273296,-8.297943210925453
921,1054.8061551321266,1781.5149287286722,0.4118986947791092,-0.2638910325298945,-0.32553730699261735,25,16928,245882,-13.476816842517763,-8.638357158667821
922,2355.3119829755697,1783.93675237542,0.8189254468489133,-0.47237404558161566,-0.02690414235013349,25,65535,952640,-14.947322032416576,-9.348419739832806
923,2019.8328614705501,1783.4878222516018,0.2927403020114211,0.29498189108716966,0.07046828435699272,25,65535,1078123,-15.081670777762215,-9.807678201314243
924,2355.531547013248,1783.9754578409902,0.460012228938889,0.38505295174108706,0.17906818241287734,25,65535,1052961,-15.056030714766994,-9.679360036845928
925,4168.854099604843,1785.9262141002412,0.4654919705580092,0.021401474280169905,0.3434184855929917,25,45042,451961,-14.137752402207955,-9.838477990470459
926,2918.4447762490245,1788.1132421073978,0.25663935632879276,0.06910702946197791,0.07466412147181882,25,13623,233781,-13.422023029998027,-8.464467938320785
927,618.2874551905072,1795.2337821462663,0.5839232349790966,0.28374998086219627,-0.049595461822789046,25,65535,611878,-14.46666209617856,-10.135593950665447
928,108.54142672496528,1799.632776687853,0.28132975618955774,0.1605019835148946,-0.4331886188457299,25,10505,199879,-13.251917919972598,-8.008226475683834
929,2498.7850919268103,1801.76519863564,0.2721035630337994,-0.19341843973221196,-0.3163994917656216,25,11991,214601,-13.329079353411622,-8.265263483229322
930,1322.1926136056577,1806.365145830032,0.22335407502652205,0.11537117684993521,0.7595443227388695,25,9292,196588,-13.233892510942235,-7.766619770478263
931,3749.0357952160275,1812.0122402510276,0.3207656912502168,0.24767476321446447,0.45194539854777005,25,20198,285926,-13.640634121720645,-8.990996507456584
932,1062.0453367461816,1814.2361443503157,0.3131902354887945,0.3362737228630474,0.11323887273467798,25,13321,222416,-13.367915064983782,-8.36505900646382
933,5292.013043850944,1817.9542599308668,0.7787702857483054,0.00912459745156879,-0.02267637359677561,25,14587,184262,-13.163589451830838,-8.140302554698026
934,6054.032430990214,1817.9359695122334,0.6030290685349297,-0.18692721325893652,-0.14016592371023698,25,18377,236247,-13.433415755739304,-8.553836621652112
935,4433.493836171524,1819.6939520954566,0.2367476402476178,0.10406032691720755,-0.062332923388577856,25,11258,213640,-13.324206423242748,-8.15904064997085
936,731.837224164256,1822.3926474598986,0.386530928091466,0.5566773170139929,0.12470885325704022,25,27565,348316,-13.854933560909533,-9.275283879652854
937,1039.6853544900246,1821.2269207328306,0.45359464066233296,0.6664188144644828,0.10917284364343106,25,20308,270095,-13.578791361500572,-8.846307407908716
938,3747.402453307211,1822.193461920259,0.21921154018268196,0.03720312168246697,-0.011944285449057315,25,17143,277224,-13.60707706391487,-8.859776456905324
939,4560.284730399661,1821.0891422688271,0.30687589745516775,-0.03568999964864322,0.4778565011042321,25,12027,214688,-13.329519425489437,-8.202212666350821
940,3827.9551530805584,1827.213742082314,0.38663281805812055,0.16308794614661856,0.40149885230832766,25,15835,235352,-13.429294733133773,-8.593910802553395
941,1160.2561712872052,1829.8825631562797,0.24011217450600836,0.002168787495941671,-0.10847075778281526,25,8929,185185,-13.16901451470583,-7.771469820475967
942,2254.3061961054855,1832.522358555077,0.42036623475597407,0.7172195087595759,0.3389177114449976,25,65535,768707,-14.71440208964966,-10.075378939880398
943,2566.210777563595,1834.707488740954,0.2809811072567356,0.05967429528923161,0.6071035237940338,25,13107,227103,-13.3905571780729,-8.39859676188068
944,740.9685268965607,1837.1497249990393,0.2684963273219879,0.40101632039369145,-0.19018551951806728,25,43013,553951,-14.358678376754419,-9.958298325481804
945,3362.242826263069,1839.4612216027506,0.47875134720951285,-0.03041687985189287,0.19021655493686845,25,23108,276872,-13.605697594669516,-9.031847411848581
946,5732.098537999421,1843.390286069388,0.31233474864858457,-0.04789288337781962,0.23600248986163896,25,12037,215792,-13.335088350400868,-8.197816836970766
947,2841.826111512686,1845.0371962691909,0.39007965447674564,0.35596102182744566,0.5439953270610515,25,14166,225256,-13.381690919573778,-8.379812768988517
948,1804.1340525388791,1852.0300672921442,0.3542901397480358,0.07003239433982623,0.052159665328648616,25,12409,205828,-13.283761135229552,-8.25202702158957
949,5515.449258092829,1852.0100025856436,0.44750996604840537,-0.38242027219582053,-0.14423889003481763,25,31238,375352,-13.936096835684175,-9.357027294307471
950,1159.166353231963,1854.3027371274443,0.35644969146352795,0.7008186186341614,0.43907935620325733,25,23587,328402,-13.791014483377332,-9.119758161906296
951,3554.278241396114,1855.7872457801518,0.41367095616160854,-0.01305914599357617,0.07279844103017667,25,21265,272595,-13.588794714106832,-8.991192970647408
952,1575.3649656944572,1857.4975577478876,0.286240894988239,0.2922265824181107,0.019043455688178012,25,15268,247333,-13.483205163141086,-8.599391624993975
953,1764.9184774055993,1857.809650280881,0.2574556742504551,0.11816295414509226,0.2715660565767084,25,14499,243353,-13.465591761238365,-8.573289253021867
954,2662.0683598126448,1858.9769137556252,0.30598144797364896,0.143591097133984,0.5619593895784419,25,12260,213516,-13.323576062001553,-8.261099958977095
955,2700.112920347528,1859.7257776395238,0.5088221995998362,0.05447807236479744,0.09328327617048923,25,27580,285925,-13.64063032445106,-9.263134777664785
956,5317.801993728168,1859.8277806663793,0.35226315618806947,-0.10000354893259261,0.06970595272588513,25,15823,242003,-13.459551874407381,-8.592649691306338
957,2563.5090574855926,1861.3284116428115,0.22996140078240643,0.14000703169889658,-0.042777049649196146,25,12625,229807,-13.403408133281365,-8.358569001237635
958,1900.1103505049941,1859.9502084750206,0.31073620004599956,0.24242004193247832,0.9690214148036077,25,12658,223600,-13.373679498035964,-8.258398455431816
959,67.89651641973649,1868.1065489149662,0.30858391290872816,0.5393933113478362,-0.26234757608872866,25,16003,262796,-13.549046876428374,-8.57752915666113
960,2688.9322335546917,1869.4553071490259,0.23517410161141417,0.04924487123031274,0.19729909404248736,25,12745,229125,-13.400181194925683,-8.377384210405726
961,3640.0797791377654,1870.5206222906502,0.23454312012693632,0.2456823973644881,0.4185957031740735,25,17063,276123,-13.602756458078227,-8.825872045034448
962,3486.382200609355,1871.0480210878532,0.3233304588290332,-0.11183977604490503,-0.107770797686553,25,37532,440665,-14.110271394651834,-9.794849388592619
963,1800.6825004783002,1871.7151209177098,0.4035078327872545,-0.1637455544832654,-0.27045569747215736,25,26706,310315,-13.729506922522926,-9.313283667141992
964,3329.2610352673414,1872.0553341077427,0.2004321496839493,0.0147221898105978,-0.18376887222735155,25,14447,259609,-13.53579936075404,-8.58023855162134
965,62.276919007376755,1872.9864594843345,0.5103600270261688,0.2545397805755503,0.13057041430336389,25,31280,365582,-13.907462011054925,-9.336725037158066
966,4325.175845962149,1874.153180277743,0.5577007251707127,0.10734904674776986,-0.16282288017189264,25,65535,732286,-14.661701828204114,-9.976733570163436
967,4282.789794690295,1877.6599459811157,0.23601656181283023,-0.24513996722800208,-0.21697570227942337,25,12368,225289,-13.381849968258466,-8.341873160940803
968,3833.8303138463666,1880.5866765903638,0.23271977715853728,-0.1733827412359534,0.16263467212518942,25,65535,1202555,-15.200262370931236,-9.62136007070424
969,3402.057422752384,1882.0323733631762,0.2545789800479105,0.02386284559263071,0.05445948923992198,25,10013,210458,-13.307913597362873,-7.792756777009022
970,4581.639359707884,1883.445507529739,0.36215741969591203,0.2033912246033659,0.11488965822679066,25,14393,226239,-13.386418681235241,-8.470397963654907
971,1993.4409794060498,1885.9829789826401,0.4503839888472487,0.1437997034738038,-0.13469965236366907,25,43653,421012,-14.06073618649838,-9.86515590559614
972,3153.976483248042,1889.0529640199632,0.4992061061548016,0.43045525267781654,0.5404464351630411,25,21093,262270,-13.546871540623934,-8.856568892014312
973,4732.105926418346,1889.0989943002678,0.7061355150966209,0.060731292240447786,0.4599801696583112,25,65531,511263,-14.27161091014967,-10.066573256680847
974,4942.25042902368,1889.270407377686,0.3107333750343051,-0.07079429462443614,0.28534047739573454,25,11140,207514,-13.292618504640076,-8.067248826191113
975,4960.001997960899,1890.6123147320648,0.20831853415913865,0.10574150111664124,0.4838182431441443,25,15240,263172,-13.550599202358967,-8.651491371012861
976,5924.105075740223,1890.8595289550651,0.3204054098977377,0.06226755977124982,0.4943748996609097,25,14506,248651,-13.488975525435878,-8.446193936619405
977,5163.603692849789,1893.3303814410135,0.25085168781352235,0.18531843769001596,0.2586656569665666,25,9598,199082,-13.24757998766189,-7.8087705638425655
978,559.1746316065029,1897.5562662509758,0.28370766945073755,-0.1818770842979258,-0.6033841790897833,25,12089,221311,-13.362507501385874,-8.180877736153692
979,209.81742542267963,1899.2407193240342,0.47379656145970545,0.7095950670995783,-0.07284636177215294,25,41926,460435,-14.157920822847936,-9.73978014085709
980,5747.852950567309,1901.583181961985,0.35329055409404264,-0.07332552356132478,0.02923195307854212,25,13354,225391,-13.38234142603239,-8.305874097699808
981,1636.3625793229144,1903.1071001514943,0.4694020108555437,-0.08296245985755266,0.26644663053547724,25,29213,323010,-13.773039919431412,-9.343850955929518
982,2100.340742089944,1904.0965209971278,0.4062723300888008,0.11275721251705487,0.028638760704020584,25,20076,260334,-13.538827228264939,-8.92339043841972
983,4309.712586181716,1902.5388305361844,0.21476461790178997,0.3149865014235289,0.7639987966066384,25,9748,205946,-13.28438340315161,-7.840762596649258
984,140.89364647072935,1905.8522691121104,0.2916901655938605,0.695154832118118,-0.4256207984499054,25,65535,1126311,-15.129145814065453,-9.75802586905871
985,141.66410471002533,1906.9470302707343,0.3403872046521373,0.3119312431053196,-0.5982930197807153,25,65535,1016163,-15.017408443891968,-10.03622917807829
986,4230.482567244075,1911.8024518561394,0.4311870618851453,-0.14722509490418417,-0.0011259608089154748,25,19831,258578,-13.531478930082503,-8.8775144201055
987,4855.214292946862,1914.2751210705694,0.4681967235284568,0.07306616733720583,-0.23029400864880797,25,52624,643019,-14.520559514243859,-9.820348905747665
988,1967.7868644901093,1916.9509004244724,0.6837349675646364,0.6695180894864095,0.4877572163761087,25,65535,571568,-14.392669765603285,-9.870812079945777
989,552.14506323025,1921.1893733830345,0.31232107562816097,0.19258670825694035,0.13185022570980778,25,11217,206065,-13.285010583551934,-8.07607384686939
990,2610.2835040934906,1923.5886780723097,0.5058057056981601,-0.14595015198349867,0.031122820817110167,25,65535,558448,-14.367456849786404,-10.273975450297169
991,3563.9437255919556,1923.4269868947245,0.34642026639212214,0.12358223284369217,0.27318763714381594,25,13703,228201,-13.395793858022431,-8.371216596641734
992,5754.329417639567,1923.092025904785,0.2970956177110734,-0.18317936138819402,0.3023289779100287,25,13686,239897,-13.450062042474888,-8.394658257763135
993,3580.463262996325,1926.7747907962028,0.2615678465829939,0.4679837586778833,0.2642477934568916,25,59732,833011,-14.801626840875189,-10.142637884122639
994,1786.2255431208455,1927.9306361856325,0.3012621404974065,0.09792359861480839,0.023193435466302936,25,12227,210462,-13.307934232850942,-8.297137377233351
995,4913.297265734803,1929.8282239209052,0.20687262910028836,0.17023657070501821,0.251104864980748,25,12470,235107,-13.428163899653224,-8.337049387089916
996,4523.936871197377,1931.9168785038153,0.2549786764749044,0.02031329354119278,0.0868740197063547,25,8011,179382,-13.13444715456181,-7.48450129466526
997,1956.2276351512414,1933.6878371703351,0.20387259422441947,0.030015302027681,0.1350948443001692,25,8795,188064,-13.185764172585762,-7.793342208011653
998,756.2141362344407,1933.6091135234244,0.32321216264826247,0.2821631903655022,0.8917853098229976,25,14655,252266,-13.50464680239967,-8.416787772216786
999,3064.173610273642,1936.2344274541763,0.29251872139796403,0.12004735251498104,0.8038625702671797,25,14707,247951,-13.485914660410392,-8.51743164623225
1000,4242.625206948919,1937.5656502694105,0.2496715498247965,-0.19973377244630136,-0.008097325283020651,25,11437,214853,-13.330353555328482,-8.195544651698665
1001,5610.2797107766155,1937.2867582602566,0.356758309254433,-0.21140691357867525,0.24214921075735069,25,14928,237875,-13.440872003237692,-8.496259150869237
1002,5987.988753585313,1937.925785200321,0.4123034820933165,-0.3126858884506734,0.07257555568681216,25,26650,340720,-13.83099406766423,-9.208407956452795
1003,812.9609701685639,1939.6285225225135,0.20716136127051177,-0.09450771789357001,-0.5682534778616146,25,8945,190633,-13.200495206093745,-7.73613610247641
1004,6105.152129781543,1941.7474625724117,0.4841369438980554,-0.7608096527530555,-0.40250977929500964,25,49548,635951,-14.50855913641105,-9.693022879605808
1005,842.0422650165121,1945.7716337439222,0.394613188878542,0.14008143055988184,-0.10426978051835882,25,11685,196507,-13.23344506371533,-8.114607489601692
1006,1209.92969470161,1945.642361479192,0.3342237439721204,0.153858284929706,0.03934953801346143,25,10526,192119,-13.208925793558628,-7.986487811924857
1007,662.1343384689891,1947.1809065813359,0.3003258819997966,0.17749528868685083,0.27465185001446635,25,10471,198079,-13.242096087034705,-7.9901156322689735
1008,2771.909262986379,1946.9556319133737,0.23196482032649607,0.1987840875534253,0.4566060291553138,25,10485,206572,-13.287678635776137,-8.037993304403411
1009,4536.917537350611,1955.472570728818,0.27872646412962454,0.10238624836479726,0.21132149730714647,25,19281,283365,-13.630865517693515,-8.994263010425522
1010,2088.22534128729,1957.938698363987,0.43063334549068444,0.20671323335474173,0.17840472519398085,25,65535,617500,-14.476592404829258,-10.33343966871654
1011,4010.11767222484,1957.5661087335313,0.5751114973009492,0.024461015267124245,0.20274519300212712,25,42938,359143,-13.888168515215096,-9.760689543485165
1012,2520.5314384179956,1958.5358654906352,0.41603005304638613,0.6127597134773985,0.28100998853152265,25,64734,757688,-14.698726022745943,-10.079492307103457
1013,396.20099161092514,1960.1540033889112,0.6480439430784557,0.6670893767323488,-0.14801765748392776,25,50132,444675,-14.12010678434166,-9.790139716490742
1014,2506.38921287518,1959.1805139053738,0.34314931753623673,-0.13899378260134868,0.19160684808439193,25,16559,246430,-13.479233942592273,-8.713357643414861
1015,4740.457656406118,1961.4183070940305,0.5625154064696605,-0.5738497091950479,0.07958605782497748,25,65535,549914,-14.350736940800218,-10.20922234406787
1016,3193.650220016158,1962.9623467817362,0.4530460551396342,0.6038659266530801,0.4093958012322626,25,26172,319178,-13.760082372675148,-9.170915287898836
1017,5932.1218925490575,1971.1523034964266,0.4170008563991774,-0.08201875510438474,0.2958102383598306,25,19026,273886,-13.593924583390105,-8.77188726757408
1018,5994.379887175182,1970.896175274118,0.33839236886116286,-0.19572287463921828,0.35529811456483645,25,18572,293805,-13.670147955949517,-8.77642688795426
1019,6181.433429364324,1973.7979576753996,0.7613663976863683,-0.2403240553093918,-0.27056613276452685,25,50656,462229,-14.1621429735029,-9.638859935501875
1020,2219.3064169262348,1975.073542913047,0.2201203485994556,0.0912159580951253,0.04228812873534061,25,13079,233667,-13.42149345695548,-8.423264022589759
1021,4546.5866805902615,1979.4654812812885,0.3794063941676481,-0.23696139998144977,0.07166178306047763,25,33200,375113,-13.935405288545509,-9.592048429472047
1022,2151.6322110639876,1981.8210027211328,0.3475968615182891,0.20806897778665287,0.004751670433696266,25,17337,246966,-13.481592919295295,-8.783135899149594
1023,3643.5078177895602,1981.8700174095534,0.29981938624278764,0.04560485141567222,-0.10150975789050462,25,14575,239073,-13.446326328274289,-8.542665293577208
1024,5225.057268755676,1981.3633780332864,0.2535571248227214,0.21588231540316416,-0.22669907914138823,25,11751,226412,-13.387248602620893,-8.150293001645567
1025,309.6766098294733,1984.087830449104,0.32808743711246385,0.5083195028810649,-0.2685010560202249,25,20600,301755,-13.699136187432323,-8.943625297072849
1026,1292.086377713041,1983.7745004091066,0.4496819711392106,0.15614353004585327,0.01854018867633767,25,15345,217617,-13.34423204739312,-8.501219714738838
1027,6036.360874866141,1985.1722481265936,0.4406355037547731,-0.22702128887942458,0.24118789208850608,25,19652,282272,-13.626669500994364,-8.755672974667597
1028,6113.200181659688,1985.8266784080536,0.2565606613392273,-0.6368030816665743,-0.3577325046654924,25,19572,340830,-13.831344536400378,-8.778482921288864
1029,3048.8424554290714,1986.801028620817,0.2543358266007402,0.32711266649595616,0.2643918209247372,25,65535,910252,-14.89790410459037,-10.141910132083447
1030,5130.10478059422,1987.4967280185492,0.7038629929594873,-0.049683747200959194,0.2561211329207954,25,53415,391466,-13.98173512062346,-9.88855047670089
1031,5811.877641970419,1987.8382114747878,0.5200092614779078,-0.410558037162095,0.1269471582094773,25,60942,591254,-14.42943522970104,-10.10898620946795
1032,3463.7437024094306,1988.9792081243531,0.4673613166470538,0.1508160925096826,0.0346593885939909,25,63392,693330,-14.602349980709599,-10.081793697126182
1033,14.188297860152383,1989.9111630845912,0.6771429205531768,0.38001904690382526,-0.3069888584902264,25,28489,286768,-13.643826718615731,-9.0976943594477
1034,4775.766397373837,1989.5892831043495,0.2089236056591531,0.010655504891136307,0.0674953990450346,25,9799,201679,-13.261651698197667,-7.938484694859892
1035,5407.76882927694,1988.967403492655,0.22926829854397987,0.1637829010361929,0.43933390933460803,25,10072,207652,-13.293340295932115,-7.92369825714427
1036,3570.256692779552,1992.078203686672,0.2080683991627887,0.02548971605816471,0.11308123758210727,25,10327,212555,-13.318678313682097,-7.954345815433673
1037,3318.0306814931605,1993.3737322611141,0.34623106927610653,0.11302209344112563,0.3169402679002781,25,15553,264938,-13.557860633820948,-8.473231461905463
1038,3605.1720547482014,1995.2723418319283,0.3104149191006201,0.15813860313133893,0.11216616734404285,25,21014,296702,-13.680801184515026,-9.054199504316156
1039,5477.861738731956,1995.8612628769372,0.35288515160387157,-0.21695789696756052,0.026079418414261875,25,16931,253379,-13.509426544501459,-8.690146540828605
1040,2528.159309558637,1999.8252816082938,0.398979558000592,0.05405675564519763,0.11208782290741359,25,65535,623776,-14.487571652775806,-10.375461183339372
1041,2986.1503968230654,2001.8082826588038,0.317998694736701,-0.019281441641459476,0.04476223480983324,25,12616,215248,-13.332347812126088,-8.318018847413507
1042,644.2399916303581,2005.293345683126,0.22752816445129828,0.12085352444069562,0.026271958423849266,25,9294,190544,-13.199988194789395,-7.856770984752711
1043,1394.5503075399158,2008.7957607532362,0.23508397097069336,0.2335368892939459,-0.007808576001055317,25,30606,423076,-14.06604597408694,-9.586355714671447
1044,4687.9977108322655,2009.808430244238,0.4166087310843781,-0.046960250522123805,0.09302395969949202,25,14853,221802,-13.364913644715987,-8.458341312920957
1045,1224.1503820284627,2012.188822902905,0.47469178151478064,0.5100258103611671,0.05454583435206042,25,65535,609492,-14.462420023948114,-10.274428133903616
1046,1234.0852521345305,2011.7869148895227,0.21271692008328097,0.09942214062607471,-0.04744635901793076,25,9229,190499,-13.199731750611488,-7.884564423792386
1047,2979.594125241035,2011.3059904876366,0.31638194496954297,0.3367638258679631,0.18777388049462848,25,15216,242456,-13.461582339912617,-8.577944000620981
1048,730.0980334937052,2013.2391502510995,0.3500443264394362,0.4652945570736337,-0.4924565742529278,25,65535,1035717,-15.038102761765755,-9.953529448683486
1049,899.6791792447785,2013.6726710426265,0.4286276620144661,0.6250815244171093,-0.263014230479136,25,65535,670732,-14.566372566552012,-10.284019026484462
1050,4199.979852173708,2013.2704787690827,0.7367547747397502,0.3888987808235821,0.5263844885981168,25,30643,276291,-13.603416845715117,-9.158414288874274
1051,5097.787234941232,2014.8207628206744,0.2727506498859945,0.2501686108353606,0.5222869032326971,25,12082,224410,-13.377605514348613,-8.226566249100845
1052,5976.048765453875,2016.1131212432826,0.33083220224642385,-0.20797933429312768,0.16582035489165758,25,19723,298476,-13.687273539780673,-8.859336126972217
1053,2601.820518906028,2017.7116856901237,0.36105442233018054,0.15458953730769395,0.07072927329831101,25,19233,259480,-13.535259723145472,-8.91570603274127
1054,6242.00955846901,2018.2400685977161,0.4683215552243253,-0.4916384850893709,0.2787765102178565,25,65535,877112,-14.857637631865256,-9.87898076962196
1055,847.6350300346859,2019.6939557170117,0.23653266048366245,0.2717385541182648,-0.21012193367163443,25,10438,202410,-13.265579912187393,-8.031647633268777
1056,520.2182741213444,2021.3390495344931,0.37720298717551026,0.1997807154079755,-0.01662811550354369,25,14710,229107,-13.400095896423196,-8.487024376442896
1057,2967.226245691944,2022.0958349341113,0.20612168219717394,-0.0017876391626152441,-0.15287124075463365,25,21637,325444,-13.781190672864891,-9.226302802962838
1058,511.89758279566024,2023.991937364725,0.42419804589724336,0.678719297515836,-0.20314411961891604,25,62074,627349,-14.493773025150215,-10.261565601754572
1059,770.2672044525339,2023.9204999143824,0.205884447115244,0.11340792822346352,0.7420063984906409,25,10745,218540,-13.348827346851639,-8.132315311469073
1060,5998.355273524404,2024.9701349737052,0.24422439701514187,-0.17073240649073868,0.3263422576533897,25,12850,240959,-13.454857880414824,-8.341698086202419
1061,1354.8910452220885,2027.7414824698897,0.20402274539025966,-0.0963756055677476,-0.4312352526106328,25,10559,206962,-13.289726531452883,-8.148919152293969
1062,2579.2850694710555,2029.4291237984705,0.2127517349922584,0.050644237249261655,-0.07487209693733643,25,11480,221704,-13.364433821896014,-8.188255073665811
1063,3930.335316358936,2028.80737122402,0.3406797679393244,-0.09256788283657727,0.4963421446404979,25,18750,270332,-13.57974364366643,-8.875521689360342
1064,4550.809411009288,2029.5960994231193,0.28927133241439584,-0.3549479309125077,-0.17028515885772222,25,14870,243213,-13.464966961836593,-8.584748829569909
1065,1632.073894298336,2031.8351419865803,0.5986318964152579,0.17575431682871206,0.03676755838684573,25,34940,305591,-13.712851399072827,-9.489758237925688
1066,3816.0621614087636,2032.0123616786611,0.27771951815122975,0.03059426742616654,0.0709262158874909,25,11949,216265,-13.337465598912136,-8.235298713932119
1067,442.07559932926637,2033.3896977929844,0.4331804103714684,0.3891082369085308,-0.0195895479999602,25,16761,237931,-13.441127574742664,-8.610862198278344
1068,4867.926255894508,2033.8728062751925,0.37646315396849966,-0.04706759384615968,0.22408055472972896,25,65535,725703,-14.651897296062518,-10.270520066686807
1069,2665.903406963645,2039.5353301585135,0.42446258884449733,0.16126667369853234,0.15963123934868684,25,16591,230813,-13.408150664472533,-8.635856513164814
1070,2478.1828227137785,2041.6159593448604,0.5615597948033368,0.004524491677767458,0.08780548315525173,25,37610,329786,-13.795580537824003,-9.611890726660187
1071,3481.9212907203646,2041.603021290406,0.21154296423745414,0.07891272229226783,0.15982385925514206,25,10808,222573,-13.368681198938644,-8.038553789392271
1072,5243.738360645401,2041.4444008778316,0.21146113890352558,0.06792534313453015,0.17246244987460282,25,9666,200408,-13.254787634885583,-7.908037645207184
1073,3825.9178838715725,2043.8292697140562,0.7197926715328974,0.1269761304921935,0.10781118381867484,25,56622,379046,-13.946729794932766,-9.95763251547301
1074,142.02728927833704,2045.4648361163256,0.35309731181602955,0.18986489263201323,-0.24242895154765215,25,12322,210641,-13.308857269696357,-8.213636917154778
1075,276.0446438589027,2045.5458706879988,0.3042195493838366,0.18346859327914952,-0.1736966004114956,25,10895,198149,-13.242479712296545,-8.09442437201515
1076,2382.9003442381613,2045.7728408501514,0.2817710518651458,-0.2262750815439069,-0.3621283749578929,25,14162,235836,-13.43152525049807,-8.518559285083867
1077,2491.7554934688983,2047.6590638902721,0.5287581206458255,0.26617078696009944,0.07685236330072236,25,59919,473510,-14.188322888120986,-10.198453119231395
1078,1194.0230349638312,2049.56410433328,0.2638288198893303,0.074369615783862,0.14582309350786607,25,9105,185712,-13.172099917742079,-7.762309953464515
1079,5693.916900452326,2049.695389287096,0.463634134048225,-0.17886822962648444,0.0422359697195057,25,19945,263272,-13.551011681641786,-8.812812028710004
1080,3306.667298252608,2051.8037870657117,0.4362564324838303,-0.23416848188224093,-0.20586979558424126,25,42068,481550,-14.20660346799054,-9.752800753364179
1081,5896.093322034307,2051.6960523025145,0.22633689955087616,-0.08258472635887111,0.09541435545385905,25,10181,207075,-13.290319175077407,-7.9632864571947115
1082,396.7090827328652,2053.64059164567,0.2756364258000304,0.8614197823116069,0.053846023477770066,25,65535,1249635,-15.241957951252234,-9.489943141932024
1083,398.7948659742375,2054.5159540583663,0.24357950985574492,0.5257345878053449,0.09035528702373405,25,60922,1188962,-15.187919936264905,-9.66528098754798
1084,1832.571158702853,2054.989857430438,0.3487669696900456,0.26300245891226165,0.08894008516028268,25,65535,767576,-14.71280346769078,-10.230206260544284
1085,1747.7116813009814,2059.0999011025724,0.3690071650919618,0.10175569086481745,-0.031792977622402255,25,65535,842655,-14.814124505173616,-10.12622137912701
1086,223.79387398864407,2058.9492876577037,0.5494966184249174,0.703775575388611,-0.21742012443582004,25,65535,746680,-14.682836297009658,-10.063323478146646
1087,1094.1937086752973,2063.253476764457,0.21204825845986888,0.11187999005561151,0.20236605199860663,25,9180,190086,-13.197375329688013,-7.8713047603151125
1088,5741.995868103772,2064.2714391488457,0.24548585164217532,-0.12408165527765344,0.20676725893976486,25,15581,269144,-13.574961756441535,-8.577391021847683
1089,4293.65110807458,2067.14943169685,0.2749523997222276,0.23364975892884635,-0.05095411905666389,25,29034,381608,-13.954043676606853,-9.511466375380762
1090,2934.478438599791,2069.597708061021,0.30223286519427806,-0.015567610438433153,-0.014928086888397467,25,12033,215974,-13.336003679541975,-8.248722877162102
1091,6145.577913745059,2071.0285604804685,0.27994394066395634,0.24953891646437248,0.3191191609970743,25,10382,212809,-13.319974977380891,-7.822848140352734
1092,6174.821719436295,2073.2901675653566,0.34258382042318186,0.35051423678201404,-0.27394192719045424,25,58508,1002137,-15.002317742642663,-9.865008135518314
1093,2701.423690158105,2074.2706413548326,0.26985669703624887,-0.0048254756227701055,-0.007974739101218544,25,17791,271849,-13.585819349457246,-8.861058812085517
1094,2469.0084679890824,2078.9879063966055,0.2876117044591133,-0.03478836127343509,0.15879916299866592,25,7842,177512,-13.123069292880968,-7.326304684772852
1095,1234.330481765365,2079.782101419285,0.2410523329604514,0.07199629423702472,-0.10028763046697511,25,9204,187895,-13.184788058536288,-7.846304788956341
1096,1752.754813888331,2079.913519118256,0.43637492796494687,-0.035668048250679575,-0.17440019328831835,25,47938,507895,-14.264434843534882,-9.911742976396772
1097,4776.035576812507,2083.645676663078,0.5920662443748036,-0.030837269792394772,0.1764443240917319,25,40985,347056,-13.850998892515637,-9.680058240046973
1098,4937.439997661655,2085.4791202009333,0.25526960395833326,0.37701849665006815,0.08620646667766024,25,40410,507831,-14.26429802097211,-9.932123533103216
1099,3471.9419903500966,2085.546566348157,0.22451068884546418,0.031529419981699704,0.18510910327602384,25,11014,221807,-13.364938119787613,-8.079029496834977
1100,5758.048147239536,2084.763136331299,0.21843856042131082,-0.05965994585353444,0.44287013944314857,25,12470,237593,-13.439584103123941,-8.329122923583986
1101,2858.4360671594086,2087.0691012501193,0.6614817350144517,-0.31858435146630154,0.2981163683218661,25,65535,616878,-14.475498205197512,-9.981239335071795
1102,4451.690210865755,2087.541129726241,0.5296508675563188,0.4226231305159568,0.12105848187742999,25,65535,570124,-14.389923308738087,-10.228521288070615
1103,3674.265646479687,2090.3060431856084,0.2574599744302516,0.030875332539577607,0.8031800657198728,25,12052,226928,-13.389720213877759,-8.233330292053193
1104,4797.874745928073,2096.015720383273,0.47393946461240877,0.08171826275224332,0.2117116760843909,25,65535,582439,-14.41312611887765,-10.293896575532091
1105,3169.6698137875815,2101.3147092001873,0.42795440512643945,0.4056713326123882,0.21879748465200555,25,25966,311616,-13.734049371324453,-9.219323021829
1106,1951.123493015333,2104.9322627177107,0.2296403305958775,0.45914266286100286,0.8033391391195406,25,14262,252587,-13.506027486950195,-8.551192148521263
1107,2570.233678121189,2103.69096589492,0.271756303942855,0.014112800773763506,0.06464122205340052,25,10736,202248,-13.264710589082116,-8.098008739194661
1108,2597.725925756241,2105.8941885648405,0.20958327419583606,0.08336821416957192,0.04476371656661105,25,10403,204303,-13.275686859726981,-8.08607602900979
1109,4911.9850009743095,2107.8738012874082,0.5765735190340969,-0.057513127470223066,0.09435011124876404,25,27136,276130,-13.602783982250784,-9.16938268730277
1110,5433.418150066995,2107.4584552238766,0.6403080415415147,0.38856481705781226,-0.08501692598975512,25,54874,486103,-14.21682075336227,-9.89964319281677
1111,3628.265188325628,2109.4297736733297,0.5565310332406955,-0.10734625050262053,0.1942199649549664,25,52828,430831,-14.085767362403791,-10.013469296038773
1112,1106.9864575729866,2113.640063739542,0.5299126284024425,-0.38266644202446604,-0.486854585661416,25,35917,370254,-13.92124939768294,-9.505213563018737
1113,1165.9845505179333,2113.6873139850845,0.3167895262515145,0.15842207820490256,0.06793926481319237,25,11397,201802,-13.262313665216299,-8.146349295099949
1114,3098.951773947716,2114.2150528291386,0.5520408941650068,0.13196342476413214,-0.037421340168868514,25,65535,678586,-14.579012238532599,-9.858186890601239
1115,5621.8379172067225,2115.8980436222632,0.29057496994835186,-0.08686452863180266,-0.02625259800465656,25,11477,212069,-13.316192971233608,-8.134726857223333
1116,4875.460637642638,2122.979007096044,0.5851610796961821,-0.5179846000597433,0.12186254899096981,25,64087,1064573,-15.067938618193876,-9.391697967372476
1117,4875.711283681333,2123.2825765165007,0.7386149610691259,-0.015353103569737105,0.2025699694079477,25,65535,1073792,-15.077300410111079,-9.288186400517237
1118,4875.457621510791,2124.272120808079,0.2568567672725509,0.46107811218418615,-0.0575146520694467,25,65535,1233639,-15.22797022654238,-9.656292308915038
1119,3155.618697852613,2127.5905387711587,0.28662093853204434,0.17273157136210296,0.03803004277669748,25,13026,231253,-13.410218438662753,-8.331527227228987
1120,600.5454691187662,2129.8781368894115,0.231578713845482,0.1271011052043634,-0.4094131230705353,25,10801,208346,-13.296962917315575,-8.110077099119106
1121,1071.1251721171668,2133.5994930939823,0.24504751402685657,-0.24190689740716795,-0.5350272019219025,25,12501,226628,-13.388283915343823,-8.33234096281934
1122,2766.860241550362,2133.446638084561,0.3630986311515946,-0.44760794794826947,-0.1977520513650117,25,21652,293166,-13.667784003696621,-9.022990620649704
1123,5306.857813948684,2137.7631112007152,0.3883297751568598,-0.16501887138009608,0.20506975500824326,25,38998,451945,-14.137713965071178,-9.717459605974634
1124,4586.460996282604,2137.116269274762,0.27094561492031366,-0.1796805565929549,0.28600856859690216,25,11888,219283,-13.352512410334139,-8.207892446524252
1125,4818.156005250121,2137.428887808868,0.5485262107335807,-0.13804968164881182,0.24288504862220378,25,36246,338486,-13.82385177672954,-9.561666469128303
1126,3804.530388578495,2139.781442090872,0.5450964956646608,0.2786199662007178,-0.5850803453606186,25,57102,897513,-14.882601869553122,-9.508707510532235
1127,746.1109091972172,2140.4797412620296,0.4135330866737579,0.7238731881385326,0.11236741748262491,25,48774,545399,-14.341785843296755,-9.922657767364992
1128,1752.162305496296,2140.012114404522,0.2508620221442049,0.06564047190059295,0.05609735581456896,25,10093,195151,-13.225926952627196,-8.000605788015806
1129,5106.142441445035,2139.875381829141,0.4493534104264707,-0.19568104102451941,0.12065674105814668,25,31098,335199,-13.813256785820942,-9.447603408119535
1130,3806.8938103112805,2140.301797743799,0.23258906842992744,0.28974992658282717,0.4175471460224795,25,65535,1147038,-15.148944514493675,-9.857813683909137
1131,55.891401228672386,2143.834607736136,0.42636431762335697,0.3441805045995274,-0.3883344823873378,25,16523,239927,-13.450197809281823,-8.57829046607209
1132,650.2342396152177,2142.6728484234764,0.2238354904838139,0.12196705402980251,0.3848429828726798,25,10099,204265,-13.27548489591239,-7.995356388194157
1133,2923.588992098095,2143.218112363128,0.5664238019802486,0.6126092377720358,0.25745856861070354,25,33943,345359,-13.845676945334981,-9.401632966133072
1134,1591.0629112053164,2144.400326005625,0.23565403695386766,0.143105324950876,0.24260306138327786,25,65535,1125377,-15.128245087434227,-9.850526057261165
1135,273.97487713446094,2145.8930401507646,0.48448940374898514,0.47698826524364457,-0.2955685310487829,25,26474,308742,-13.723989282868756,-9.170500512232048
1136,3107.2183363531813,2147.7355522420257,0.2809477995334525,0.2705484884263331,0.23726129321527503,25,23336,326841,-13.785841326481464,-9.222139138654047
1137,4485.371680600934,2146.8949354248803,0.2293630998604577,0.21743744576017085,0.16662239807160337,25,27600,383620,-13.959753102497967,-9.5108171422838
1138,1316.9365343419736,2147.962922496641,0.6310970408651716,0.13097123601356078,-0.34036410831450925,25,65535,661199,-14.550830470178006,-9.97653785261421
1139,4802.49417895557,2151.2941672063835,0.3161699334103305,-0.15254461749799078,-0.014053100458895322,25,15158,244820,-13.472117233998777,-8.54004317547515
1140,987.0907210237513,2153.9040825221864,0.28019273018705904,-0.008764899654271576,-0.6581308832626307,25,11351,212095,-13.316326076076825,-8.100919655396412
1141,2277.9435899728473,2153.4098024250616,0.318215289136705,0.15449930767361442,0.25027200509006237,25,13055,215940,-13.335832742591387,-8.388810526168413
1142,1142.8260776714073,2155.4755303139473,0.4915327820608096,-0.39587571630394075,-0.3088744373043181,25,23396,287523,-13.646681477986334,-8.984400802235777
1143,1251.852013176077,2164.0710416653033,0.4164440851895052,0.4511964862680048,-0.018304261703214527,25,65535,644262,-14.522656291127777,-10.326626085117166
1144,5014.932021923709,2168.0444718728054,0.287695732414395,0.05081561309691721,0.42467177202725226,25,14694,248219,-13.487087554100752,-8.505691677701195
1145,4646.566182250354,2167.6197162583976,0.481468007287127,-0.5794192672914821,0.06602451724264197,25,65535,611485,-14.465964520163677,-10.249895904401
1146,2808.6441499382513,2168.967964166679,0.2959560223864246,0.3040543236750811,0.07608459967552346,25,65535,817789,-14.78160316151232,-10.26383869484153
1147,816.1836914718539,2169.8306158365667,0.2793903881597542,0.13060552007302198,-0.18842146818452646,25,10123,192134,-13.209010560850382,-7.994756624541611
1148,2495.934203155931,2169.7267890796224,0.5409115356772373,0.1465066042522457,0.10142900578597353,25,31661,302480,-13.701741660886197,-9.413550160095717
1149,2608.0964485048235,2169.565936502734,0.5206629536272398,0.09940941624847753,0.1713585780547808,25,29743,297792,-13.684782566292885,-9.352583921188845
1150,44.23981346205382,2173.8221696855467,0.6134408025191299,0.2789337314922961,-0.337082200713448,25,20690,244945,-13.472671446850008,-8.723713418401992
1151,1405.9484885817933,2173.711660321567,0.2220584463103063,0.15353959537737802,0.02820286408000538,25,9841,196936,-13.235812781613134,-7.990169498093804
1152,5453.708360573637,2173.23915403834,0.44227155117009903,0.17823815502630333,0.19066483274635243,25,20039,273834,-13.593718425927104,-8.824003209142155
1153,4832.981134111842,2175.6719565537314,0.33496763498083126,0.08710739895120932,0.22215329542522905,25,20430,284965,-13.636978805808159,-8.98408891475682
1154,4367.182073424084,2179.71884849533,0.3196143105387057,0.24508196239256633,0.2918779408765294,25,15829,249267,-13.491661967152575,-8.630653223204913
1155,527.6785658925658,2183.5873252141687,0.22908796098647122,0.21380533783388606,-0.22673032775884044,25,10260,200913,-13.257520096295774,-8.031765020823624
1156,5378.055840141197,2183.2448039187584,0.24609814976121852,-0.03180742171254409,0.32056956388707564,25,9789,200846,-13.25715796712683,-7.886549258720317
1157,2064.306121064427,2187.0593502025577,0.3435039599771221,-0.06810355210582703,0.3640105211189642,25,14438,228952,-13.399361104100983,-8.496222133401375
1158,4646.949664013588,2189.850180869641,0.26083665949773893,0.075347955980342,0.3122529321795072,25,13989,240584,-13.453166853199852,-8.493378947088146
1159,4100.170627033046,2192.659257902848,0.4388308724764799,0.4444673733386041,0.4525721715084361,25,44399,471574,-14.183874631177414,-9.787326014688007
1160,5997.745483249189,2191.2099635624118,0.42458545011313886,0.10559449921371719,0.1310757365748305,25,19886,287118,-13.645151050342868,-8.793541977031262
1161,5235.674922593693,2195.564729558407,0.3553440281516198,0.027701702909054732,-0.008384019499900072,25,13839,225130,-13.381083428375701,-8.40267039852246
1162,4016.1265894163685,2197.613827072415,0.37545832240820487,0.14621896469681062,0.4167359689001315,25,17585,250584,-13.49738334368497,-8.753914391689367
1163,4873.733849303798,2196.0214906695405,0.35252361702575435,0.5227255679450109,0.9086521096399572,25,12855,230879,-13.408461081763722,-8.180451250548984
1164,541.6164038494264,2207.5417561706154,0.3768609685195935,0.3842844661500264,-0.27580742762800886,25,15445,237831,-13.440671154843324,-8.521142691266615
1165,4850.274448047613,2207.200273833663,0.22025216002732,-0.089992691044934,0.285091556772216,25,9810,202344,-13.265225827532767,-7.916104107719733
1166,1992.1469831942854,2209.102221143469,0.6141237196580598,0.24420888858971423,0.24062584185790648,25,65535,587647,-14.422791308436961,-10.084896405879128
1167,1156.380508718989,2213.348463812531,0.23310208655220946,-0.1621563526159604,-0.13978565778572072,25,42202,549882,-14.350673758976384,-9.971340825076394
1168,4025.873570547359,2217.0003465174914,0.3498348096130433,-0.19003477646953346,-0.158519209197658,25,65535,912431,-14.900500080212291,-10.051643723162893
1169,341.95718059997614,2217.8614606239025,0.3866022463946975,0.28131254974001096,-0.27506952402724727,25,14705,224534,-13.37820528310736,-8.47155355384726
1170,4180.180867511739,2217.9489059456064,0.276418239957894,0.011365702058664003,0.12267000824772414,25,11592,210912,-13.310253224900197,-8.209049008605913
1171,5452.4204737221735,2221.6695260621514,0.43286821367012307,-0.7004521443968487,-0.03595060014556779,25,65535,836440,-14.806086983379076,-10.09695826544492
1172,1343.5802865590401,2223.77795210617,0.39309903274904534,0.6627911500422473,-0.0076507681280639245,25,65535,680205,-14.581599549969518,-10.32213055813666
1173,2324.339599838835,2223.279212213314,0.2811006787188892,-0.04807923387009344,0.183714674205704,25,11855,214150,-13.32679519683147,-8.241788153884066
1174,2769.999199385504,2223.110604656175,0.2504379638859357,0.11685941637285158,0.424612195801478,25,10266,201158,-13.258843272566079,-8.023743538103487
1175,1526.3620220327634,2227.185241540808,0.6052570119225129,-0.07255399035568932,0.10669229205739561,25,65535,562228,-14.374781176207224,-10.137656735899007
1176,2551.89283095278,2228.6972489963614,0.25262700980820246,0.22929859515973508,0.4726628890962354,25,27030,365866,-13.908305130723434,-9.437874403156162
1177,3620.6664866305887,2229.8373528225,0.6087910481248882,-0.3112932784496782,-0.11464718540416476,25,65535,576061,-14.401171184949996,-10.087068241149773
1178,1980.700558311183,2237.665779323446,0.45232269039073814,-0.265571059964417,-0.25368588939700926,25,19969,253365,-13.509366552446808,-8.859739212540337
1179,5681.897176047466,2241.5562672112474,0.31352962881251933,-0.04724974527802561,0.010556856983404164,25,10775,203794,-13.272978483949696,-8.003856251012923
1180,256.4457429246124,2245.771671143571,0.21000709931228978,0.1634465388460473,-0.4128071954850932,25,10245,204687,-13.27772565199641,-8.025049884996548
1181,1295.2063143156608,2251.4861943791575,0.4361603401197968,0.37878782723581844,-0.04969721541179903,25,59151,566742,-14.383463496101474,-10.211764790432111
1182,3415.9804274789167,2251.628031867603,0.44207267156197877,0.11181330999680862,0.1752342585149623,25,18879,256478,-13.522625296052638,-8.770334801085575
1183,1380.6704760329098,2259.3727020883384,0.647495407406983,-0.6126347932448181,-0.12792510461536613,25,65535,564599,-14.37935026150712,-10.073283829746593
1184,1323.2636710462698,2269.068993030971,0.37018167767045407,0.1758615800121685,-0.10849356592096103,25,28087,339149,-13.82597635215274,-9.37303443686476
1185,38.630496096489736,2270.1137749184304,0.520574928891052,0.40033623941703994,-0.45039949842181565,25,26968,332901,-13.805787749335268,-9.111810511681123
1186,6158.6383466156885,2269.9889116641725,0.20519293683403755,-0.10163981822732533,-0.2539047044908115,25,11649,232780,-13.417364159631433,-8.160372523255015
1187,1880.2131280350266,2271.102390208916,0.20184716230725006,0.01497489043898307,0.4684738515827702,25,9286,194515,-13.22238274379497,-7.869574927812449
1188,830.4175787510242,2273.3330790398695,0.23150033414551513,-0.04552395996187104,-0.07720039376486378,25,10050,200214,-13.253736105812358,-7.996172505844832
1189,511.6833578536302,2278.0345567395675,0.2167361853171755,0.33177395540320764,-0.2459275960150383,25,13199,238843,-13.445281293806419,-8.432788715652507
1190,3855.2731882573685,2281.5060367882143,0.41085436155479266,0.30543873270782446,0.164069069728607,25,30470,344924,-13.844308534664025,-9.447213474869951
1191,2786.4743695556895,2282.9905590353337,0.3515856467805642,-0.17731100667128952,0.2363833031372789,25,16122,255345,-13.51781839550563,-8.592992146447008
1192,1489.3179300318827,2286.0137952021714,0.3915467105165658,0.2823644651964151,0.006107747220569178,25,65535,1052290,-15.05533860820292,-9.691095162574948
1193,220.64210452217938,2285.6686535297795,0.6497328329451303,0.010357308577586589,-0.469417610662759,25,45155,420115,-14.058420470215667,-9.6501951817619
1194,1490.1480691489512,2286.7057858380967,0.3227739064324984,0.2381141958830656,-0.1566106855170101,25,65437,1052071,-15.0551126239448,-9.820271733966916
1195,3356.1556903718883,2287.296239695822,0.9925971898951547,0.24034116141925926,0.16774300112534302,25,65535,429269,-14.081823816731717,-9.740997365489498
1196,4429.470396157685,2286.991238001747,0.46730200639987424,0.02612446264720997,-0.33495856990625955,25,10073,187076,-13.180045188470423,-7.705129786938977
1197,840.5484230193431,2289.6018529233047,0.22157498326300754,0.0113799766040066,-0.28555389918228086,25,10064,201715,-13.26184548642196,-7.98970991202653
1198,5792.0928033402815,2291.2648635624673,0.21859606679956878,-0.07186703490579828,0.20516523879460796,25,10166,207502,-13.292555717497121,-7.961963081065594
1199,3201.9113367554196,2293.2971525956195,0.20325905114967055,0.06042042033268283,0.4437536497396982,25,9996,217224,-13.34226951651564,-7.8512649366152605
1200,3234.4283181784544,2299.770094523841,0.3987658967810821,-0.08811704624582445,-0.04054727169904126,25,22820,298711,-13.688128039363844,-9.05965638207128
1201,5927.877317172735,2301.550221484266,0.524832894894519,-0.19153139906523026,0.04552888934634537,25,65535,623342,-14.486815975234649,-10.207385638034562
1202,2075.716171457398,2303.3455606907605,0.3345236456043691,-0.01853585747890987,-0.16595268892031081,25,65535,929127,-14.920187701640469,-10.058540753329709
1203,479.2202016353399,2307.543095115522,0.3509257063502864,0.613306762787477,-0.35319394066364906,25,65535,875959,-14.856209447810425,-10.180919790134276
1204,2976.282949236145,2309.392270785213,0.5757299899257873,-0.08897603384086573,0.18078806820507087,25,56029,449196,-14.13108970075415,-10.056026663453343
1205,3511.1369265578473,2311.767592020095,0.29277640407672767,0.2745423333393984,0.12091603182282025,25,44624,528706,-14.308035597518858,-9.986566231256822
1206,4462.817252408738,2312.878234285615,0.48082947731682774,-0.3459864181874908,0.14948963453100483,25,65173,1012705,-15.013707385536657,-9.763017191852516
1207,3591.533366878109,2311.8209334296507,0.46561925489684397,0.43086777644485663,0.13374123121630768,25,65535,704675,-14.61997216038557,-10.09666353276496
1208,4462.3655424493545,2313.1006836464862,0.32962544962620344,-0.31129427644446456,-0.15412850309178663,25,65535,1141445,-15.143637475128562,-9.866614483607322
1209,5960.039857925415,2313.0514318247933,0.28329672299372916,-0.010455244380047381,-0.14798429415849917,25,65535,1186365,-15.185545814262118,-9.772691163291384
1210,378.08083541129935,2313.9856285780957,0.5665654895077864,0.442911043828011,-0.24231207653376846,25,34634,347513,-13.852427639025128,-9.434157294292906
1211,5959.205989845161,2314.013050817983,0.2218897678926769,0.4082664495314614,0.43250139805900467,25,63760,1173633,-15.173830781051112,-9.927382976782022
1212,192.07265549408658,2315.6329611547617,0.49160450303884007,0.34096546438687175,-0.20515532883613768,25,20769,261688,-13.544459520076284,-8.854163306225583
1213,2252.633977795256,2315.505102336681,0.5959143168465632,-0.5936420083831924,-0.08948320095725161,25,65535,554167,-14.35910165121291,-10.143167037711772
1214,4494.15645091315,2315.1702245602023,0.33939718458361773,-0.005629722567020729,0.36688936860885174,25,13754,223935,-13.375304942734267,-8.432395379675903
1215,5562.341383497767,2315.4328740124065,0.38212806864782384,-0.19882523458583487,0.05792250508317753,25,12251,213182,-13.321876330732824,-8.129038377576984
1216,1827.2025080883295,2319.255383496108,0.3168978336317743,0.1387834452019553,0.009859442577855405,25,21413,293475,-13.66892777823095,-9.076999857075268
1217,2944.3774784786106,2323.654581766929,0.4931133320004384,-0.3426288440262054,0.04634340264016892,25,65535,643301,-14.521035566259915,-10.170605354777091
1218,4473.9811920575185,2323.5440523142397,0.441229331200156,0.04930101714399358,0.2454260041382356,25,18637,245844,-13.476649033714232,-8.782194705715357
1219,2565.1429759186362,2325.068341334864,0.3966061982373144,0.18054509013173134,0.1186986698318475,25,65535,631895,-14.501612297331475,-10.361042353909838
1220,4496.146329715214,2325.15075834711,0.5178240662048506,0.06583571257377153,0.46457745363791964,25,24868,276259,-13.60329108855797,-9.106071544789385
1221,2420.451203214889,2328.2192911257316,0.45068170796854523,0.3082206116553975,0.1697497626517462,25,61279,610244,-14.463758795173081,-10.163704339348564
1222,196.11397715462948,2331.789184006515,0.40307235421423626,0.3565788750454934,-0.32997840003741474,25,16628,243188,-13.464855352669908,-8.613138637650522
1223,609.7641812324374,2331.648194810581,0.28832337196332963,0.23073844251291192,-0.2982153170364313,25,11603,209098,-13.3008746971432,-8.178375935214598
1224,3436.2264529347954,2331.7225656011424,0.38536239619092416,0.029061684836056183,0.11502572253952312,25,15691,238384,-13.443192757023484,-8.558655861192097
1225,1029.842085348361,2335.7031137148715,0.5221404458389787,0.4127388579182981,-0.11766610175278472,25,65535,543637,-14.338272518003388,-10.27926595424752
1226,3728.079459370549,2341.6592644878215,0.5836394797255354,0.09421791396831923,0.18053831646793506,25,58259,433822,-14.09327893049289,-10.122565414537616
1227,1797.6072510418808,2343.685350714812,0.206217482064086,0.1702061837631973,0.03305287681187475,25,10080,201222,-13.259188653140114,-8.013516921293043
1228,5115.39347180131,2343.5491970099056,0.31171071419637675,0.11883073091092003,-0.09841440200060991,25,15467,250419,-13.496668192357484,-8.563986309931872
1229,2218.8047989400025,2345.7736332172103,0.22585539254622844,0.013450024191714852,0.26644755541574056,25,12206,225392,-13.382346243144859,-8.304525162937166
1230,2397.3675201185206,2349.425995470099,0.2779382461702124,0.3271556403273759,0.07422571631812112,25,48114,551847,-14.354546714856834,-10.144169981882978
1231,217.61550859767385,2350.081810121473,0.2574026227250104,0.655666311935604,-0.35465619025537964,25,50776,706795,-14.623233671413038,-10.042611446934014
1232,3111.6095808794194,2349.885959667217,0.43375294347838866,0.16768881245265319,0.027482733983875438,25,51664,481932,-14.207464410388944,-10.09533498295683
1233,1458.3743695778944,2357.763788224937,0.4418788520504016,0.020440867817366398,-0.1232470663452461,25,24375,279811,-13.617161958961697,-9.177316338290401
1234,1879.9440171356327,2357.151389745338,0.34693676167910215,0.20711173744672096,0.3997222943165873,25,12395,208593,-13.298249325514124,-8.24276746859875
1235,1706.1809136990819,2359.148488033525,0.45753801698323365,0.08622547592200848,0.3368116548663379,25,19281,248569,-13.48861741285152,-8.810861751799816
1236,3783.04136687454,2361.6229795664008,0.32885080170763586,0.24603991841697462,0.24357406426282974,25,41408,456544,-14.148706598905527,-9.930172776180274
1237,1576.102309961277,2360.5967784041804,0.250016375752669,0.2050176150804442,0.6368841099788968,25,11184,210681,-13.309063427686304,-8.162633455967947
1238,3210.2354351531953,2361.337869942277,0.5325853706973191,-0.09033244080984787,0.12848371913257528,25,65535,640139,-14.515685717688084,-10.136013150934744
1239,521.4938016441321,2363.9487828506203,0.36979020518563416,0.3803490682289174,-0.37353029159143974,25,29244,370063,-13.920689163027486,-9.359041546985159
1240,997.9776618522768,2367.370329010677,0.25895228763855904,0.1591410608119424,-0.05110054440300865,25,10117,197251,-13.237548034055749,-7.985486098787119
1241,1566.2072602739156,2367.534089680258,0.38190276068626383,0.021729527693221107,0.056270624831173746,25,14461,217860,-13.345443748241339,-8.490657289366377
1242,3534.206098319056,2367.7521061291527,0.3504481412506704,-0.039871182205544614,0.06243279898882835,25,14618,229640,-13.402618845488954,-8.510574354883211
1243,751.5421919248835,2369.1912047335977,0.6391567979574955,0.8272988586362198,-0.04144561418224662,25,56454,538982,-14.328935654009484,-9.880920025869907
1244,786.0986287951326,2371.3878382474963,0.25992480235747634,0.1538248197065014,0.05078556933538593,25,10154,194306,-13.221215528605208,-8.030098300151437
1245,3978.3361273540822,2370.946920855622,0.3219917626782961,-0.09303527575005384,0.48095822639400004,25,13407,229162,-13.400356509694216,-8.373401610506573
1246,2941.9193181432843,2373.7866750286926,0.45199717337296735,0.13078758056003606,0.1433420643601371,25,24680,285016,-13.637173101921856,-9.15562102249702
1247,1395.1672132755662,2375.3175157658616,0.31537852069328337,0.1263375565251955,-0.03729711614197332,25,17723,260408,-13.539135805179008,-8.826308778725808
1248,1665.930084431238,2378.4923502754914,0.3988948096521402,0.2653075589466936,0.3246618749717147,25,22570,285035,-13.637245477859793,-9.059078231665174
1249,2912.168314870869,2381.042888783504,0.21806668078210303,0.07841089435443978,0.46966410371915557,25,10476,209150,-13.301144672291622,-8.06489290229917
1250,5831.885901454448,2382.285231403872,0.39110053555933777,-0.2015982790261819,0.20354119839170978,25,30139,393700,-13.987913536975574,-9.314915890782153
1251,449.4460070676316,2383.6583677694084,0.4624437350741867,0.5874936831069771,-0.42170665198204665,25,63644,668563,-14.562855844863371,-10.169271540363773
1252,2963.670155483014,2385.505623845005,0.2408554901067295,0.13887791115327922,0.20577162455954087,25,10330,207616,-13.293152048807515,-7.973891478586953
1253,4974.995772095415,2385.7266468273815,0.20494980846301514,0.0027658215222690435,-0.4323924540067834,25,10409,211620,-13.313891775127832,-8.033420403317116
1254,4012.8365244313245,2389.3829773883904,0.3852516729016625,-0.11100822579957198,0.0576874248584788,25,65535,647120,-14.527462056020566,-10.355686786394783
1255,2182.744907489794,2393.082164861059,0.25113263116585577,0.3510053300399405,0.026040604812311224,25,65535,1041751,-15.044409815046167,-9.945617885707417
1256,2316.409957675612,2393.308306407464,0.21568611135985657,-0.20378320399448246,0.16501028658091374,25,45629,591011,-14.428988910303154,-10.07107932308519
1257,3140.9791473012324,2399.263786678187,0.3126795054646603,0.09731853268707887,0.155885141171783,25,21698,300691,-13.695301073503444,-9.101503324880445
1258,3160.5261625391067,2399.106708998134,0.2837277821065664,-0.106194839316308,0.001806443624385295,25,36804,443875,-14.11815171327418,-9.825032768780344
1259,1456.3948602040223,2403.4927674997225,0.45064136854776826,-0.03315928682826696,-0.0320142722919489,25,21650,262334,-13.54713645327214,-8.993554960210563
1260,4545.146792677948,2405.532804219204,0.2415047288782232,0.17715483787688371,-0.26630436094665727,25,11438,218415,-13.348206152315374,-8.17652819412757
1261,4068.5611384635304,2407.8497017131867,0.47536852979475,-0.15508593526929035,0.10069120775518049,25,65535,614789,-14.471815220906132,-10.24697818743675
1262,3136.017948427271,2409.751408305188,0.6233980525008589,0.12744061955353894,0.13315291351089784,25,62205,444450,-14.119557276339332,-10.154230070076004
1263,5258.600511563274,2413.59377916277,0.2285332369130203,-0.2627645095705435,-0.0652480211750023,25,11877,223212,-13.371793847008979,-8.262420900263496
1264,2114.7034377915024,2420.808095995639,0.5150513116722433,-0.16465036537483624,0.25789930588283355,25,65535,948948,-14.943106037043464,-9.769028085658961
1265,4506.325962782994,2419.6930616027203,0.2996558997731311,0.9619903080842707,0.029755641792018405,25,65535,1240211,-15.23373894746225,-9.465848528517162
1266,5729.540203646479,2419.1657194810214,0.20689963970508807,0.1300043828528208,0.013140673757751756,25,9907,210276,-13.306974267517454,-7.8829431570391435
1267,4503.782841838403,2421.0786376264873,0.2521613561892726,0.1037406932854878,0.21001143394816357,25,65535,1296219,-15.281695957649102,-9.595772401927277
1268,5596.676027028776,2421.458889911954,0.2537979165855539,-0.24284689734127157,-0.1073965236621697,25,11837,225264,-13.381729478970206,-8.180324321172694
1269,4505.186955808357,2422.3579762806107,0.22612464583636163,0.17831366753194558,-0.13066526724408298,25,65535,1352024,-15.32746100226673,-9.57238105139645
1270,4704.675524912464,2424.593440633572,0.35985588823704645,0.6095369205872924,0.4862246968201206,25,65535,846427,-14.818973770955054,-10.060726571271646
1271,5382.566705618296,2425.878466434931,0.3910648290682983,-0.20740462989694866,-0.22940610678797485,25,14479,232173,-13.414529282769895,-8.38947382452271
1272,2659.8697123757543,2428.3078064441675,0.3492291358986029,0.1113891020257245,0.21774483297196556,25,12525,212689,-13.31936257333657,-8.217738743621743
1273,2850.0491655576693,2427.281700927376,0.2959937523642482,0.11471124257032815,0.37543818689878283,25,11662,211754,-13.314579057087972,-8.189750661043606
1274,2783.480077875095,2429.420448925207,0.3588185720995328,0.3160584111657834,0.019100580704457693,25,36891,413029,-14.03995136459993,-9.742753907024813
1275,1264.330656989379,2428.9770339400798,0.27118694379733876,-0.0074405448099492365,0.29289725344032247,25,11004,206988,-13.289862920588579,-8.109040903172843
1276,4329.8811682042715,2430.6870818534007,0.49090530320702364,0.06638774829199356,0.3946981171072733,25,65535,750579,-14.68849102345504,-10.001370979033746
1277,2188.0934638973404,2434.8169214407785,0.30573510991647684,0.4976591314229146,0.08326647615959823,25,58629,809396,-14.770402634490797,-10.047463832702093
1278,2193.829638095018,2435.3791278748768,0.275167275215147,-0.014357858365553082,0.09791606844744744,25,11135,211722,-13.314414969590127,-8.078352624356974
1279,3433.967000152882,2436.17390496824,0.26887009783176524,0.10622757578055293,0.1779497615128945,25,13273,232195,-13.414632158922092,-8.405771618444376
1280,3535.0622719344797,2441.9476326988793,0.2980718165577821,-0.01626135284660436,-0.3518509210671402,25,18617,278494,-13.612039607437197,-8.880888718393713
1281,4227.436901026723,2443.679252086256,0.3954458706724247,0.1688149092513113,-0.09797867375317641,25,22151,281231,-13.622657977808421,-9.059140212993766
1282,5575.697812708908,2447.0769046430164,0.5640834203900816,0.348307783721993,0.16923946226431177,25,65535,647459,-14.528030680386983,-10.125412602382493
1283,4586.803198406171,2450.132368970619,0.42110484000372334,-0.2547109701792039,0.2569104141141642,25,65535,897932,-14.883108622450653,-9.945258591848438
1284,2840.3026777496348,2449.680389407122,0.207162493345883,-0.03681427288895086,0.09407755824046155,25,9385,196242,-13.231979903330842,-7.8655381504392
1285,2644.155053492978,2451.3640206465566,0.5247318496980292,0.0676833475952754,0.3063659384928778,25,24516,269234,-13.575324758864882,-9.086060382051958
1286,5552.327006400286,2451.037466757041,0.5529031916777015,-0.30953081630199347,0.3428217556494766,25,47046,460791,-14.15875997004555,-9.80478477432701
1287,3695.9583175348134,2455.562183890467,0.3815110469013369,0.12182042078502513,0.2140137864730619,25,14628,225024,-13.380572100964054,-8.480309813353442
1288,5067.681758122009,2456.653311864018,0.5499224595646821,0.7446489501310048,0.5602883809662841,25,46581,473443,-14.188169249395852,-9.785511460587777
1289,3220.8268921060653,2461.33883062226,0.3340658088436901,-0.13179372476088314,0.03950665534595036,25,65535,803803,-14.762874056894999,-10.22671418432787
1290,2398.019191565378,2461.4427643676263,0.28949013809907903,0.09057456937743244,0.23816356559878443,25,11618,208380,-13.297140084236014,-8.204167746666215
1291,5772.843154255637,2462.033180715278,0.3087737120152016,-0.20995634752846812,-0.31112941735127037,25,20966,322443,-13.771132382906057,-8.95278481258241
1292,1229.736110526426,2463.5886676655678,0.3373733582755004,0.3055389970394892,-0.022108916106918237,25,14787,229070,-13.399920539564762,-8.533883841203483
1293,1358.6856016438992,2465.291558607937,0.2112319056890876,-0.19905378256218526,-0.09840227168409378,25,9579,196905,-13.235641860747013,-7.9019209572606455
1294,4661.706716860691,2465.523227774337,0.2502410111613994,0.1532847028859078,0.09913345800676343,25,10341,203490,-13.27135767946171,-7.986687879847408
1295,3170.4734827237558,2467.6340822884,0.2317113873345835,-0.06451854154946186,-0.010947186355305475,25,9723,206004,-13.284689132974608,-7.795517738125454
1296,4952.4970495133375,2467.6317234749854,0.5333899461636449,-0.4866954614285311,0.004109139630464374,25,65535,562485,-14.375277363606994,-10.23346805193045
1297,882.2996112224931,2469.4530292439345,0.38365890051459034,0.004602385633573322,-0.09332950931803094,25,14388,222403,-13.367851602898458,-8.45322874196533
1298,2463.557014884521,2473.6332619352397,0.24893620800528182,0.3352390541534482,0.02256093741000399,25,17509,277850,-13.609526002803495,-8.843113682621418
1299,5284.015922755104,2473.6987044208927,0.3311166345487479,-0.06156911286785749,0.15729930856980795,25,11910,209481,-13.302861596067766,-8.179239432175068
1300,108.08841702155381,2477.807247197814,0.5750438387735549,0.4037079192131611,-0.35024194239233897,25,65535,581352,-14.411097927221642,-10.173025639955085
1301,3606.153663221371,2480.2541273028983,0.3405184871611679,0.12847625517123237,0.24822703713861946,25,15543,240956,-13.454844362642541,-8.581707737186568
1302,4317.972872038034,2479.500847303159,0.5608544844836332,0.1271306841103225,0.2541372183235195,25,28060,280400,-13.619445023236551,-9.24383040175551
1303,4518.884202488224,2481.190889628592,0.28205439663790816,0.032412363629611134,0.10662377816670161,25,14244,239911,-13.450125402430835,-8.506363778663504
1304,389.8485086965882,2481.585215613885,0.38509042366739776,0.2671884384957977,-0.2487487810430918,25,14617,226592,-13.388111431766516,-8.444617675946834
1305,202.32954677786475,2485.4848951418253,0.37352567503643047,0.14475086965869616,-0.2612796722938964,25,14142,227268,-13.391345725236603,-8.388316494554429
1306,3052.090810099132,2486.23974941389,0.3910792970615375,0.19739993133873462,0.23725453147581937,25,44409,454031,-14.142713765784364,-9.941657068493528
1307,2229.5701212235176,2488.9759142284843,0.3737586442046276,0.5681144384232335,0.35363627345938464,25,16522,251262,-13.500317030890589,-8.605470638018787
1308,5209.088623286078,2489.910519056044,0.2767826741917968,-0.311350697892531,-0.40962267587774215,25,18040,286019,-13.640987209755098,-8.82660261884309
1309,4808.66031084034,2495.248326660882,0.2668437292008406,-0.08856549214374165,0.03763851201566869,25,13680,237061,-13.437150280158992,-8.450316529231666
1310,3646.087702654751,2497.8540042654613,0.36957346317143663,0.012690512206290862,0.14326937491324548,25,13115,215649,-13.334368621478648,-8.311379209587411
1311,4851.05332521706,2501.7529436502778,0.40584439873413547,0.2074856577664198,0.1961915471957026,25,44464,468327,-14.176372991150654,-9.898567797833214
1312,1082.0089576755547,2500.701999518283,0.20091194675323973,0.24678045184694833,0.48084293980711496,25,10015,204083,-13.274517074336918,-8.020205437273251
1313,2692.0944443497015,2502.293269354037,0.22752526970236775,0.10841399428933653,0.22201741199455532,25,12707,229144,-13.400271224964381,-8.392719992003169
1314,4758.248920189748,2503.1732426347203,0.20904812977812234,-0.19272822746386506,-0.1625087269380338,25,12746,236376,-13.434008447901522,-8.373336574019334
1315,3801.6619323157747,2503.7117925370567,0.2988220736063453,0.11855689905313806,0.007622066357010661,25,11937,213737,-13.324699273413302,-8.220988489436504
1316,4335.1194357431805,2503.9671808453595,0.7304521515253762,0.2673103593555617,0.23095791368409146,25,65535,573804,-14.396908928491715,-9.796994463436393
1317,3014.135233871973,2505.512892976405,0.6198299976071361,0.05277126911646657,0.2228621733133434,25,37757,324891,-13.77934420215074,-9.551710334061166
1318,5218.198268878436,2505.126231285059,0.29851559455635623,-0.04500280269791232,0.47902107865164906,25,11147,208445,-13.297478705258657,-8.08078526694027
1319,3601.161371837257,2510.0179619930464,0.2005494008164523,0.19735026183444457,0.3935158451927805,25,11243,222873,-13.37014364740905,-8.162241213661522
1320,253.85562378957843,2511.4939486851877,0.42750245889842525,0.4572199767071248,-0.23460695967467599,25,22083,289031,-13.652361063698633,-8.98416165859061
1321,750.0831988182997,2511.719836431209,0.5011097055219631,0.18238507865812006,-0.14918923336823656,25,17909,231263,-13.410265387793373,-8.658888898234363
1322,1932.0396663552062,2511.138936165512,0.5878684035253573,0.31558884835488743,0.4156744141662219,25,39832,347332,-13.851861992708308,-9.636562104282673
1323,2292.8727055910404,2516.6927737074298,0.2473425696784785,0.13518393287263353,0.2035593022898892,25,29645,390081,-13.977886993210191,-9.589757483630514
1324,4114.768341566742,2517.6914800012364,0.3293171931276344,-0.029792464441638897,0.2119696422415779,25,29194,355470,-13.877007385489863,-9.49524985155892
1325,4136.062902901422,2517.350750056659,0.35124449650836986,0.06179755355971704,0.37016914364961717,25,12730,215063,-13.331414249143707,-8.267325252024873
1326,684.2300583605187,2518.26672183291,0.2923599798725501,0.1648601274948847,0.6312382484496669,25,12391,227245,-13.391235840886846,-8.218203517709666
1327,416.54574412871074,2524.903328016871,0.291651712094505,0.771922505731127,-0.39617231089893035,25,65535,1027502,-15.029456689723354,-9.946893854193984
1328,1000.1142654569005,2525.193454983411,0.5578895063008814,0.3047046637526572,0.21615766928606053,25,37155,352685,-13.868467472844948,-9.570103764055409
1329,3152.8400678193525,2527.70152164845,0.2754568891964467,0.04740816878605718,0.28231665555803626,25,14890,251134,-13.499763785095576,-8.54473063098574
1330,1511.8399461841982,2527.660764505326,0.5180703819893304,0.357142831457409,0.028089444259857623,25,50224,425486,-14.072213187063419,-9.993924101072215
1331,3128.425738503618,2532.1026228501787,0.33680348488282236,0.07447650392000407,0.03533785723936027,25,26786,337945,-13.82211506326722,-9.359666575214785
1332,3190.4384019503373,2533.411218696486,0.43789543710780277,-0.45795501828505825,0.09491302877911495,25,59226,593593,-14.433721927108953,-10.139702626086024
1333,1336.0759831916012,2538.3381988684837,0.2552721048030562,0.20121722013696883,0.1448450577008538,25,12074,218595,-13.349100559893728,-8.26453038136567
1334,1317.3124038136061,2538.8943799763283,0.2415366601887881,0.15720168331132117,-0.05944349948378863,25,18898,288526,-13.650462387297404,-8.97908023397939
1335,812.6292464665238,2539.663139250303,0.5607888415798414,0.03390599587740062,-0.32500160945211254,25,65535,643135,-14.520755362330624,-10.108546962194545
1336,3052.387932333852,2541.899856360704,0.3581857018137634,-0.05216703811908338,-0.04356214254724715,25,13525,225300,-13.381902979309576,-8.317893474258351
1337,1381.4724702983642,2542.6243185988783,0.3244193912058833,0.1964944213930736,0.07574900315890883,25,44845,544080,-14.33915690459531,-9.887026314260002
1338,2719.0711270981897,2544.60728151101,0.2562392293222209,0.16127920282192648,0.2615327901860409,25,31696,406291,-14.022093005276846,-9.673457820719088
1339,929.766368623735,2546.2305110674074,0.23026131792143192,0.2771276322568622,-0.02431576744308494,25,14907,250860,-13.498578544835148,-8.641255782310491
1340,2300.8268800639194,2548.043784670193,0.24008022376727936,0.059145645050033537,0.4542152002001104,25,11995,222417,-13.367919946529012,-8.246687498045336
1341,906.0368650269432,2547.6087080255156,0.30239626131874037,0.14983384890671939,-0.07810315066683916,25,11811,206311,-13.286305960286045,-8.22382691517405
1342,713.6862735379946,2549.90053556712,0.39261141579999514,0.3354841047837001,-0.26028903571426937,25,20795,277400,-13.607766141843165,-8.944181997272176
1343,240.8540755286089,2557.2734506811757,0.4368240175138585,-0.2445465047947526,-0.4173244009711015,25,14918,241482,-13.457211910265238,-8.296071461922185
1344,5078.012382758981,2557.5944900238496,0.25923833156722786,-0.020078689076198843,0.16993801758742702,25,9635,195704,-13.228999255767057,-7.856278705535965
1345,1636.9839182540725,2559.4583532781244,0.33420179388277776,0.17670347111990686,-0.059109474026492435,25,65535,717994,-14.640302037563345,-10.368314578220888
1346,3604.9873614686653,2558.0385122354023,0.20236809591728402,0.30664961654695977,0.5880287171871013,25,22106,339189,-13.82610439878507,-9.221649146797903
1347,5382.012403262498,2559.80535212997,0.5481861991819548,0.3424484571058248,-0.3510741571352788,25,65535,938820,-14.931455832368364,-9.741670447055453
1348,123.80781841074469,2563.187049599137,0.6805132914536833,0.6607641019810603,-0.10261818460078363,25,65535,621770,-14.484074409462655,-10.016238362888124
1349,3691.872316287737,2568.8607270358198,0.4390751843104454,0.38540582691456093,0.641312609932002,25,16411,239957,-13.450333559113805,-8.545539866888372
1350,5312.167613763768,2569.963193278456,0.754091034459512,-0.13814587137632672,0.00848330984980458,25,65535,442548,-14.11490095597204,-10.065344879447633
1351,1305.3848928575585,2575.3613329793116,0.35033744702557373,0.32309212870995335,-0.12701681632101747,25,35780,413509,-14.041212415965676,-9.698648119979504
1352,2642.7052308888346,2577.8408189090164,0.46428126434982586,-0.21162262773012375,-0.2646582910200037,25,23681,280147,-13.618464940287375,-9.074272034947281
1353,1696.384047119407,2579.4772282565254,0.37803130969205184,-0.12939142568876685,0.03859814605291307,25,12539,207441,-13.2922364933677,-8.237123618434417
1354,6179.97683077242,2578.744771927853,0.2148852482030848,0.14254519049496484,0.5536022661546074,25,10297,214681,-13.329484023988938,-7.985382566133894
1355,1385.7360006727843,2581.0551136567815,0.9249642450705003,0.49406022515421505,0.07214377828572963,25,65535,467681,-14.174874316567452,-9.746710170280878
1356,936.4925101273324,2583.766188104089,0.3787058254721307,0.20934766444954217,-0.24799959719846926,25,65535,841153,-14.812187495476444,-10.108255137983006
1357,1117.924434956877,2585.2999388223975,0.2789520084682718,0.15953977959061935,0.2405271735188824,25,9840,192106,-13.208852323218762,-7.9089376249202274
1358,2788.5228056282162,2584.926420811872,0.3454498210691455,-0.21192995014331634,0.37240792066193074,25,14287,237029,-13.437003710694944,-8.407540317739032
1359,5538.146353273917,2584.6641158359325,0.4797340874722527,0.05953546675633722,0.6301178634694024,25,20448,278583,-13.612386527245572,-8.785354195117531
1360,2662.577017330694,2587.318749362722,0.2002669937803589,-0.09542379137788849,-0.004486117036358193,25,12539,232616,-13.416598958620034,-8.369760085123705
1361,4735.384166234754,2593.37119880299,0.43205130819207926,0.42541975304040547,-0.06103081177063472,25,65535,659487,-14.548015597568316,-10.26159860189733
1362,4354.038332635455,2601.209810810308,0.5166580317957392,0.17156994427810487,0.4879495843285195,25,17750,232627,-13.41665029995458,-8.631266565347586
1363,3788.80419321182,2602.6614135324694,0.28649674577510065,0.5335666022536331,0.4061115708849501,25,65535,881624,-14.863208510613914,-10.149035769368606
1364,5326.716718049086,2603.5597077726716,0.21910239228765946,-0.15637130065268268,-0.00515540736519324,25,12643,237285,-13.43817571276702,-8.330424534067834
1365,1180.6195865701202,2603.3226650266915,0.5998897576899642,-0.29920549821212694,-0.061629137267876284,25,62946,555395,-14.361504914128936,-10.09937387348022
1366,3335.7307906452065,2603.9163104646873,0.4078243767416643,0.28727121565571445,0.21094478209823456,25,65535,661792,-14.551803782335897,-10.280008929660635
1367,538.170781360317,2605.601093249354,0.41314887355644375,0.1900263411315972,-0.21012027919765558,25,16911,241459,-13.457108494184482,-8.63694287892449
1368,985.2896502178327,2605.544638371822,0.2895147653207361,0.29607512677833625,-0.38212693448543045,25,12514,222580,-13.368715345191433,-8.249062280782587
1369,4984.121176707563,2605.3179126889145,0.49814591615347636,-0.06935478963623862,0.2921427966575716,25,22194,265859,-13.561628417166,-8.959245582097344
1370,3443.586314298858,2609.797685637243,0.31575784483523855,0.12474911130428092,-0.031443526359138184,25,14840,237015,-13.436939580332062,-8.557334239197933
1371,5975.808290691146,2609.8283585566005,0.36983169489894296,-0.25161393225289924,-0.10147274695062626,25,19204,284986,-13.637058814301206,-8.80315574636182
1372,2781.413858410804,2611.922848438387,0.3120706006479018,0.06847986801423935,-0.11501417264315034,25,20349,282921,-13.62916296112777,-9.033719816164629
1373,4620.885066867423,2615.671668400933,0.4301114275065601,-0.49222065575964297,-0.28229463408459377,25,29473,339017,-13.825553691090883,-9.370939351511726
1374,5361.617232948731,2617.9521600695207,0.36226066560100584,-0.6310262231261075,-0.2712686345806152,25,65535,1164346,-15.165205138847025,-9.627991542757284
1375,5577.027215042467,2621.711410174274,0.2732256170060105,-0.08195965665202413,0.0037114011708555775,25,27146,394189,-13.98926125238294,-9.318245170794077
1376,2145.6187802341733,2625.834694271389,0.2642483058754093,-0.3335875506718488,-0.782760959505529,25,12723,229860,-13.403658505916802,-8.28916801809751
1377,2605.2538458566983,2625.7945807510246,0.4131417686484197,0.10953937649652874,-0.26105373114091446,25,31604,349856,-13.859723316061636,-9.494407602202763
1378,5345.15881376908,2627.563125787142,0.33045756396573345,-0.1332067837149559,-0.07541322937085962,25,65535,901124,-14.886961391460902,-10.163006417169901
1379,842.1391535058741,2632.867137416629,0.36562173164617473,0.14003755181132035,0.42221228378585357,25,12481,213652,-13.324267406525658,-8.195650440942646
1380,1638.0081372852353,2635.558170627857,0.2627927909894289,0.07429232655971839,0.18261089252546053,25,9401,188049,-13.185677570723662,-7.845411886713373
1381,2774.1249942066797,2635.902206842877,0.5324186776010343,0.0485589418268686,0.07635396282785524,25,23128,259051,-13.533463182772323,-8.995291968569227
1382,5818.40757766108,2635.2901990111154,0.49188347910052105,-0.5228648256285903,0.09629601444313243,25,55424,567962,-14.385798199566366,-10.040274740215914
1383,1199.2892813931505,2637.389768484925,0.4510912441595927,0.3250750938477623,-0.10270954101339118,25,51246,490996,-14.227694885169928,-10.039069068099593
1384,2657.4572112116266,2640.7753938831997,0.3693956710778217,-0.08280524100635502,0.1682726784359398,25,65535,767960,-14.713346499845441,-10.166525508721026
1385,2400.165600981388,2640.5941134572886,0.3324094772758608,0.10792947340529921,0.662153201089713,25,14929,238834,-13.44524038069633,-8.539265390567579
1386,3868.7159072669574,2647.10455824793,0.3103233440262781,0.22116148847654812,0.06750412642525627,25,65535,837241,-14.807126219370176,-10.203825891366435
1387,4424.0127542177315,2646.3586239286283,0.251982078056813,0.24312644396021157,0.8391434006370553,25,11565,218898,-13.350604483945734,-8.170290299587355
1388,4936.740064663427,2649.725183817475,0.23561510060154142,-0.07932861944138717,0.20282712758033755,25,12140,226983,-13.389983329297099,-8.251804286751494
1389,5236.073858839933,2651.4399251708437,0.32273911098762825,-0.05756796132289601,0.21885948794128804,25,11664,209706,-13.304027141132526,-8.131302617357978
1390,678.0571530732018,2652.9658958591062,0.4900411328925208,0.2877188219993794,0.41825122980068963,25,16675,233626,-13.421302933303256,-8.531975048482295
1391,888.0558235611966,2657.22621707326,0.7113812304819681,0.43976525012681655,0.18133206738076102,25,65535,504127,-14.25634989493934,-10.073266957861854
1392,6213.228002325595,2657.1207229548622,0.4830530109548025,0.2912184722531158,-0.18585897573068866,25,20775,317128,-13.753086471581824,-8.662168497313413
1393,2157.268256841261,2658.934615441071,0.27551453788464386,0.0695557180259944,0.03203342269679087,25,17186,264581,-13.55639663391225,-8.802240016400964
1394,5783.9253238798165,2659.774481760527,0.4716262659391182,0.004138682435133909,0.0037301484124180185,25,12910,208314,-13.296796145565848,-8.131666357109005
1395,2522.7025419853185,2661.2655532717454,0.30411133743350444,-0.09177902083260055,0.025899382011869906,25,20738,290586,-13.65818671701435,-9.04209400920009
1396,4848.561202566685,2664.0346345833987,0.4046828727696211,-0.12507422686233727,-0.035693617848146314,25,41149,431473,-14.087384060858737,-9.83226876610406
1397,468.65654483351165,2671.2827189531895,0.22686788096351992,-0.05066696171082797,-0.3390009346314419,25,10190,205641,-13.282774267765573,-7.95459031028773
1398,5179.518328626001,2673.8661680490145,0.24834208086844353,-0.0721999503059433,-0.17710744321365443,25,12962,232779,-13.417359495405396,-8.388174196976443
1399,587.9373255266639,2674.9437919383613,0.5887902832111347,0.6208108966389813,0.3413246047996242,25,35654,366573,-13.910401184415747,-9.43716583820182
1400,3498.7737274992246,2677.2307222103013,0.370308591004974,-0.14655487081296548,0.11695880601288204,25,65535,680078,-14.581396814952752,-10.333759747084528
1401,2594.1162079513097,2681.596461021819,0.5141303711045481,0.06403747417443183,0.15836641261663123,25,21002,247356,-13.483306123270488,-8.889444751654986
1402,1568.2027966552791,2686.8891590269063,0.3392361113041913,0.03361453903920334,0.6053037335128,25,11174,203107,-13.269312228612772,-8.020815024187382
1403,4542.0761539089435,2686.682336151511,0.32924975581101634,0.13674735507794966,0.6975362146746069,25,12244,216583,-13.339060912626097,-8.198964015892077
1404,2925.4042399585683,2689.4921939932024,0.628535020428954,0.2927924173040994,0.2675647942855456,25,64265,955526,-14.950606271917938,-9.568360826627618
1405,1416.365732953343,2689.8047431594723,0.358631460392401,-0.017185520105767967,-0.13795614109394377,25,13848,217905,-13.345667988964609,-8.424326559840733
1406,2925.251836151194,2690.982411491918,0.4623339890942754,0.32704170403681965,0.13601654782247982,25,65535,1058551,-15.061779466906549,-9.746090886732416
1407,6228.229498245196,2695.812588297502,0.4025643356750862,-0.18514757772485158,-0.018885970010369145,25,25112,335480,-13.814166585863553,-9.148164561196566
1408,2263.895608191565,2697.139131559708,0.8044559003455076,0.40757222970610163,0.37008465848476557,25,65535,491951,-14.229804619269114,-9.844556074100439
1409,2186.2131050234066,2696.6337442533195,0.3798843336944119,0.0330273810187908,0.631464447424168,25,17063,250873,-13.498634808109298,-8.691896122009117
1410,2005.1902006246419,2703.143253705857,0.3481295075651925,0.04548879127398212,-0.02977717162315992,25,19796,272698,-13.589204881963086,-8.93880741478126
1411,744.0532314228052,2703.564670311176,0.41293299336012557,0.24571660011567548,-0.13532359628576932,25,18989,253650,-13.510587166633556,-8.827520705207156
1412,2786.10155204319,2705.628604260063,0.5618530545099929,-0.009618114246798185,0.1022788283671567,25,30747,301050,-13.696596578857918,-9.33275364219332
1413,3251.3764440596196,2708.121376494985,0.3481704287301431,0.04729633916625275,0.018366041432211804,25,42131,481336,-14.20612086142726,-9.855632761836734
1414,4847.393653207607,2707.857508481258,0.33703238924950585,0.024591070514555086,-0.21106750463334964,25,14824,235821,-13.431456191656252,-8.531325624877779
1415,203.7139946222653,2708.478659987083,0.30410139452767965,0.5064970898046971,0.358155914732011,25,11886,224619,-13.37861622360428,-8.13775567255563
1416,3795.332256182802,2711.451969357427,0.4265548176616285,0.4824139568783797,0.014593918427202346,25,64760,620089,-14.481135068241295,-10.303097762356243
1417,4808.607911609786,2713.251591728894,0.2769755982384865,-0.08580364601993332,-0.062203801586593534,25,65535,1019507,-15.020975530044929,-10.057553997197065
1418,2036.2858454413345,2713.399025114913,0.523458250470086,-0.18954391655471411,0.0012504111724368633,25,65535,591524,-14.429930925056171,-10.203879449516581
1419,4789.267633112801,2713.626837128921,0.4049796680196843,0.18525984239694432,-0.226555272672515,25,35805,395409,-13.992616375430059,-9.646574055549653
1420,269.98538921949273,2717.371748138081,0.4410371772328993,0.586836465623391,-0.35363804924778386,25,65535,982115,-14.980405860356466,-9.84517874101601
1421,5307.925985547675,2716.919305520249,0.34880711253869195,-0.39337010294032027,-0.3582058350916053,25,65535,957012,-14.952293458603837,-10.015224529779179
1422,271.059433584421,2718.041092966936,0.3348722589677841,0.04976362636017608,-0.3885243455681673,25,65535,1079881,-15.083439750081267,-9.843543226046101
1423,3908.630436492347,2717.480688002548,0.25375922545643814,-0.19854314970573048,-0.026672895483041543,25,13267,232455,-13.415847230234695,-8.446898492480448
1424,4895.810565583902,2720.2532367030453,0.34828365395966576,-0.0016009399127099794,0.13304630379668028,25,17060,253645,-13.510565764171385,-8.69523335862264
1425,5494.917635718491,2720.9499313925694,0.46236139850185753,-0.03386397639050892,-0.20384468767680325,25,9286,182853,-13.155255225094479,-7.514348606018774
1426,2101.38996606467,2721.646832562593,0.36519147323967044,0.25051191385814214,-0.11054061314749841,25,21321,279916,-13.61756930862622,-9.037318675511388
1427,3326.5627306554516,2721.767940033926,0.24839051505436613,-0.11859733199184837,-0.04098682288172847,25,11440,219286,-13.352527264136455,-8.139533933780514
1428,4423.947994004903,2721.6492821398547,0.436892165217759,0.02112848186872283,0.10335935362045649,25,14883,220524,-13.358639653448023,-8.455449301012449
1429,3693.05449354618,2725.2341113857688,0.2955521860480275,0.1238311751443317,0.05544570716459306,25,65535,765392,-14.709709796491477,-10.349221637165885
1430,2349.874974295495,2732.637903042405,0.3000140170225949,0.263065574402289,0.40704746470549485,25,65535,1007645,-15.008268885590626,-9.900348599987701
1431,4341.836123383874,2733.49589700402,0.2506407719324855,0.06437211528920972,0.21467207140608066,25,9936,200099,-13.253112295608931,-7.910747009975761
1432,2184.038863882539,2737.6709057607854,0.2974916505379914,0.06570577920328341,0.10761520842595161,25,11272,204963,-13.279188672808594,-8.122351511220785
1433,4031.9379460815935,2737.5355884360433,0.4749098706460458,0.11968204018651742,0.1986778616124031,25,22830,267002,-13.566286286236444,-9.03509608948912
1434,578.3576177667105,2740.370834632151,0.23952567146671888,0.20569527505158103,-0.1740577218177123,25,65535,1183647,-15.183055504256696,-9.574618991494354
1435,4014.8812623328786,2739.6002554145603,0.24687793332604524,-0.20891533768073448,-0.25649660747156106,25,11552,218362,-13.347942658499836,-8.17202870246049
1436,531.4157193597047,2741.417813737915,0.3235105264869914,0.21795027310957313,-0.5224949914138799,25,65535,1008159,-15.00882257872879,-9.925570900773861
1437,579.3813670197588,2741.10326963565,0.3959930922008408,-0.02798516210980056,-0.41938684417142247,25,65535,1009174,-15.009915132452761,-10.018120138254453
1438,4999.422259943228,2741.981248637891,0.29828083093320085,-0.0931634941992788,-0.14872224046784135,25,28368,371482,-13.924844437636754,-9.45244653658952
1439,1635.8274376920124,2745.979092287296,0.36534150419295647,0.6892470002163462,0.9095411476236588,25,16625,255896,-13.520158743327727,-8.62475537569591
1440,4140.328169892842,2752.5808838568323,0.2983560118063533,0.35725232745957564,0.368596600035263,25,31785,397567,-13.99852582165293,-9.593803997485685
1441,4287.734873861208,2755.715196588084,0.2122751060982387,0.03238799907547422,0.03174128787073409,25,10069,202993,-13.268702654958041,-8.020217610980655
1442,2998.1808723487698,2760.0460463240865,0.2421556524422917,0.08682655544735549,0.1328050897828979,25,13339,233811,-13.422162348404619,-8.468610592749137
1443,5597.6707384276415,2759.7942759127113,0.2704912459060259,-0.08451736099773836,-0.14883595947024833,25,11222,214932,-13.330752699836282,-8.084459559690073
1444,1907.065384322751,2760.670884024174,0.22707102827655373,0.0784901526077676,0.14475917823380124,25,16331,266319,-13.563505378553252,-8.770720532308502
1445,5494.51027246584,2761.6539347692155,0.3821498772673827,-0.2710406137902416,-0.12391763318745061,25,15996,246033,-13.477483405529942,-8.55483325787333
1446,1254.230075381507,2763.7508999234274,0.33464013398771747,0.0793578996076543,-0.11611768382745297,25,14296,224613,-13.378587221141277,-8.493552788302875
1447,1416.1362224570712,2762.423604423438,0.3783591428476694,0.25488071945888274,0.6899468391211702,25,17919,259064,-13.533517667088217,-8.75499022070046
1448,2329.8665945417156,2763.491553659552,0.21201655992021134,0.07797067888526964,0.2386922954685649,25,8971,190251,-13.198317370483537,-7.781694856524618
1449,3416.2901378871798,2764.4673190399076,0.4331891694641353,0.5360260090755299,0.2729307883508672,25,59959,639650,-14.51485601055673,-10.07798593602182
1450,2930.0182748147695,2765.5524898786457,0.39643905002195345,0.265419732930971,0.30139970036709446,25,17757,249894,-13.494389571907027,-8.733166392275342
1451,1504.7754857573393,2772.043102373872,0.34925976751161736,-0.010603584275719318,-0.34338868388151056,25,18197,260772,-13.540652394621391,-8.83046027789627
1452,3479.7197975361437,2770.97746495401,0.5563109952585157,0.696675934137181,0.49412508018146606,25,33879,346187,-13.848276888092592,-9.417611947645272
1453,4172.155059487548,2774.056239265518,0.4872424619131501,0.06758596811102721,0.15862450402797326,25,17348,232211,-13.414706971819788,-8.620585772757167
1454,1563.865715256953,2778.1906778014345,0.35068847626217636,0.224088352616939,0.09254866740551525,25,28468,341290,-13.832808908446058,-9.430927212518714
1455,3045.70587589411,2777.855590970825,0.5309802055621397,0.1828538182945368,0.04213247317610836,25,50981,425746,-14.072876440846207,-9.995014026490097
1456,1047.6641372474412,2779.2108431495462,0.2845398642551221,0.4164739277348091,0.05080093533281466,25,12900,225888,-13.384732900538975,-8.341831636992822
1457,6173.68761401855,2779.9221245896947,0.3299634648192137,-0.5711672773778348,-0.14736109502175868,25,35155,501439,-14.250545271732554,-9.50684781957215
1458,1856.8493233484246,2783.961257515408,0.2579052317724698,0.057035766482727505,0.33186584142081105,25,23012,321951,-13.769474445940348,-9.253668723880697
1459,5817.726072369517,2783.81061355066,0.42048668527134436,-0.21078371641482477,-0.17181086149628647,25,19128,271236,-13.58336832769761,-8.767852225429936
1460,956.1137764333574,2785.786486482922,0.34309942132911775,0.13961437206412644,-0.20043897186108278,25,14465,226305,-13.386735373490676,-8.51642767898937
1461,1063.7379554649651,2790.142832099029,0.2610541882728894,0.19898585562780888,-0.09353772061558469,25,15518,251546,-13.501543539279249,-8.654827906897664
1462,3434.0259007658397,2794.6071549966514,0.58276103085773,-0.1255559105795995,-0.28094113185841696,25,65535,1070797,-15.074267864437054,-9.315293929613231
1463,314.1681439968789,2794.248980298016,0.20949964172148033,0.5248118046070448,-0.3086658704807324,25,19902,331913,-13.802560656764946,-8.98087773836248
1464,1087.524793877702,2795.0818146214233,0.2530945164737594,-0.027911570526685598,-0.4360992884864396,25,65535,1058451,-15.061676893908926,-9.926179755567388
1465,3433.8565015106124,2794.6858161557875,0.322829265446049,-0.005069751294689584,0.09872833423454751,25,65535,1150794,-15.15249397225826,-9.56298730681728
1466,950.8043791122554,2795.4908369416985,0.3937303155178774,-0.28658325490889247,-0.37463149346399705,25,23047,300465,-13.694484725022065,-9.075582060665006
1467,1119.7832945503467,2801.1905357910678,0.5804206945596994,0.7312637425585763,0.10986716308447385,25,57545,506424,-14.261285697996101,-10.024625389623207
1468,6018.972247325773,2803.4306574002167,0.30861281811363817,-0.6975703510147921,-0.2632528442661766,25,65535,985047,-14.983642381710228,-10.109730321115691
1469,881.5677508720295,2805.5649827906827,0.4981053241827097,0.49802794041422593,-0.39988395303200025,25,65535,663935,-14.555313908799896,-10.161030377662065
1470,1252.0920684743874,2806.100980899304,0.4386137927561193,0.20325832962649426,-0.03472483586848866,25,22059,270157,-13.579040562410485,-9.013763525855584
1471,4532.308854877303,2805.5933009406717,0.2697042781775949,-0.013084067002594672,0.17322074339595622,25,11014,206848,-13.28912831521609,-8.118562181790407
1472,5982.382582357648,2807.9720818960054,0.2273570111185736,-0.12938221162668812,-0.11092720077701372,25,13262,245232,-13.473942850144628,-8.401619029274993
1473,4094.636249638864,2809.1353887005284,0.2825147100255503,-0.044686617755114594,-0.011618093621339925,25,13847,235344,-13.429257826554412,-8.465582789266803
1474,5092.163759374914,2808.8463189777026,0.36960351541286063,0.30409316639400835,0.2800054536218514,25,65535,1194650,-15.193101718580941,-9.564289673121545
1475,2315.8885759480586,2809.900019202786,0.3088690241419024,0.0838414449843534,0.1276903611497432,25,13307,221793,-13.364869588196665,-8.400338499937257
1476,3924.1058314367565,2810.640069181646,0.2542961679092336,0.33455376969466116,0.4602378937523822,25,23469,329877,-13.795880090763184,-9.25685687615119
1477,5092.447919532873,2810.548042958586,0.34662334271819706,-0.029617591227068852,0.6080494830893063,25,53236,1010677,-15.011530956409025,-9.350820937811783
1478,644.0839320337175,2813.1258795066874,0.3002520317443476,0.1888177514379112,0.19746362553912,25,11084,204353,-13.27595254436398,-8.091977764131999
1479,5871.739364987321,2812.402544408988,0.3004286268704013,0.29515458569410874,0.7270753768093772,25,12348,237882,-13.440903952965952,-8.083494531493828
1480,1970.9978086203548,2817.414156448016,0.30465040331557847,0.04072068558161849,0.08235759505253804,25,42976,478990,-14.200816116573186,-10.002315100379231
1481,2313.907161714087,2818.0727378534607,0.3793092159248226,0.11793613701128208,0.11649217278736733,25,18323,252643,-13.506268174271677,-8.801813538442241
1482,1533.4322821823264,2819.6834358411716,0.2351387890933541,0.19966177056873016,0.020170447585280516,25,10598,208709,-13.298852943052484,-8.03427377816681
1483,1954.3670237811305,2820.643228776358,0.3759396148449433,0.32681295767878743,0.3326103725022814,25,17123,257449,-13.526728023129774,-8.597387385121918
1484,2964.4647939035476,2820.463933143767,0.31097978944558824,0.30321680760405284,0.23687495988043095,25,18164,276151,-13.602866550582162,-8.78943013536951
1485,1523.659801182462,2821.6397442730536,0.4920092950783083,0.39923790578692525,-0.06699672710546797,25,44945,410918,-14.034387914175948,-9.871372861224188
1486,5231.967956654536,2824.5421948487397,0.34983586215488466,0.15497063483516965,0.36428544559109094,25,23964,328439,-13.791136802902509,-9.0908066684433
1487,5853.81556139721,2821.503996125206,0.3489087780685456,0.4096190997875524,0.921801563178392,25,14719,261644,-13.544276949955893,-8.335267426831647
1488,3694.8036331049498,2827.1880192437957,0.20392052562096832,0.024786472868059465,0.13810138942943823,25,10211,210228,-13.306726396685999,-8.000390760885733
1489,3079.079727144181,2829.4801820481307,0.35682576141435607,0.16014054712825074,0.0352477581097333,25,55627,572441,-14.394326829299011,-10.221621366339741
1490,1048.5029898715427,2828.9304396712655,0.21789744687644128,-0.16219027174981776,0.13712682474153953,25,9987,203534,-13.27159241939447,-7.942076139088901
1491,3740.507125232541,2828.9968921661048,0.29943228342761274,-0.22653117721204047,0.30383503974131937,25,15547,250346,-13.496351641705946,-8.615200881290345
1492,1021.9934810641847,2834.3943877102197,0.29524662920183653,0.3229429219364354,0.07544308086906977,25,21422,305675,-13.713149802196096,-9.06482508061659
1493,1516.0897639701918,2840.7765546146597,0.29929462826867,0.17177667297132482,0.519609941615391,25,11785,210774,-13.309542593759465,-8.210044429180064
1494,5524.446875488425,2841.9223859891304,0.41406937617236034,-0.28509188610058694,-0.04220272497650311,25,38955,438576,-14.105112155718393,-9.714245249437836
1495,3194.9789350722344,2843.8175596265964,0.26903109313794715,-0.2080630571686101,-0.35325203558299345,25,16062,258519,-13.531231168303346,-8.716436070385878
1496,1739.69379716721,2845.377239979904,0.2139661285365418,0.19990762323110067,0.1107915029581416,25,9785,197144,-13.236958910072133,-7.98035465151597
1497,3446.4632042494572,2847.5049825720434,0.36823335712067157,-0.11946815585793188,0.06750347114861079,25,17364,251581,-13.501694597629239,-8.739625636625796
1498,1011.7923922892787,2851.1435224508355,0.36072598611565265,0.44548502229940157,0.18167255407951313,25,14464,228705,-13.398189148384741,-8.455810608671168
1499,1022.0201816522853,2858.027643902181,0.39656854936908503,0.11994727414629326,-0.11962853255388187,25,14259,217828,-13.345284259990047,-8.424530304650242
1500,2456.340795276455,2858.751667073892,0.31517888994896176,0.41867387066337747,0.4038482772461486,25,30606,394180,-13.989236462910387,-9.475121612774547
1501,3037.7482401365396,2856.520318973239,0.20749107583715717,0.3119063732609539,0.6674249049641322,25,10015,208956,-13.300137115170514,-7.929234041926553
1502,4580.029724157791,2856.2149096293333,0.3787328530053296,0.33305788007491344,0.8643875061482379,25,18868,272072,-13.586709622813956,-8.807746670981185
1503,2481.8707610780966,2860.319562695027,0.27384287400027385,0.12396099710527143,0.2724860177558792,25,14317,236662,-13.435321325904546,-8.528438178505075
1504,4547.964163702121,2858.6896545285454,0.33938946450820207,0.2364301572610332,0.6374777779735186,25,13466,226180,-13.386135499333314,-8.356537608197538
1505,557.4458057230165,2861.7756036591336,0.5468978990101311,0.21863369048021603,-0.5160447105551077,25,51898,499500,-14.246338731405004,-9.882748657840516
1506,2082.7311292672116,2861.3781685130393,0.3824877983804006,-0.38741864612884525,-0.10114980965584998,25,19589,269961,-13.578252570506962,-8.880056246544425
1507,1538.3171449361184,2863.0954302607065,0.5201412961176459,-0.1041067327535905,0.3205642769700993,25,20027,252652,-13.506306851186523,-8.772642685698596
1508,1263.5023564755647,2865.693962177835,0.5541759797241592,0.45499013416833484,-0.18156503476732036,25,65535,563310,-14.376868652481553,-10.188197408672666
1509,2144.5001085968124,2865.3978522025013,0.35971252523209907,-0.16324822767599698,0.02758332805728325,25,15322,234353,-13.424676293457583,-8.558983881477927
1510,3949.7952216104704,2864.27782765801,0.29081066174681214,0.3715561073300484,0.9039165826135628,25,10401,209497,-13.302944520609314,-7.857390544289338
1511,4071.4198507197943,2867.4697937436495,0.34696709099753875,0.5120253012053009,0.031984069914044004,25,54791,576162,-14.401361528931954,-10.205188746882499
1512,2227.932997392093,2874.377325204884,0.34593497932285777,0.1761555547815606,0.2576144412241293,25,22209,292150,-13.664014726615717,-9.097831479115445
1513,3260.6176451441024,2876.0593381313524,0.41133937123334624,0.031251050528164084,-0.049469209022710334,25,45243,465326,-14.169393298327925,-9.920508952394337
1514,3498.4655077031375,2878.356407028871,0.3036024434540778,0.22770557673474434,0.1493431170742246,25,21881,306212,-13.71505551515173,-9.105425259504365
1515,5606.135355450684,2877.805331200868,0.30461443131090504,-0.10045141043286827,0.0490439554951957,25,12156,217476,-13.343528341241884,-8.206987032097853
1516,2334.112291354073,2884.4315382255973,0.4256366183610404,0.2955120255642485,0.28423149860455815,25,42256,429132,-14.081477251754942,-9.824174983945579
1517,1454.1061629817564,2885.7586935023205,0.4267798829754462,0.13679235649707505,-0.021474734770575876,25,18399,242396,-13.461313622148772,-8.789749604227392
1518,3351.7917284902405,2886.9327521937294,0.37232959610665484,0.4830124897840728,0.5100460517063555,25,17881,257408,-13.526555100611526,-8.778477728424967
1519,4118.462900407626,2890.297030654416,0.2680979507552233,0.17872798950172478,0.13212065486826485,25,28725,375175,-13.93558472802701,-9.530321657983126
1520,4357.994942880713,2889.8371100875174,0.4191807573351111,0.056833298013922076,0.1387041411399172,25,18450,245678,-13.475915669930545,-8.80131113511656
1521,2992.596154002013,2893.6801009911983,0.29868352148571764,-0.13975696504912807,-0.10980196496346316,25,12444,218820,-13.350217534243562,-8.276184301142594
1522,4744.093220828878,2897.5278015849244,0.48266134345254696,-0.05696170756168068,0.18601208159583815,25,15933,222993,-13.37072807567995,-8.513568448169597
1523,827.780634752337,2901.5000192096254,0.4652335093386483,0.5000096017366892,-0.12314974070813985,25,29948,331609,-13.801565772407407,-9.362117863630159
1524,3355.442383272725,2905.858494248804,0.2112829916314381,0.11385104911478737,-0.12864305176436686,25,12393,227917,-13.394441799467412,-8.395904851319475
1525,5767.719484743559,2905.440703417817,0.225912183274491,0.0005666154550969833,-0.019863070728782753,25,10456,213038,-13.321142690737357,-8.004309330226066
1526,229.07179415583775,2907.1207662624547,0.5113733238792372,-0.05121917847537384,-0.0980848173293598,25,8654,166825,-13.055652833807024,-7.394914415120328
1527,2718.2176483000035,2907.43174312882,0.5240936718220852,0.03452111233593626,0.23706016793548426,25,23745,264041,-13.55417842220519,-9.044512380058134
1528,2919.9000905363655,2907.311040109453,0.2149319772932216,0.13703994608212303,0.3569765988232435,25,9840,202523,-13.266185880060213,-7.9118032691382645
1529,5120.1182916534435,2907.201250662523,0.21439856614939445,0.03477201471471665,0.3840121014217998,25,9772,201305,-13.259636404999107,-7.946430289311337
1530,2271.698269409816,2909.6488374043884,0.22219593892995457,0.14906197647621502,0.08472419973807861,25,10705,207987,-13.295090476773439,-8.120111666452948
1531,2236.219504780519,2913.4107608376885,0.371593649866675,-0.015879107720208424,0.1492392382532093,25,14621,223961,-13.375430994948868,-8.499503298788206
1532,603.8849084780666,2915.3014891361113,0.37077292965436187,0.2966883175938602,0.021452364447907196,25,13396,221157,-13.361751725229025,-8.303334656192096
1533,822.1667554393501,2915.552899428008,0.22911971744315782,0.08390029532109027,-0.09575062354376035,25,9577,193300,-13.215579635071382,-7.897109544216967
1534,4492.935976199709,2917.058817165343,0.46878457248871774,-0.017454803950389987,-0.023885418545689898,25,9457,185654,-13.17176077683856,-7.5098908169698575
1535,4197.716637854291,2917.4460577178797,0.2359173582322411,0.1071907576530786,0.12118218474679396,25,10279,205058,-13.27969179309413,-8.001144189263588
1536,5373.404273793999,2921.1973590727544,0.3567602160449162,0.1298796972433564,-0.21373700010371877,25,63443,738472,-14.67083508298578,-10.2349429154285
1537,1470.1434608262057,2921.482591194983,0.4451565773955938,0.10417371291575543,0.1269570259450051,25,13354,206368,-13.28660588814312,-8.277927569751165
1538,6022.0570331130775,2923.8962264456723,0.46275821922915045,-0.2193417847819703,-0.051419760167729214,25,30341,363655,-13.901723907979008,-9.329725184668069
1539,4156.3096036841425,2929.699629484984,0.40700996706463016,-0.2698572982810895,0.057196169792171625,25,65535,649702,-14.531785509177649,-10.327316287783887
1540,4491.990258133813,2940.9335366284904,0.21141493188178592,-0.008860576887352674,-0.001170161798881185,25,46113,672948,-14.569953766854278,-9.930797618334147
1541,500.72370331739484,2942.8011378241335,0.46955404209992024,-0.12644462169033294,-0.3698256323952039,25,65535,986281,-14.985001667076912,-9.776243220356038
1542,501.8488774861044,2943.2772032228,0.33338018064993674,0.29914623628687653,-0.4834779062724824,25,65535,1082490,-15.086059732621525,-9.968861995314985
1543,352.18308088965796,2947.3753920163363,0.29207170732460835,0.06075884386861237,-0.038241953074772524,25,9729,191187,-13.20364589636422,-7.845124298367979
1544,3933.6606078871328,2947.8168390092437,0.21042561178513355,0.03705870243964034,-0.01666903865252324,25,10368,206859,-13.289186052205096,-8.070893807105806
1545,3043.2138970432397,2948.749820817635,0.317688129593088,0.12793777932868272,0.17903357047945664,25,22155,302970,-13.703499067299562,-9.123703120383386
1546,4419.828665661913,2950.694744104666,0.23552441154564185,0.12732225355378174,-0.2767591798502504,25,65535,1310715,-15.29377067395637,-9.46146579283293
1547,4926.190887818783,2947.7873960458082,0.28951553004164715,0.04697214675226518,0.949286207557715,25,13552,240495,-13.452765129061712,-8.36341462761573
1548,4420.861195737584,2952.101491455514,0.41992792524468764,0.4554819122948739,0.6968525254913497,25,65535,1254503,-15.246179260543249,-9.157039345431146
1549,4418.412835618957,2952.5540693134594,0.46997980481949053,0.9845776677494689,0.6666242739937028,25,65535,1203025,-15.200686631211692,-9.394246690320767
1550,4504.118742212131,2953.921565657431,0.49203516358371163,-0.011932572331625528,0.11523991166685538,25,24255,273451,-13.59219878978028,-9.100652642134248
1551,4419.41963610241,2953.5387740061387,0.4050764913107332,0.2346235681687558,-0.4637849015909194,25,64339,1196728,-15.194988630981532,-9.423964512715177
1552,1504.2902515479755,2955.3367445815275,0.33360990778909067,0.028036673025204118,0.14126818170007768,25,12477,210690,-13.309109807839874,-8.28273006757398
1553,2390.4099542502117,2955.900973951036,0.5507272668231094,-0.05124955556747146,-0.08017415883798841,25,57113,452874,-14.13994347017363,-10.11445549519512
1554,5759.8079783291705,2955.905604663476,0.27727911138553096,-0.1494020879351171,-0.06262298635460578,25,14822,252009,-13.50354012755447,-8.538496267778497
1555,863.0014570930575,2959.8421920592045,0.9479977466236222,0.21247389454587545,-0.4140380799590506,25,65535,487282,-14.2194509225377,-9.68823779058584
1556,3538.9365114909233,2959.77543393596,0.2233237644470431,-0.1850172414434862,-0.3785462434976305,25,11079,214670,-13.329428390727319,-8.140064898394796
1557,5561.719181765801,2961.617649466107,0.37119322179244213,-0.03253718710275459,-0.09757666000035317,25,14470,233274,-13.419665840921663,-8.427815685715533
1558,5933.807982666354,2961.4919918096098,0.6253445793743098,0.04492383350216849,0.021546370825772918,25,32551,338866,-13.825069990600888,-9.283273120440613
1559,1681.270812453292,2967.494544599073,0.5636211688264859,-0.31796414525569433,-0.17037140796647457,25,65535,984761,-14.98332710168624,-9.711360776431533
1560,1681.714002372119,2967.589775498885,0.5209249874088866,0.09361009025347948,-0.2935952915839479,25,65535,1015378,-15.016569373488611,-9.598399083279697
1561,36.310157941786514,2969.4004402384485,0.4895891634732593,0.15077642266989824,-0.3067073150586538,25,22317,288315,-13.649668094418011,-8.901298502993352
1562,2123.2802519368634,2970.898818282983,0.22612464583636172,-0.06014340385393657,0.050128963994589895,25,65535,1155062,-15.156513240949645,-9.719148672249645
1563,3259.957489246579,2970.5688007577014,0.21252267727385565,0.1902299546448809,0.7923795412270012,25,10130,206882,-13.289306765079745,-8.0043093665907
1564,4456.345922282608,2973.631993056875,0.31527481686446884,-0.09001185166505987,0.09086273373526936,25,12352,215494,-13.333587956506756,-8.273492263316506
1565,5661.944167562563,2973.4765249910206,0.3024329095886966,-0.03571642684806056,0.07460314184330422,25,11893,217569,-13.343992539053975,-8.169760706777161
1566,3196.5487727037184,2975.3959731511363,0.213188490188279,-0.10887736020196923,0.001604256086867168,25,9881,204306,-13.275702802638733,-7.939588579401377
1567,2377.102400847375,2977.369430926064,0.23096037356780366,0.02880548874039671,0.031514859931626414,25,11015,212584,-13.318826436296051,-8.106314941561862
1568,4913.199790917062,2978.9197908828514,0.2137383085283093,-0.08886510515903318,-0.03345742331280228,25,15484,272530,-13.58853579054382,-8.67037437074414
1569,1439.2297180637772,2981.4161249634108,0.2478670681957251,0.11891245620926029,-0.09086634837863393,25,11235,212508,-13.318438209971204,-8.134636638925361
1570,993.2108168136278,2981.645502999601,0.4039689268735803,0.5350708971660618,-0.34646760646209585,25,65535,924518,-14.914788427798483,-10.013991357177181
1571,2877.9851811417016,2981.4934083109183,0.2501316665633304,0.0806827010646264,0.2506658484150938,25,10034,201937,-13.26303975010334,-7.932818558417169
1572,1277.601644245678,2987.2432315098904,0.3187433035758679,0.25377203800292947,-0.28729473188369986,25,36245,430013,-14.083703963035726,-9.745129088287095
1573,21.388998824267684,2989.463864506585,0.37971091420562364,0.35321489744408613,-0.5543963624984055,25,25675,357787,-13.884061391648588,-9.13062906288365
1574,2409.9218639196065,2990.2075485637715,0.21381017688164208,0.08299483000230219,0.16026430717287204,25,11203,213922,-13.32563862560937,-8.199407374167917
1575,176.14239062959186,2991.731116853435,0.322296611980188,0.06244821963736209,-0.4279647410719673,25,10481,195105,-13.225670998250326,-7.961843997901887
1576,611.467606584535,2997.6025413799953,0.44101494251890955,0.2672503784439046,-0.41481408856475643,25,20009,272800,-13.589610914961103,-8.78816550829543
1577,3575.103533293662,3004.946127516185,0.6470933320030661,-0.04795868513429102,-0.16079361692510713,25,12068,189805,-13.195769121964327,-7.874211044756285
1578,3439.1155522482068,3005.7521512319827,0.22287871393105332,0.11385769705148169,-0.28312915305486586,25,17413,279580,-13.616265251372353,-8.88647452302752
1579,4350.296869827573,3005.6674454619438,0.46803788085418013,-0.21892882993948407,0.03830966803174917,25,65535,576585,-14.402158349804575,-10.323155126834012
1580,1280.7642543763025,3007.66436213011,0.3650150568885324,-0.20268916410053728,-0.35114238401689235,25,16494,243929,-13.46815858843584,-8.658567421724022
1581,6002.600555286368,3007.154749032803,0.2974670187054565,-0.32489131510711794,0.0072211879420665806,25,15311,268218,-13.57121979954548,-8.489607955433215
1582,1216.686444561297,3009.53888864855,0.38774414076893593,-0.23636235659480942,-0.25983651680827496,25,16517,241713,-13.458250021513932,-8.62647005695592
1583,4412.849114821412,3009.9074273192737,0.22946269203261419,-0.09826621428980117,-0.30713732084990203,25,10783,212795,-13.319903548038724,-8.072260182393041
1584,4786.216118624852,3010.141217061821,0.3650607909824033,0.009490856152417076,0.8643323958706138,25,18027,269723,-13.577294953703483,-8.739702933508369
1585,2217.069096140276,3016.1121422962474,0.5252849018708566,0.4599240987300343,0.3175437094028121,25,56259,581498,-14.411370563394367,-9.951846399166213
1586,3728.2334235025805,3017.396100796753,0.3836439083642867,-0.18108879965017136,0.12267763714652138,25,65535,1076926,-15.080464655422773,-9.806608822114386
1587,3377.9817648860176,3018.538525531767,0.21558503079740587,0.1407432370782725,0.35713974587032504,25,14472,249603,-13.493124502161542,-8.591140584098087
1588,4431.70172857721,3015.988188599622,0.5245901552004181,0.7313466450850235,0.8662946692946726,25,20770,291940,-13.663234009216605,-8.691976287243865
1589,3728.649965080738,3017.834168857198,0.34528540852374334,-0.03957611318747732,0.2874917615885955,25,65535,1073277,-15.07677955665348,-9.793330790122884
1590,4831.814508923452,3019.6983106033554,0.21267970144609366,0.021179747403123263,0.0719788755663765,25,10303,206511,-13.287357974267572,-8.061730720031823
1591,931.8698796946619,3023.788141600463,0.54398201265859,0.2759370750850649,-0.18387884779306013,25,31819,316851,-13.752137705304532,-9.373897699173568
1592,3059.8424488194064,3023.6890612248176,0.255801537445467,0.09556192934178409,0.18291178387870147,25,11555,213298,-13.322466958208242,-8.217768022641966
1593,782.2211710945502,3025.5164417142887,0.49136966692420214,0.14089251262075617,-0.12442974731010359,25,27088,301927,-13.699754879499578,-9.225903052192875
1594,1664.584899102491,3027.321835490643,0.3168878528042075,-0.20541162688178735,0.001672387131194074,25,14149,231801,-13.412788262994148,-8.478672341244371
1595,1740.3625395797937,3026.835314811959,0.2694156508385771,-0.17493847483560654,0.38629107337422003,25,10936,210755,-13.30944471680246,-8.068903824939607
1596,3829.64431211715,3032.075047783138,0.2658490802052098,0.06786861515698386,0.03245624681656646,25,15534,248628,-13.488875091141539,-8.690399648481613
1597,6214.308582182565,3033.389562287594,0.24860052707063962,-0.09784659025583564,0.07348516736358716,25,11609,225685,-13.383756737374156,-8.155612380593073
1598,6122.108407157947,3036.293669831635,0.23431011440684008,0.06122255469973701,0.7724316114920371,25,10463,217482,-13.343558295477598,-7.928714605893036
1599,1466.0841706176745,3039.0207340265324,0.32772793834424124,0.19894129476303762,0.36365265755610254,25,13352,219692,-13.354535606353243,-8.394988565421874
1600,2019.770007655396,3043.4736539588407,0.2930059727919395,0.19707176415500027,0.14943982847957538,25,12333,212990,-13.320898033869506,-8.317680019102328
1601,6159.725193795992,3043.1643618077023,0.33911281440065316,0.1772064901632307,0.16516178644166965,25,11546,220631,-13.359166333531835,-7.984980783394255
1602,3920.7846873259155,3045.37827371373,0.403571616712428,-0.036586421199746526,0.09741239003677325,25,26209,309476,-13.72656743733451,-9.275627196079132
1603,3349.763095371857,3046.1387305851717,0.3449782552085314,0.1176706406235477,0.1563303630055396,25,25664,318688,-13.75841427672716,-9.30514290672059
1604,3085.9019520965344,3049.326403425238,0.21240050358928755,0.13207047630948146,0.3501815912182978,25,9580,199923,-13.252156900233839,-7.89411263248649
1605,3993.8440461890395,3049.0061348877175,0.24771065106120382,0.19391962805646767,0.465045262981581,25,10947,209408,-13.302483172457931,-8.128194183935573
1606,786.3116061795514,3053.677848504875,0.43585133561576156,0.04014012062994714,-0.2843323672398777,25,18539,248146,-13.486768197403487,-8.760829081936482
1607,5550.095557266487,3055.5748670470743,0.47267782366636996,-0.3246455558402854,0.018303535623354593,25,65535,619764,-14.48056586483633,-10.283854793992884
1608,2567.5916835661706,3057.2726111424945,0.36762637563406886,0.4001367301731092,0.20073626078928317,25,21274,284723,-13.636056377470698,-9.015091337748398
1609,5383.180537678751,3057.526491027821,0.2784392491967499,0.12693485083620798,-0.3557768391609936,25,12541,231717,-13.41239474281932,-8.231878532613687
1610,4894.129781874958,3064.6691852894382,0.7011688692382078,0.2727638222780441,0.4065086668206284,25,65535,615024,-14.472230158805184,-9.756436769200567
1611,4767.959895798516,3067.9867805325184,0.6691311308082125,0.06160349409246186,0.07393021458213403,25,28654,269666,-13.577065483084315,-9.150503534244601
1612,5964.070403753175,3069.8738743169265,0.3192417886622169,-0.38694737216237707,0.07375566124977775,25,65535,956802,-14.952055186123944,-10.063405501314982
1613,6076.344137735342,3069.801818076616,0.37561610322755584,-0.20841009372114158,-0.0552421787868187,25,65535,878570,-14.859440923976742,-10.123075502051753
1614,3826.2003970754604,3072.4119168018924,0.3302622434226714,0.2907158794260333,0.3072517936329359,25,39041,438675,-14.105357211887554,-9.846512725290713
1615,994.1259734587198,3073.0646611233733,0.29704175643410335,0.03263611060987261,0.31125964595644096,25,10098,195960,-13.230418576960732,-7.913332156773496
1616,4506.151694475387,3073.7194796876383,0.208112457359495,-0.03455211358834987,0.19185753223890076,25,9882,201768,-13.262130722821922,-7.973326841876535
1617,5093.112199268173,3073.8900609806983,0.2935922761630695,-0.07498782758231874,-0.3622579377497502,25,33563,446878,-14.125472436696862,-9.594746882116155
1618,2585.980477375996,3081.8543133134076,0.5274149706292529,0.15198049682597636,0.10125045253461847,25,25837,275338,-13.599665383654404,-9.15077495572055
1619,5146.0099787510635,3081.815644280007,0.6054165885033597,-0.07005923101206125,0.04582503004963241,25,37072,331967,-13.802737284333741,-9.527983097745263
1620,4061.9018502769895,3088.1294901290717,0.34176084807987583,0.19723700398550498,0.22710484126041436,25,14345,229821,-13.403474275060677,-8.459826893941866
1621,4114.149066996869,3089.7737014000263,0.4630139945753514,-0.017970969051168767,0.08884597147370595,25,23963,275277,-13.599424816620228,-9.127255753694097
1622,1335.5152186002256,3091.766776395578,0.21570652603917734,0.08429415594346613,-0.2252443354811565,25,10138,201376,-13.26001927516848,-8.019446674921427
1623,2721.071554776142,3092.094320318431,0.3542053453378221,-0.06009465909772617,-0.4069168629854965,25,22362,302885,-13.703194414938816,-9.078828021829796
1624,1318.6733621068965,3097.055412070482,0.21159551457730216,-0.06500489497673967,-0.18176600859133796,25,19922,307543,-13.71976461619026,-9.081604048945158
1625,1640.0439049454806,3098.760024954864,0.27786950521470244,0.1800596403488678,0.5703005941577779,25,11386,208894,-13.299814915121747,-8.182295267008401
1626,3978.668711572413,3099.38572536401,0.21501918114906354,-0.1541214988304139,0.035352759638032326,25,10762,212514,-13.318468864465462,-8.11466957983503
1627,705.7865376626643,3103.806951221433,0.2680935441929853,-0.23513003049601294,-0.9429358458550535,25,17633,290702,-13.658620049205703,-8.754237448989802
1628,1922.1850532663052,3103.7878784872837,0.2804129787073114,-0.019611944534498098,-0.10829153291755399,25,11665,207769,-13.293951873773944,-8.23935884012354
1629,4552.393028529807,3106.0200856778183,0.526118492386243,-0.03147692391381746,0.0248234406930653,25,56389,475761,-14.19347209583471,-10.102165644478893
1630,6057.930799691984,3105.806138341603,0.4317725771857044,-0.08353762584238522,-0.06445166452576848,25,16253,246371,-13.47897396569942,-8.506062354605639
1631,1821.2925339153242,3108.2859278642018,0.2157362701816215,0.3662181851729768,0.43214519302320087,25,12682,235599,-13.430433606889913,-8.371775641387528
1632,3627.015962192903,3107.801310431895,0.2613967979412465,0.1713833323473471,0.31876048369294824,25,14531,246561,-13.479810956964425,-8.533624771992995
1633,1144.2252773179214,3107.6358643306253,0.635675253356548,0.040013563618175485,-0.0448430492298979,25,28952,274834,-13.597676146832935,-9.196222151197373
1634,3282.029412613353,3107.05611188831,0.43364960864208,0.20944731733421557,0.48273930860331576,25,21477,269469,-13.576272026744595,-8.983290319846136
1635,3687.763970477685,3107.170576666042,0.255803633195473,0.18430935969205303,0.31018819251605534,25,10317,205457,-13.281802356080206,-7.971374736209478
1636,3620.8307062307135,3109.855462597995,0.3455323958012222,-0.19855081799976804,-0.3160856644639035,25,17070,253072,-13.508110243198123,-8.731668763191056
1637,4766.749213675645,3111.713972575922,0.4158742422090703,-0.13424326930643804,0.18242154511535272,25,45448,467863,-14.175296753121497,-9.928165937273002
1638,4633.775038834312,3111.1273461505457,0.5259373146617176,0.5599306216539688,0.22457697723309494,25,65535,704481,-14.61967321147565,-10.083372850021224
1639,1419.6501038295569,3113.849651584108,0.2463086281887929,0.10543594129240526,-0.16340945221751146,25,10749,202815,-13.267750179615803,-8.105958521654358
1640,5735.870133153614,3117.478143865801,0.5106768672333322,0.031028551646554603,0.06116180196453817,25,18238,250376,-13.49648174218558,-8.61869663411037
1641,2577.4616575361583,3118.8817323843255,0.2924473114863177,0.08116971838890386,-0.011504266423865319,25,27225,353742,-13.871716567301595,-9.431775538722546
1642,3595.792228083391,3119.800903179715,0.3870472128439743,0.17426557073502444,0.10046835959217398,25,18950,254533,-13.514360240638867,-8.868237829051226
1643,1453.489832378822,3123.943460992482,0.3408767772448334,0.083261595048053,-0.20714244744737542,25,16041,241746,-13.45839824212752,-8.631532091635654
1644,2389.9969183271355,3123.3917782382086,0.22773852937442848,0.0810741334908583,0.3228287054436014,25,8956,189990,-13.196826856867453,-7.737028218020172
1645,4366.114216610942,3127.6298106955433,0.26207114495938894,-0.023160297952228712,0.09705413416682504,25,10010,198907,-13.246625168065982,-7.935887492322351
1646,3165.961703096241,3133.531435967278,0.47558518124188914,0.08995630085159997,0.19903613794049144,25,19943,248472,-13.488193639306889,-8.844521323007786
1647,25.773832427965353,3135.74478504317,0.2825723657398249,0.08590728662270056,-0.4351426884420919,25,10448,200581,-13.255724480410409,-7.952471786433655
1648,2722.2444492394598,3140.927561132039,0.21732795806090066,-0.002930279222322427,0.4960883608521046,25,10466,209517,-13.303048167380599,-8.05997535809786
1649,1406.278720635875,3147.9608972985357,0.542964577813483,0.07686979998912094,-0.11519769207603549,25,29768,296736,-13.680925595257182,-9.316427773050664
1650,2770.624863974798,3147.426615045471,0.3988658422063045,-0.3392384503663257,-0.020933483678752342,25,29182,337471,-13.820591146020536,-9.418140782966297
1651,663.8318360953677,3153.1328889103006,0.33104783602518256,0.3036150378020658,0.06288913315669199,25,12502,216255,-13.337415393779196,-8.252130749824252
1652,1953.2437651341631,3153.754079367639,0.3206180488231908,-0.3327746426745704,-0.566614736732194,25,16331,252782,-13.506865364107025,-8.665102059084266
1653,3114.1085488515546,3155.712480217751,0.34489586160392705,0.04524176128642503,0.15678666353032808,25,11744,205671,-13.282932649170448,-8.139885508750332
1654,1199.899011416464,3161.122990637546,0.3762949000717489,0.1493812267548879,-0.47066482982660524,25,19843,277145,-13.606767619625032,-8.862091722123344
1655,2750.0496807168465,3163.5871669718704,0.49911063808127953,0.1421183922763543,0.19103311156618455,25,27260,289281,-13.653299775218013,-9.25772937029273
1656,2236.224155504351,3165.980237785067,0.26330284037892443,0.01736284647841758,0.025439973754504554,25,12336,218958,-13.350902043749382,-8.320222793584337
1657,5438.21579727269,3166.0821765829446,0.3872204439049571,0.1283248204280793,0.23639652943754075,25,65535,846108,-14.818564503373093,-10.037614505034862
1658,6035.381089579323,3166.0805607809066,0.26820650905761356,-0.3981008262500722,-0.3523117218161919,25,16026,291698,-13.662333628581315,-8.458852343359784
1659,1929.7294236549299,3171.0473859272383,0.5360482640172803,0.6615632798854751,0.38088287222235445,25,30605,322219,-13.770377863732744,-9.315037734351542
1660,1408.4544983508708,3174.3573041531095,0.3258338598591177,0.3146190606414654,-0.04582555273020779,25,31166,390624,-13.979397307232134,-9.53320866702362
1661,3364.1003770655775,3178.6721003757543,0.3051289939602693,0.11842649374994035,0.761720429305365,25,11526,212742,-13.319633094380638,-8.123948319845463
1662,5168.537410451005,3181.0353383780302,0.3164386396571331,-0.16770829740826565,-0.1695368705746824,25,24815,339080,-13.825755436213178,-9.240540331912813
1663,1640.3043520614867,3182.004566313141,0.27448487571563746,0.00939867675650741,-0.1176153737812829,25,10699,201428,-13.260299601495731,-8.068889114930386
1664,4068.567766729066,3182.615790774357,0.2440956489572968,0.22592094095483276,0.14993825254494997,25,26219,364999,-13.905729186517373,-9.420350601530195
1665,4743.1076178957765,3183.5067491677346,0.39693235908585317,0.13191605654491556,-0.10387437493673074,25,65535,707563,-14.624412786583608,-10.274770667085114
1666,1327.2077605569489,3185.6801814854525,0.24810616980976333,0.14012371023504022,0.0018959718846958793,25,13210,233924,-13.422686953976255,-8.404167685643188
1667,1333.2778961176855,3187.753385244747,0.27178905675273557,-0.3258752782774646,-0.6359565474779466,25,14782,246773,-13.480744102012515,-8.557830552624457
1668,2203.0257865211643,3190.0705192327355,0.21517043056150703,0.1592936673739447,0.3635894525389794,25,14256,249423,-13.492341246277753,-8.574880168968145
1669,1535.693982336775,3192.035978708032,0.2140597761952985,0.06844438420743365,-0.06647495547826021,25,11509,215004,-13.331116349344455,-8.271519183127383
1670,4719.860531650542,3191.190403472073,0.47421064225257464,0.29301140403719667,0.39654458553414923,25,19193,253564,-13.510218985493037,-8.766186401283694
1671,5406.128124412666,3191.8015038706585,0.40774894332306033,-0.18186387411912136,-0.011872848160172133,25,14687,227298,-13.391489035938196,-8.418103900988692
1672,929.1186567386433,3193.543770213773,0.2187807070929917,-0.24922991007455178,-0.6155990781818769,25,9512,198340,-13.243525772243478,-7.832037325389049
1673,300.1701630906537,3195.919493329499,0.22265526100544558,0.06504415563977567,-0.45455676859486654,25,9054,188919,-13.190689095177818,-7.7953035635841905
1674,2342.1228234254518,3195.3754505333686,0.2717975278892907,0.03298705510304209,0.25964828359464887,25,10363,200944,-13.257687607735985,-7.987398644412852
1675,2461.317755230862,3195.9863829931523,0.40148839786471363,0.06615558949150331,-0.17533356181902685,25,40827,432815,-14.090755759083752,-9.799049391339338
1676,3573.7627382298456,3195.766962990366,0.6461354863860667,0.14788487689082774,0.06219841577169313,25,25598,256470,-13.52259142950227,-9.019834608510372
1677,5261.69557729269,3197.4122010179785,0.5707106787790375,0.244906256025279,0.026710151628737345,25,65535,580767,-14.410004827920396,-10.185026367705754
1678,3666.1430819449706,3200.94509756447,0.4670994631596902,0.09541521926614543,0.5619508220361689,25,20175,256942,-13.524587750714174,-8.859656952494268
1679,4311.430614018487,3206.435442960482,0.2314508954042636,0.10690796736265412,0.22741895522714314,25,36634,502275,-14.2523539058197,-9.769194520889421
1680,154.469181506522,3207.7763602717573,0.5581243052949895,0.04781971904286271,-0.4926132369715392,25,24263,287581,-13.646900473855217,-8.946727647602222
1681,5781.778190687735,3209.8218360964534,0.23238136044919153,-0.020998142470276336,-0.029380236604481587,25,9731,202300,-13.264989706927011,-7.853223435268336
1682,939.5152495565666,3211.438506129865,0.548785503878995,0.5055850641830227,-0.207996617701526,25,32991,353155,-13.869913398526846,-9.34760424561398
1683,2939.236359569564,3214.48192141155,0.20444667574109426,0.39784812687807963,0.6046426616293848,25,14382,256924,-13.524511687103452,-8.608676044595429
1684,673.7630667645475,3217.407115894722,0.20376693883107141,0.08498538670663294,-0.055177651878192,25,8530,186426,-13.176266203375036,-7.680745569393023
1685,3565.8543518700926,3217.872876574222,0.29964407120478764,0.25555484751943414,0.2244021280116955,25,65535,908104,-14.895338971632231,-9.99414739450872
1686,1630.9590931499313,3219.5380200193717,0.36948833385892516,-0.4688409313589597,-0.3512481886481138,25,24195,312446,-13.73693742277223,-9.167425191241021
1687,5337.776975272709,3225.5694613964997,0.3685108830143121,-0.00915423291069945,-0.015707979797550977,25,12713,217179,-13.342044572722028,-8.223463482251516
1688,4332.1597710289125,3227.9138659632777,0.3959845428070779,0.017788327504598685,0.14932392276847023,25,18388,251231,-13.500183067542284,-8.808075890625425
1689,5248.205181817611,3227.810029617162,0.38708205370932053,-0.14155771274130508,-0.021290266072389773,25,20630,277242,-13.607147557873713,-8.946673162785892
1690,5781.964329496254,3229.4704426190656,0.3440395790302725,-0.08170290132920631,0.05703526502594599,25,11529,211267,-13.312079163393268,-8.068299957854435
1691,3421.8802578510454,3231.656911872706,0.39685684339194444,0.13802243411524376,0.14794562249833354,25,16334,234332,-13.424578998001932,-8.632636319637593
1692,2852.420436916394,3235.469474842024,0.4559830466608043,-0.3580361189073826,0.059633067718568286,25,65535,666054,-14.558773602022303,-10.211757436991224
1693,5965.26148270965,3239.4272578267182,0.40007345148857376,-0.0805622138181858,-0.43310592683956345,25,24804,365408,-13.906945128188685,-8.989302501258472
1694,3838.156963584566,3241.862337792698,0.5050217326618341,0.0581708112446695,0.12263411160708577,25,46225,403942,-14.015797528567042,-9.908067076585674
1695,1393.7223896765165,3243.881877416039,0.2939607005034216,0.0935972201237032,-0.12752862972315254,25,12756,217360,-13.342949063524586,-8.347267161113926
1696,3455.9401653160608,3241.838287874837,0.374288984571963,0.457056758731306,0.9999063350508023,25,13901,230652,-13.40739306189787,-8.333102399199227
1697,2310.8659507507323,3245.497510202905,0.4367926320180738,-0.15524872355631789,-0.05677499303640394,25,65535,651827,-14.535330864656013,-10.260941909136946
1698,5598.703239986717,3247.024738575884,0.3781114882230249,-0.25134152238397856,-0.01568657581883133,25,65535,818124,-14.78204783263319,-10.175183971826588
1699,2121.6710447017804,3250.8029851628,0.33164074079727046,0.5970620912475607,0.443681420082889,25,16192,251329,-13.500606508124164,-8.648699832340222
1700,4990.6644784813625,3251.414662702124,0.4763754156018506,-0.49552755930342984,-0.06363148351787246,25,30311,346851,-13.85035737736029,-9.333168556513877
1701,5695.4221085521,3250.9517317808795,0.2997383831788433,0.27067287718076055,-0.004054915574660012,25,12748,242152,-13.460220150887501,-8.158569460618837
1702,1232.087488692466,3254.2040890549865,0.24339765687094056,0.13268812834100627,-0.03917900836594191,25,12722,225185,-13.381348644908833,-8.362874006981079
1703,3910.3220742596627,3253.790892066664,0.5134878990458537,-0.052363173471840864,0.05605717684517092,25,43915,387121,-13.969616827398045,-9.84542432027364
1704,1896.127732370759,3255.3286276765316,0.2610181651323112,0.06703299292265588,0.266062831751561,25,10767,203191,-13.26976116925486,-8.09582576324186
1705,5294.560183155053,3255.3331868932733,0.45197267644390243,-0.5091295953376906,-0.0022312376538552135,25,28651,342930,-13.838013698676468,-9.282951113825659
1706,5427.123283177785,3255.4675583412622,0.5018514424529873,-0.5605274355874139,-0.3480044862152534,25,65535,869384,-14.848029108110556,-9.933093720222564
1707,3450.6645716371977,3257.078307930463,0.3337522123428658,0.2290650386919714,0.1580248174988731,25,65535,725771,-14.651999027215783,-10.333909595809398
1708,4516.700212720109,3257.510587508178,0.3281899181389273,-0.13158178334980491,0.09700498312530685,25,18247,267823,-13.569619676127667,-8.826347388872085
1709,5830.228170796042,3256.2171510221233,0.240913727433677,-0.024296782343511566,0.6539775887963015,25,12519,244939,-13.472644851095794,-8.213814464692632
1710,2151.3149280328753,3259.092509035633,0.35058001313031983,0.1311819350580911,-0.0367409256129886,25,21954,289737,-13.655009897569048,-9.086064370519043
1711,925.8216510271899,3261.891371801443,0.5643800655208054,0.1216045758382365,-0.23096191808906275,25,65535,1074490,-15.078005944950162,-9.404316611274595
1712,927.0498407644282,3262.3292570090516,0.31831329269112896,0.06419969339850687,0.049633398573339385,25,65535,1193604,-15.192150663841542,-9.641040077382693
1713,1210.3127266422978,3261.913429646667,0.2989350163631224,0.028431331881553168,-0.202747862040916,25,13003,219392,-13.35305196808762,-8.37633808104754
1714,1095.0645401176532,3266.476380417057,0.3612584038670018,0.46634950955046683,0.49823954835481427,25,21524,314545,-13.74420696510229,-8.948255622334297
1715,1409.5302908607234,3265.5133874522835,0.23722188496792457,0.2407049341704726,-0.09499628219775172,25,11262,213273,-13.322339694961796,-8.162627029834582
1716,202.17370738321196,3267.403494537147,0.5867856307021448,0.20223890398682057,-0.23210117812710065,25,56385,521393,-14.292912990547498,-9.978196252426152
1717,1171.897818104372,3271.3858453711505,0.30261338555006523,0.21947690290298824,0.046839418376450725,25,11988,210380,-13.307511126935104,-8.247910151212317
1718,2117.798518750581,3270.9687138835775,0.2729418176593262,0.26217144503338696,0.4267386824418467,25,10981,207544,-13.292775456614017,-8.096947516164123
1719,404.03905096722406,3272.924623183652,0.777348375376542,0.5245670359262169,0.23646398901221788,25,65535,615883,-14.473745541447885,-9.889180352560924
1720,813.3415406783482,3275.2826517299395,0.22726173918600873,0.14330493040358586,-0.4078121219833024,25,18261,294763,-13.67368241994592,-8.88554250932017
1721,3780.1811616469104,3276.9870311958316,0.7317841669540713,0.26715014653139096,0.2909720866129777,25,65535,541971,-14.334940121895201,-9.850723344026383
1722,1683.106593699265,3279.195000630578,0.23177372038337374,0.03214029806263543,-0.021949326400706654,25,11520,216037,-13.336320344540711,-8.203338171179631
1723,3581.409539887444,3283.828172989345,0.36073372477364396,0.380430075349962,0.12029678655692376,25,52736,586414,-14.420510825169684,-10.068213245103813
1724,1245.836556922182,3290.6353331684136,0.2651266783782926,0.15748933100245657,0.30542669397030175,25,13680,236713,-13.435555273817538,-8.387167686221986
1725,5575.935265817559,3291.195008748326,0.21505692554338932,0.016718552707135043,0.20945890384590377,25,9745,205036,-13.279575301770057,-7.8538251400503425
1726,3405.174777490194,3293.462767071268,0.4059414660765153,0.32616468352581274,-0.028250708366052965,25,65535,663731,-14.554980255324528,-10.300518801020871
1727,283.1011706034674,3299.2772101626256,0.3425023364841495,0.0513965708158685,-0.7017433962561489,25,26273,373770,-13.931511101373008,-9.147208377673792
1728,3892.885015103713,3300.9156419686296,0.39806535418453437,0.16450042414115199,0.17384142055732996,25,49752,485901,-14.216369482140099,-10.09047800326525
1729,3869.860463600546,3305.7757081015384,0.3144804289920221,0.10029948932104792,0.2226890181553721,25,12060,212005,-13.315865259005875,-8.228518481091488
1730,1029.740540481604,3309.7014128135042,0.3698425982294352,0.4230464238928594,-0.20652866844402618,25,65535,696802,-14.607773471344156,-10.350108799806092
1731,4527.178978330173,3309.6496337454764,0.5506237708770755,0.31527058815697406,-0.30132989420531825,25,35043,359647,-13.889691104947499,-9.442341666760397
1732,5030.347525445697,3309.7246167600556,0.46269057686608633,-0.2781745072009532,0.003942227009615583,25,65535,607765,-14.459339215731413,-10.30499109794157
1733,2218.1246307152624,3314.7647002998506,0.5000482926635963,0.43707582371958525,0.5318445158022064,25,35482,376879,-13.940504847217756,-9.45953137358472
1734,2778.072673992627,3314.0739159585887,0.3344554875384898,0.10475633254150334,0.21970179843916174,25,13617,222891,-13.370231331707,-8.390689323942881
1735,5293.994473836395,3313.4307314481343,0.2340540744374019,0.002514752512221214,0.14909575056448177,25,9819,202680,-13.267027239046582,-7.888015697899732
1736,417.5961468154815,3317.8536953562,0.28609300691461803,0.1329880176075858,-0.5225725270476654,25,15599,255237,-13.517359078444462,-8.596036663318177
1737,998.6975274830501,3318.8598661246638,0.21966347962364166,-0.022558994349247786,-0.2971340869473921,25,21066,329327,-13.79406834492675,-9.091895566695722
1738,3171.3417200109184,3319.6392731529595,0.3301464558498014,0.1286858529900457,-0.07881229139355209,25,65535,943361,-14.936694794691263,-10.048604408772343
1739,3876.108594246135,3321.71779495488,0.5270994253548809,0.0627838390535018,0.1628936850653613,25,35942,333175,-13.806681015980168,-9.587694893566962
1740,5318.0821239921,3327.7336743991996,0.26551397648332137,-0.038201553653176054,0.0162580603451374,25,11325,213709,-13.324557030352064,-8.138157576530658
1741,1667.093872827091,3329.483014972464,0.36377397500666386,0.10256553352147428,0.021892205054988272,25,19946,271141,-13.582987983617727,-8.94089511077013
1742,1575.8305933777206,3329.445488368189,0.21850706490416935,0.15831145996983587,0.4599094147807257,25,9827,190609,-13.200358507257057,-8.110613488033007
1743,5082.399743205512,3331.752557490284,0.29263854557118896,-0.1417671272600861,-0.05014401912353873,25,12687,223301,-13.372226669898808,-8.302562493137286
1744,4696.981739573285,3333.8920845491416,0.2558267929798074,-0.04712886797675042,-0.45402407734094646,25,14762,251717,-13.502281367802937,-8.553041347029547
1745,2005.1100284401095,3334.8757982511593,0.25893288502521083,0.07572240409507208,-0.036360135474071215,25,48014,568542,-14.38690638229767,-10.15104627883093
1746,5823.879079209539,3343.8217528287432,0.34642899151208306,-0.0376843121499156,0.014079668071659297,25,13631,230968,-13.408879534296359,-8.331310913439797
1747,4479.522003944889,3345.2411275181203,0.35887333528966764,0.33465601425918495,-0.0530460649271769,25,42814,470081,-14.180431744956843,-9.908489014790016
1748,2425.559956547778,3349.7323936850844,0.3646162742677858,0.17043530965827017,-0.031041875623979826,25,14608,227576,-13.392816149391603,-8.469007227784218
1749,2852.069207977651,3349.042299848313,0.3346587797877849,0.1065980847364805,0.5223073381649533,25,11978,212608,-13.318949005248157,-8.163806398763526
1750,2218.0766469845203,3351.7829641717904,0.2465445651057945,-0.008216507343267954,0.04168259985651005,25,10618,203258,-13.270119119828623,-8.082142960596482
1751,5104.132732184674,3350.9687344820263,0.452349662577896,0.005632889150084377,0.46362849375348975,25,18593,259035,-13.533396121399186,-8.708286467169192
1752,5543.447548701892,3357.2400134982427,0.34417857293783316,-0.17096493617500574,-0.4311479884067852,25,65535,914636,-14.903120727943104,-10.056009520340151
1753,102.08556614952673,3360.1399043661095,0.28262410395850923,0.2801659340478611,-0.3917386144722825,25,17630,287507,-13.646621057558598,-8.72361078599901
1754,2652.819241677516,3361.983375289092,0.3633615030855846,-0.029304503889774437,0.1987448269577531,25,45869,526436,-14.303363951451844,-9.907779481548374
1755,2043.6964006339058,3363.529849758256,0.24947562131325873,0.18205839984912067,0.01044668427683277,25,10778,206204,-13.285742713972509,-8.106816082366077
1756,1364.6284333190763,3365.8852104670723,0.3614914129029524,-0.06902962221400344,-0.3131348769277523,25,20528,277070,-13.606473761768951,-8.9868046768427
1757,3456.5084148209316,3367.4882598421536,0.4848847467987212,-0.43512948981418575,0.07918100750053429,25,60337,551868,-14.35458803070432,-10.159269083881986
1758,2938.2981761505275,3371.5371691303876,0.4555563963286328,-0.02263037960732284,0.1706672649302147,25,18132,241559,-13.457558057645997,-8.712625766083764
1759,4601.564387728682,3371.5019378093634,0.34633890820433344,0.23357814953694178,0.03661262353520385,25,14565,233857,-13.42237593524648,-8.485801657464254
1760,696.1870830417332,3373.660675988511,0.6009480571063692,0.04821557648506215,-0.22422162059673054,25,27822,284722,-13.636052564157017,-9.147536133530991
1761,4308.083413300378,3376.7547206461395,0.7639553200538491,0.3327322201924821,0.6406111562596265,25,65535,558978,-14.368486788648887,-9.936463535703819
1762,1799.3954433226222,3381.809361893126,0.43220831504023055,0.15079993890680676,-0.22506469837518545,25,26875,311030,-13.732005700911927,-9.258255249326432
1763,2444.1873364798826,3382.2054366801453,0.3747412937182038,0.1480526919285478,0.14987223806696415,25,18179,254806,-13.515524125643877,-8.7929014685909
1764,4734.229902979662,3381.246449956139,0.4350544678946588,-0.09023447897405296,0.3202248181156613,25,19138,257965,-13.528901965121365,-8.795417897287516
1765,458.4806501293624,3383.313496969102,0.7651665407043428,-0.3525874124498204,-0.1823826764737253,25,55876,485034,-14.214430457303791,-9.773330740447673
1766,716.6594031301238,3385.866695437081,0.2710737239075718,-0.029395862326281,-0.5208651299298949,25,13548,234237,-13.424138742923748,-8.435989272485422
1767,1694.7996977420025,3387.7886176524335,0.26201653123935414,0.09431502049822758,-0.5420798239328071,25,17790,279923,-13.617596459837312,-8.810280330794916
1768,847.95692355694,3389.56398883073,0.20220867529699746,0.07222393055812859,-0.04143726882452069,25,8806,186716,-13.17795383737375,-7.766408925663205
1769,1405.0949267289977,3392.568954135898,0.34147694960359176,0.66679868555638,-0.04041376527648576,25,65535,1170529,-15.170955444662894,-9.639541816570883
1770,1403.8230508554298,3392.760715339424,0.28046223220274324,0.28826854153488235,0.17835519733729857,25,65535,1245239,-15.238131785044578,-9.47773077008166
1771,2552.398469901146,3395.660586495366,0.5513163054244354,-0.1574295809359306,0.054140593077896704,25,65535,552232,-14.355303922367849,-10.21072543375822
1772,191.0220410912785,3401.4257004865563,0.2022739019835383,0.0832456423408009,-0.6973622781480328,25,38696,590993,-14.428955842307296,-9.718295474217424
1773,4090.6399388153322,3407.8063504103975,0.3428874217246786,-0.1359421717692609,-0.13797887244817106,25,15477,238617,-13.444253453147093,-8.58652281688442
1774,1758.4938270535981,3411.4295055405546,0.3083840870402862,-0.16532817103643552,-0.013963680973111205,25,13746,226277,-13.38660103048202,-8.46157331008042
1775,1644.0500201865866,3413.1647264412723,0.32826848301862593,-0.18299086831357564,-0.3640553776634066,25,65535,1032301,-15.034515870115193,-9.889314761661915
1776,1352.6383619978278,3415.7532232920485,0.2604492155331721,-0.26911123786315433,-0.01605682747121626,25,32173,422368,-14.064227517955814,-9.637924345996796
1777,1196.0552427764756,3418.144247677757,0.5935600779862912,0.19134943357144726,-0.02931345079558223,25,52359,438521,-14.10497598949883,-9.917892236950358
1778,5638.517844617668,3417.4690145516715,0.36663797626452205,-0.3539397891668205,-0.034216782544249084,25,18226,277759,-13.60917034983345,-8.722412330464438
1779,560.1081986848586,3419.561925147553,0.5699355736942029,0.15375004016638827,-0.1164053414290845,25,19974,241855,-13.45888767555848,-8.727580819529635
1780,1947.0827529964008,3420.2199224032747,0.20887877621343331,0.1259671980327857,-0.3580922919893401,25,21501,334645,-13.811460851261305,-9.173280273475196
1781,3026.1458288926106,3420.9157551177186,0.2634287304187713,0.09742419596019695,0.540277174157951,25,11516,213573,-13.323865870280574,-8.202845941695195
1782,1774.9021035588935,3425.482771273432,0.24155465104960616,-0.06945169715506685,-0.019738728413509425,25,46776,559304,-14.369119813257665,-10.161123506274695
1783,2130.303325025681,3425.342412941198,0.3636061457023479,-0.04985889508116639,0.17910815018006723,25,13394,217539,-13.34384281950759,-8.3416156485853
1784,5443.218362105499,3425.8069821256063,0.48904638042027193,-0.11818862163081145,-0.4269254305833367,25,43390,482206,-14.208081524802258,-9.692339826349128
1785,1477.9264920768653,3427.620659084708,0.5414242506285222,0.23676912441625236,0.044841976010325725,25,27219,280616,-13.620281074371691,-9.20926315956917
1786,4342.031420031046,3430.3778633548764,0.5513700437717558,0.345380225837697,0.9008707367292931,25,21682,270239,-13.579370062885962,-8.81168055323725
1787,1518.1952239731615,3435.5832997209027,0.4551113739061254,0.04787500447846516,0.057299071584734546,25,17635,232994,-13.418361843332832,-8.70815198341494
1788,2895.298954786729,3437.4896873413086,0.268835475785699,0.17419563608518865,0.11341274898547303,25,12569,223791,-13.374606542289012,-8.316711189780012
1789,4926.45875437084,3440.8001282422365,0.30063316587024597,0.30389560533713034,0.11013503933172233,25,65535,1003789,-15.004106080413619,-10.023492486111161
1790,4687.159686989924,3443.258248367105,0.3362215937385933,0.26454619487716924,-0.02200811990976524,25,65535,697204,-14.608399675200399,-10.412330352246453
1791,2568.336676564142,3447.671204567417,0.5470150742336681,-0.11213430124826554,0.041608495848197036,25,65535,538750,-14.328468207921969,-10.235179892698687
1792,1575.6220271379689,3449.4008081025363,0.22371522402952743,0.18935435936904824,-0.19689033843034953,25,11558,220638,-13.359200780336094,-8.188584047395503
1793,1034.167027694131,3449.5154668312825,0.5914103978355693,0.006601078870474518,0.037758490534865304,25,20678,240083,-13.45090352313739,-8.77520628047522
1794,5558.205733025999,3449.246507729039,0.5418514462223798,-0.2648573725340912,0.17770214155708017,25,47995,471835,-14.184475382615382,-9.835436295594993
1795,5633.728024319007,3450.5273157972006,0.2580731257648522,-0.178103767534791,-0.0761404170060118,25,65535,1231324,-15.225930861202617,-9.62475078494062
1796,5002.03995297785,3451.511467315166,0.41280657211267324,-0.03724948972950543,0.11161303956452334,25,17540,248022,-13.48622551310223,-8.699940721110007
1797,5633.3186350814685,3450.8675711046976,0.6665746931556794,-0.22910778883839839,-0.05939956494246998,25,65535,954713,-14.949682090611025,-9.612344224681063
1798,2580.251082526476,3454.217177511015,0.4629960683543659,0.28309239192524593,0.17955039971129663,25,63017,566591,-14.38317417924952,-10.25886898534708
1799,5196.58418618754,3461.2883283236174,0.34105946527512,-0.24927461321118582,-0.1793124754489736,25,18612,279431,-13.615686462409915,-8.798005190208523
1800,811.7510594388089,3463.0508151732506,0.4141139646464433,0.5117491087909913,0.12365754907711253,25,17066,251552,-13.501569436489051,-8.624751585971817
1801,5182.229116055979,3463.952561944862,0.3302921083614949,0.07912198428198565,0.08105648985038678,25,65535,778869,-14.72866104674458,-10.296028143612958
1802,3582.818413504119,3467.4888555099683,0.21247639809645777,0.010748734174017291,0.23983912568750201,25,10411,210369,-13.307454356279653,-8.019697936899737
1803,5775.886437241807,3469.624038505505,0.44281929691449856,-0.13391847074269217,-0.10268467799207359,25,23827,312717,-13.737878727775627,-9.026225055079738
1804,3303.6188649558494,3471.4208753794187,0.22637148311976843,0.27794387263063414,-0.018883721835369426,25,14441,249767,-13.493837643695803,-8.567650602133929
1805,5130.644736601889,3471.5481546364044,0.366581994990899,-0.6042109402009552,-0.11888779655659483,25,65535,870573,-14.84951298449187,-10.189162311152993
1806,5538.02362079643,3473.518995627335,0.3497703119984532,-0.0633038808776536,0.07589629500749416,25,13480,226878,-13.389480962697926,-8.319993673696938
1807,5130.081716797267,3481.8523306850034,0.2002690183070834,0.038323514300208805,0.091648009794439,25,10958,218660,-13.349423359421825,-8.144315744820013
1808,3725.785744977694,3483.2343716864007,0.21978371765637192,0.15871279810363553,0.42742791335238706,25,9562,199530,-13.250020506384532,-7.855191387085876
1809,5439.851075847839,3485.3760115422697,0.27821708256993277,0.04392731010050625,0.0637132232989927,25,12122,225933,-13.384949172599704,-8.198533158156335
1810,2107.7960733120985,3489.5011106316774,0.6084854029943573,0.545544282585487,0.2039297018187089,25,33890,321982,-13.7695789842149,-9.38919230386897
1811,594.025559159356,3493.4327721710483,0.35527359927713675,0.1412149505888828,-0.12316687334895461,25,12700,213681,-13.324414768653023,-8.249375963365228
1812,5522.001019208367,3492.8283129786496,0.2558197057950411,0.06606687305076953,0.4229945012164469,25,10261,211043,-13.310927379477784,-7.893347099409269
1813,1149.8673981987276,3494.379583822583,0.27418276897948407,0.4374781229000922,0.5689419752346189,25,12444,226449,-13.387426017941115,-8.283910997430434
1814,384.04268908203943,3497.287398548497,0.4461604713191776,0.2267477516428881,0.00910232459541348,25,16503,239106,-13.446476185523618,-8.56210498128119
1815,1326.5398171364732,3497.333898380276,0.2795698047683058,-0.16422971518520707,-0.07777238345778834,25,11934,215479,-13.333512378486427,-8.223607354325601
1816,5622.294634935233,3497.2683912364428,0.4621072239882348,-0.29752549310756843,0.139530904678339,25,26556,331089,-13.799861880310715,-9.169591035759932
1817,3339.9010558953123,3502.0755583552386,0.4199812032191741,0.19682800726858593,0.16305427585206836,25,62729,561559,-14.373488479981358,-10.336348227494872
1818,583.2993377379144,3503.4711943993757,0.2786903357623084,0.2736278949918166,-0.4863701000243435,25,14721,253183,-13.508586353935438,-8.475984139141039
1819,1812.0816946701489,3505.684579792577,0.4313884631170795,0.09006179975303731,0.04204881203726957,25,20320,256807,-13.524017143701737,-8.926470620900862
1820,2461.9163572168495,3506.3956175514,0.22012076680004594,0.16817850513051213,0.2614458975955389,25,17702,279903,-13.617518883147037,-8.91747250188457
1821,3430.1157317389734,3505.6674881847707,0.37668329885331325,0.08826094657217494,0.2018058561124257,25,12715,209478,-13.302846047011105,-8.259669754736358
1822,250.1432383852034,3509.0879393358314,0.305013792360989,0.05473534016630103,-0.016991317882543013,25,10458,202000,-13.263378423616558,-7.931786696860792
1823,3139.9986763588604,3511.251613970665,0.7027015131896884,0.3731454416140118,0.3395886938964899,25,64594,474265,-14.190052688987196,-10.076554753523535
1824,3650.1724242829778,3511.482094224446,0.4083451985490155,0.020201751612525066,0.24874931782319762,25,16944,238679,-13.44453552400071,-8.687644331060708
1825,188.40045054732815,3514.1010349201933,0.26674226724519734,0.1501975587308112,-0.5123986819045552,25,11759,221907,-13.365427505393267,-8.125244573158847
1826,357.86554123404585,3514.910024962418,0.28077827151793466,0.24499220393645016,0.17621902017346686,25,10807,206480,-13.287194978839532,-8.03242953150561
1827,4022.087365224068,3517.531776469745,0.5044370787255246,0.10680793214627043,0.23721039213369383,25,24569,270721,-13.581304863940318,-9.118955771374855
1828,4370.085176755396,3518.99398348709,0.6620094131466099,0.25928589442197225,0.44047355961033713,25,65535,610684,-14.464541353932933,-10.006560289811503
1829,3172.4331479649245,3521.934526552635,0.37173279909520046,-0.032877903169346544,-0.06493945051230632,25,11829,205106,-13.279945912607625,-8.113564116770085
1830,4987.992902083927,3520.2857670229637,0.391475760544003,0.259178724473098,0.8397458380556343,25,13572,233337,-13.419959024671364,-8.238113347277597
1831,3810.0541138776434,3525.2236113140107,0.21999169231263374,-0.32401584726723653,-0.2753344786885342,25,19707,306525,-13.716164752758234,-9.049741725993401
1832,6153.928222597273,3525.792402623981,0.21946966107753754,-0.01046927340467317,0.0030646812867866887,25,8541,190157,-13.197780792886196,-7.562559550089607
1833,1788.3168209258863,3527.746252430974,0.30172703408158813,-0.06472898552781245,-0.13720340991530822,25,11025,201840,-13.262518093773796,-8.108986644084947
1834,121.75227734946193,3529.8044335490194,0.21638758053041715,0.36942299703107445,0.712335067478287,25,9658,207061,-13.290245767757725,-7.8421603082933355
1835,4815.757976144549,3532.030031648025,0.547291942968314,0.11231367865878719,0.09076578813578283,25,65535,558779,-14.368100190296955,-10.210456938971683
1836,5382.289109234095,3536.8504468305687,0.4799329345808122,-0.18138475346145058,0.4472962324317359,25,24438,313349,-13.740070782653204,-9.028175626552585
1837,4410.787934919793,3540.9421278820414,0.31468549337747675,0.14832593756081755,0.16701063411563252,25,15241,248971,-13.490371909170575,-8.55007397993462
1838,5126.827740668386,3541.2192836616364,0.21626149929054772,-0.06106945683774702,-0.12423891930472945,25,13417,246920,-13.481390670737682,-8.43675035678075
1839,4236.5109085962595,3542.9638025604804,0.2056109293417595,-0.060263169865491385,-0.03235542126220117,25,11464,222820,-13.36988542473504,-8.202680367056201
1840,5358.021946391187,3543.644220283471,0.485835090043339,0.019758577973177732,0.1499554491869959,25,13694,213068,-13.321295573288632,-8.224196942357075
1841,3697.259952531015,3544.9998571246037,0.2214842422845113,0.1522159950288033,0.10152258493490393,25,14246,247226,-13.482735355592455,-8.580193564497678
1842,6043.442030580106,3549.940481827942,0.3317422929636566,-0.49491208832873007,-0.3830478967141086,25,40449,593267,-14.433125479319573,-9.586349364922727
1843,5287.794732563978,3551.308944193071,0.39556081080954736,0.3142833815627102,-0.05095078043382409,25,65535,788625,-14.742176351035098,-10.195206752139407
1844,66.9457818583933,3553.608760324962,0.26172717764101194,-0.10074481226322779,-0.782971635080703,25,11434,222000,-13.365882436126597,-8.020982467969159
1845,1778.2195701343755,3555.600600862732,0.3524472033505656,-0.023460754437276653,0.015031387007404728,25,14132,221708,-13.364453410652379,-8.467669889518824
1846,4124.454321188007,3565.1248047645736,0.30984249330400215,-0.09777207833359981,-0.08177456877625261,25,17477,264592,-13.556441772641001,-8.788164421224726
1847,3344.5231036480864,3567.6411325321883,0.21083505740855235,-0.181949270875686,0.10322705980625498,25,12765,233385,-13.420182349640026,-8.391073925567774
1848,1948.5763973152038,3574.673285024864,0.21973754249174754,0.13763586093175326,0.05133735349806755,25,25792,371420,-13.924663214151419,-9.411278573225616
1849,4046.3890006351903,3576.4013824580425,0.41530665494004537,0.6820082775283509,0.2693447815374282,25,65535,718824,-14.641556422113354,-10.172707448247877
1850,4319.92582988272,3577.4489880995093,0.5511732789042095,0.19468510201991338,0.24668780521909767,25,23532,260949,-13.541389092264826,-9.004878932786504
1851,470.2417652648491,3583.2929409411972,0.21961033028263371,0.009240710624121204,-0.11385906926219777,25,9124,191891,-13.20763651523893,-7.761136448235762
1852,1646.441335326383,3587.253828923256,0.2931187310392268,-0.17113392146447876,0.10112528358157004,25,12060,214675,-13.329453678926896,-8.240816727747807
1853,3935.7213934253173,3586.537060833439,0.3317218462098299,0.48943153226669694,0.6769354503715397,25,11656,217521,-13.34375297786875,-8.0432214294371
1854,6153.08924167849,3587.6944567108058,0.48538714267442473,-0.11456150151295971,-0.2715159734948374,25,65535,941533,-14.934588865758878,-9.954691163070413
1855,1775.3396349141622,3589.896451044913,0.36202815590126247,0.49214098457434147,0.17922448818963221,25,25408,328753,-13.792174311558231,-9.238808558087339
1856,1003.9970832990443,3589.851091995928,0.4327936303670236,0.1325445183581849,-0.18156671547070977,25,21604,271854,-13.585839318745716,-8.973264328959312
1857,489.9134284238476,3593.3105982350335,0.5689909227487805,0.4170247458845839,-0.05868583273678701,25,31171,337350,-13.820201786228283,-9.277882227032439
1858,3612.155941811369,3597.641924933524,0.34248403826168283,0.06624140089256167,0.20324331077054364,25,14670,229198,-13.400527059059133,-8.534121002187845
1859,5179.828231051536,3600.0679231581125,0.27705579709857237,-1.5846868146665007e-05,-0.03080780018678001,25,22001,324006,-13.776382631556379,-9.103207219675456
1860,5933.908353141071,3601.201873395291,0.27941010414239537,0.06887647480658976,0.2635744718331682,25,10975,216051,-13.33639070199971,-8.005577611419406
1861,3114.0118498643506,3603.326149192308,0.4617347306628679,0.24335197266074088,0.33081170788471326,25,19665,248973,-13.490380630924063,-8.84377070164467
1862,1535.3057086635354,3605.105531851631,0.4102376163330733,0.061095644113216815,-0.18318282317133253,25,35898,386576,-13.968087219994985,-9.653946204859755
1863,3696.5825868085376,3609.0888175235323,0.5511719091409902,-0.1792307648921009,0.32672821459259743,25,64442,946701,-14.940532089656898,-9.68460281490535
1864,3696.282332127237,3608.8729189421065,0.3558005850820612,-0.26858981439904195,-0.13280421220977734,25,65041,1060298,-15.063569855536912,-9.845867771890473
1865,591.9722816066036,3608.9433384527683,0.3150857618157465,0.17837428180685022,0.22609466019439245,25,11354,209666,-13.303820024547147,-8.09157169819177
1866,1616.291488467114,3608.1967648268956,0.2028642818946375,-0.03748337925913335,0.7580937722466077,25,9569,202294,-13.264957504683633,-7.8537147643578
1867,6012.302492809907,3607.7694601067906,0.2358135765134056,0.003694803120434582,0.8929813742051423,25,11396,237449,-13.438925862301973,-7.963331109797803
1868,5012.681873618431,3612.48758205153,0.20869542146370298,0.305675606690317,0.029329433032442346,25,20838,343071,-13.83846002107841,-9.054524696709617
1869,1000.0050087301817,3613.862428295281,0.22825942036908237,0.04746923252440516,-0.20910887450492716,25,10147,199211,-13.24828328887638,-8.0042473271836
1870,1891.4811721209342,3613.2102130929984,0.2889138415489249,0.3467284201374836,0.1352855915023249,25,11895,217386,-13.343078928509462,-8.176184163269765
1871,741.6446759984691,3617.3269555644697,0.2259852478468436,0.16069376889567683,-0.10590803775667745,25,9124,194395,-13.221712725802604,-7.701153395600232
1872,3812.4445523322293,3619.0863764063224,0.3841984176602488,-0.19550961317256016,0.31300934276239434,25,12454,217529,-13.343792908403811,-8.114759541782648
1873,1508.1993205891688,3621.8525642887607,0.44351930260781225,0.013899475467461552,-0.11380011825406085,25,26828,302829,-13.702993656073609,-9.27053063184732
1874,4116.561982537443,3623.5600312497118,0.6471024867935644,-0.40365737728314266,-0.0741310436163653,25,52415,421219,-14.061269881883398,-9.879875437305412
1875,449.48306946208703,3625.312599047335,0.21753501864957503,0.11450820303395673,-0.6142766833081502,25,12947,242336,-13.461044837861298,-8.303786747634645
1876,4274.437642276543,3627.1092004027687,0.24273000320608318,-0.081302693435796,-0.07425315760860367,25,16373,266583,-13.564581127495853,-8.762171706346647
1877,4894.569813571115,3626.870531497381,0.2850630366836666,0.049818618359375934,-0.023796008773007592,25,32805,428434,-14.07970982152036,-9.638194462450802
1878,991.9770196168223,3626.3319505007303,0.23803058757573112,0.19414485987295982,0.6152467010842945,25,9954,203967,-13.273899770559712,-7.900828297020446
1879,5682.334965669117,3631.4631180483298,0.4287048189404102,-0.14236918633272402,0.046634746386084405,25,14260,231140,-13.409687772352578,-8.29096956040802
1880,3371.120374636294,3635.8030197812627,0.2006627219305246,0.1419986950762206,0.38958772190331475,25,10504,211159,-13.311523991539882,-8.057509344354834
1881,4657.179106411768,3635.7304181777863,0.9728277342775778,-0.005403335289667702,-0.11341788010374126,25,65535,468896,-14.177691319822506,-9.6956045767151
1882,2135.467975505707,3645.7305224888482,0.3717421229535571,0.49966144702103976,0.06410846106345258,25,31941,377223,-13.941495411572031,-9.529880184091695
1883,4155.274078833553,3645.7546162490153,0.29973031408317424,0.1663720658031243,-0.20324503687143677,25,20143,291009,-13.659766051415758,-9.005821950598742
1884,5388.046076416151,3645.892908793514,0.27902933325035745,-0.04417814008940627,-0.0418255611764361,25,13214,234007,-13.423072122327742,-8.359022890466004
1885,5711.783786618491,3646.12402339406,0.2907941315769351,-0.09776594975165434,-0.08138831882418225,25,20401,325162,-13.78024946534785,-8.878506269912169
1886,6136.272693042519,3647.057309161324,0.3726416497771486,-0.00021683699634537015,0.14322414416670637,25,65535,1040297,-15.042893365186846,-9.91933832410431
1887,3266.162268871552,3649.77499387336,0.3698098459344149,0.05111563908122383,0.10540478438457723,25,17120,241576,-13.457634464925487,-8.748978444249216
1888,4259.862926371009,3651.942689884133,0.44457027573723756,0.06720554361874329,0.10857999910410945,25,16549,232543,-13.416258177323323,-8.590062186057107
1889,999.9531219026852,3655.7852529830293,0.3614441688999081,0.09868469199828483,-0.18221696219340053,25,13527,217704,-13.344666021637742,-8.362793739976025
1890,4900.266388291592,3655.348225944597,0.3768990507735119,-0.12340890929072465,0.22332722820521084,25,15726,241271,-13.45626281060644,-8.560442281156988
1891,1619.455312771359,3658.924228874511,0.3575722655929425,0.06741178887091522,-0.17011025429803073,25,28340,346460,-13.849132752621705,-9.402240275864637
1892,1771.643907993898,3659.871428474689,0.5320797766590141,0.18020534264838384,-0.11323650615494416,25,51456,440778,-14.110549774970947,-9.982906957939374
1893,795.5860069770501,3661.773682186254,0.3842097296112651,0.19016469568245942,-0.3632427956946093,25,29333,361538,-13.895384878025098,-9.376357059505665
1894,2866.2353689244783,3665.178958021614,0.4406824634282631,0.008135449289512113,0.3898914429630107,25,16007,230795,-13.408065989806168,-8.538573116857822
1895,976.2781960531272,3673.5536849743025,0.46407539829424355,-0.031248218511697276,-0.1855175116008422,25,20150,259723,-13.536276026660746,-8.836404034599362
1896,4395.357355125254,3677.250832554142,0.3261765409501943,0.22112641110241998,-0.023436425730115548,25,20787,294400,-13.672344514163653,-8.998919855850573
1897,1961.8823614612593,3679.150612662785,0.21648077929343498,0.16183544749237258,0.29331279166781643,25,9738,198446,-13.244105873559766,-7.928943923010877
1898,1626.9575328232277,3683.5907105685883,0.20965833833744407,-0.28768685240675856,-0.27817481180253434,25,13691,260439,-13.539265047825648,-8.377857223666785
1899,3824.9289598687687,3685.4744446131313,0.293829759508395,0.13012097529091135,0.18180727544430506,25,22674,310336,-13.72958039524853,-9.19678775179254
1900,1804.3762604724388,3687.4517345740474,0.2605975977324104,-0.040129547677100884,-0.030546152510222527,25,10352,200050,-13.25284638928754,-8.005023177982215
1901,3778.1756745565644,3696.6370664871483,0.2948056451600339,0.4120428240801143,0.45746529650176415,25,30589,390911,-13.980194728473084,-9.526975705033298
1902,5819.975621346399,3699.2856379782743,0.7419473174241465,0.18139245731564818,0.27637659889689514,25,47676,433956,-14.093614243562808,-9.620763702947695
1903,1209.191440065621,3703.622045558816,0.42237033164879506,0.24032506698482606,-0.10176739191152603,25,38609,425077,-14.0711690171619,-9.693995771199234
1904,2692.8370381057234,3703.8171916092874,0.21122480614585404,0.04179033098380055,0.25636697450217555,25,13632,241053,-13.45528135204848,-8.529689917056212
1905,4186.939714306638,3703.040810735144,0.3638278966307317,0.13602168034876946,0.11721895070632922,25,27743,334799,-13.811960380358531,-9.394921763914127
1906,4655.9974462916225,3703.6032458763825,0.5374462322055099,0.03128107964234574,0.07364812609662176,25,65535,559612,-14.369717546705951,-10.245236811719838
1907,6194.389555223902,3703.7389877358023,0.33938878304365383,-0.10545105142942232,-0.1527241011672445,25,14049,244675,-13.471473992477229,-8.330142904067621
1908,906.0156220557325,3705.7396189432275,0.28213653396842836,0.001659325427572324,-0.051183616269181234,25,9053,183575,-13.15953384219963,-7.728503815500733
1909,994.1717591882856,3705.733304663295,0.3293155051400444,0.026608267062125067,-0.1591333293313386,25,12053,208523,-13.297884911130373,-8.215736936489504
1910,2336.1301883629626,3720.7833345491113,0.4663326264882426,0.6128893611411285,0.29070847688495416,25,64454,729326,-14.657304240390621,-10.055444868036599
1911,393.51635265447743,3721.889417495349,0.2040957884664514,0.015113536292351275,-0.9003505134172498,25,10109,211237,-13.31192497746273,-7.857322565891511
1912,1444.5689499115908,3723.587754347823,0.2852788307779684,-0.3274403692412365,-0.1424588097610723,25,27150,362735,-13.89897365579359,-9.389425005761925
1913,3750.939692812287,3724.372063586801,0.3994224915117609,-0.008419063778631074,0.24426635809696615,25,65535,962406,-14.958395804737329,-9.950553796736768
1914,814.4225420165175,3723.7013639940933,0.5419270918498686,-0.11917222574294153,-0.29436364333165266,25,65535,625494,-14.490557870287867,-10.155590074809304
1915,2688.203648074688,3723.9110329795194,0.2546422589442872,0.09513886876978626,0.0724987740734789,25,12187,218591,-13.34908069217235,-8.309676448292493
1916,3202.137358637818,3724.124483006471,0.36383104791261556,0.07573232232420687,0.21427218840800427,25,11959,205987,-13.284599531427528,-8.138347241387745
1917,293.1897993773975,3727.7950045533294,0.24174086652260676,-0.08697765427902665,-0.8996523041399516,25,10778,214619,-13.32917041744264,-7.94264312245068
1918,636.1093637997764,3729.0603523916334,0.5391407161453906,0.2366326328733158,0.12172742221665019,25,29720,338936,-13.825294249409811,-9.233076730006617
1919,1693.322088560162,3731.6495055036858,0.4894598240051603,0.312972179416303,-0.3067552074585227,25,35009,371635,-13.925291521048047,-9.496718314734036
1920,2861.0390902382715,3734.1522197644204,0.23907962614305533,0.22013621313799933,0.4895350741787639,25,14932,252499,-13.50564915618282,-8.622731705197378
1921,1129.636715691348,3737.2812275451147,0.2259373947152746,0.18134281267645017,-0.41006595603856333,25,18475,297266,-13.682863098300027,-8.90833684338579
1922,4598.043923722423,3741.6120905908597,0.43028533801532287,0.06305427374123947,0.1978777174302104,25,13949,216577,-13.339030834053611,-8.34449467627342
1923,4384.4995661926705,3743.3707102252683,0.6780602781999089,-0.4799966030807136,0.08757476917115,25,65535,530148,-14.310992818391902,-10.072872634528025
1924,3210.2862959401773,3745.478733206795,0.3642600110607491,-0.03881221555794257,0.15774027766074877,25,13502,216830,-13.340298424521716,-8.380733352248281
1925,5957.742969730906,3746.2080676698934,0.2013022387992327,-0.1513388409353024,-0.03412457768392106,25,14118,273262,-13.591448106511823,-8.358847203656781
1926,5065.288585298833,3750.02105505257,0.2761849561776527,-0.06223053992253931,-0.30245062451646226,25,24219,358341,-13.88574125328625,-9.188145733886175
1927,3784.900488482519,3751.514101456597,0.37396404321755755,-0.48175593921610027,-0.2031580493055282,25,39786,439781,-14.108091156164694,-9.811072524352456
1928,1023.7332895683892,3753.9907866313147,0.48420469694331475,0.08410187335025299,-0.2131193071115215,25,26132,302407,-13.701479599564557,-9.136848641215728
1929,3103.9630969264576,3752.154151708468,0.38098179671684995,0.38737995756290333,0.8739709772467605,25,15883,245014,-13.472977251207611,-8.553002772657255
1930,4329.9583880497685,3753.941325241288,0.638570417153012,0.12552319582185087,0.13355414217961034,25,49095,381823,-13.954655213969613,-9.842511590750469
1931,213.69500483174718,3755.5966590286157,0.39802337527997744,0.3048271494079849,-0.45251523629324036,25,65535,768955,-14.714752313016193,-10.236792716610752
1932,1111.4343117970877,3757.9557236455607,0.33180945375862325,0.04288381433496527,-0.35259691004725324,25,35022,428493,-14.079859328855715,-9.653216635800572
1933,1334.464654188105,3757.6455927536517,0.36574369991330913,-0.1541412264691093,-0.22838852871315946,25,16989,248085,-13.486501265636532,-8.70401697253979
1934,430.03378119545465,3758.708525949495,0.23542377973090733,-0.01336001580924784,-0.5630770966993469,25,12175,237182,-13.437704317155326,-8.120628878906421
1935,1185.4799025253037,3762.953295087969,0.27347537795901217,0.0332912401847215,-0.3043730347292132,25,15024,250087,-13.495227792151098,-8.574368311712547
1936,3268.0914252922616,3766.6320427737123,0.4181287003226903,0.2338657250945972,0.7044212602634444,25,17499,247777,-13.485152475876188,-8.685216877778856
1937,2361.5268672670377,3769.546677164433,0.22435785773831882,0.20537799074114443,-0.05533227592036229,25,11356,218422,-13.348240948605222,-8.160186099438862
1938,368.61023562240894,3769.591009697627,0.24156583765224163,-0.08406453735359729,-0.5320438743373689,25,9293,194097,-13.220047057256142,-7.746533097820738
1939,742.6819981223434,3771.8641797802497,0.5772164937749028,-0.1820069441089628,-0.5192449655307487,25,21568,264728,-13.556999696494609,-8.76485406302574
1940,2562.112805966368,3775.989755655351,0.386990414271968,0.2042646541479303,0.1468880636805754,25,65535,690382,-14.597723649255638,-10.289799055897191
1941,446.65221856406095,3777.138345275338,0.2370239925756095,-0.15763182767156542,-0.33361234296054254,25,10612,213930,-13.325679227918762,-7.940677972596596
1942,2082.1676300196577,3775.6792661333525,0.21341360904080453,0.1022802706487247,0.9406144178773935,25,10485,213737,-13.324699273413302,-8.01686218031154
1943,2640.188298356217,3778.9768634131174,0.4470653703380346,0.04529717903774326,0.18124818650356025,25,65535,790153,-14.744277983359433,-10.073175746189909
1944,4280.067510573672,3783.0715217641427,0.31759447227513515,-0.05521898514266731,0.5646123834068659,25,11459,212861,-13.320240245231236,-8.060552893509499
1945,1496.100393474459,3785.448674495238,0.22454002912532037,0.013850614700431061,0.10222882789679497,25,8959,189435,-13.19365055576233,-7.7546803097635895
1946,4724.234570367931,3788.325468894923,0.23302607375793308,0.21207368890860714,0.21145405953074797,25,17538,286726,-13.643667690201548,-8.824984043790142
1947,4850.242493833545,3787.311865378654,0.3668497402230234,-0.05449689051199943,0.25697434718569917,25,14265,229264,-13.400839663331718,-8.434060687263207
1948,2309.438673664255,3791.679757645085,0.3200795492614135,0.15886116476099588,-0.15001851327150104,25,11758,211017,-13.310793611097179,-8.140836717135828
1949,1219.2123854129545,3797.521529120102,0.2706977867588176,0.08630473455294162,-0.20841508348043483,25,15104,251345,-13.500675625601026,-8.58441570738738
1950,1384.276784933714,3798.0554029811474,0.47309314180974543,0.16731569554839668,-0.07678108512861,25,62912,598000,-14.441752959971028,-10.217963778851999
1951,3049.220763840765,3799.385903772125,0.3353559941280797,0.19198384651526568,0.07588756581507494,25,15770,242166,-13.460282920831508,-8.6257814616718
1952,3370.0246067985345,3801.8826193461077,0.4022978176210501,0.21712192764179994,0.1549556614653272,25,65535,734372,-14.664790274522616,-10.17720597287168
1953,5163.180137784035,3805.4708866489186,0.27539312580215886,0.15078204877575788,-0.11536525351852926,25,26807,386250,-13.967171231082228,-9.323233927596288
1954,1781.736302374242,3805.0117981347194,0.5473217338094085,0.7497122755756305,0.2943410391461276,25,47926,457745,-14.151559022880708,-9.83010069368246
1955,2807.730101064964,3805.174567877792,0.27601940775301226,0.2924694317877021,0.2888160039196498,25,11645,212790,-13.319878036420484,-8.209749465459566
1956,619.3813799753995,3807.7983322539453,0.24970295277920523,-0.21085816837167984,-0.8796200344979104,25,11842,226196,-13.386212301724614,-8.13090019847214
1957,4406.884857751082,3809.890638692184,0.3005808819519502,0.08897950682761394,0.28720634467135386,25,26076,349081,-13.857315528511286,-9.34467058392707
1958,3887.55717905282,3809.8558591244177,0.32419067601529394,0.07394897013079599,-0.0596512786406175,25,14439,233039,-13.418571520026823,-8.496576261753614
1959,3746.740736356312,3813.210991732623,0.20000827996381915,-0.0018975922798533634,0.02306044701570382,25,10315,210086,-13.305992780642084,-8.011359029986277
1960,5423.804818183576,3818.1253049360053,0.5081049612453228,0.03140607601402482,0.08468548511565203,25,65535,698325,-14.610143975100032,-10.100379053805169
1961,2810.7545220301863,3819.288700839584,0.4825446069017807,-0.04831301465034321,0.06161960647904414,25,53888,468058,-14.17574918139908,-10.101793932821085
1962,405.8022407600567,3823.0814306174557,0.3275004076071506,0.25261420705091076,0.10021064968914548,25,12212,219398,-13.353081660729789,-8.16431161503623
1963,1264.1131349929365,3823.9351616246163,0.5923377844382407,0.03586538803449311,-0.13681499381134174,25,41908,368844,-13.917106807915673,-9.67293335499466
1964,444.14073422482755,3825.6041753269205,0.2715366442913056,0.06643216624852467,-0.15532945025112607,25,9517,190462,-13.199520851124651,-7.824152266700849
1965,641.7531087639757,3825.8057015926174,0.4713881946578978,0.045942190574046,-0.30342032704192823,25,14411,217074,-13.34151952256131,-8.29974278971154
1966,3808.2895828126466,3825.5110601586666,0.23706749828939205,0.021719435992129946,0.1820982531702559,25,10666,207215,-13.291052975432,-8.068260813736533
1967,5076.534794854035,3825.3500786973013,0.36523591997941807,-0.2579754947446827,0.013516534297510818,25,16817,259122,-13.533760717653609,-8.63773394091908
1968,5620.099708967023,3831.365105236563,0.3933705075991907,0.16455216684512985,-0.2264151488090257,25,65535,1073656,-15.077162888621343,-9.912256206178593
1969,5621.9204134398415,3831.5429415991325,0.4984305812393072,0.07697020165193282,0.2716254124742527,25,65535,1129773,-15.132477978728849,-9.426544299446146
1970,565.7304815573924,3833.4440833147733,0.4027763802687438,0.27018151067562884,-0.20780675907674895,25,18271,262986,-13.549831573842448,-8.726723654580471
1971,5620.871366509676,3832.422898308994,0.7191713393337059,-0.3656827767361785,-0.08842539064069418,25,65535,997714,-14.997515165787076,-9.396625047784772
1972,6115.274029375805,3833.427513408865,0.22641262691161163,0.06953842453192358,-0.3530960287218757,25,9694,212973,-13.320811371340175,-7.631051912713223
1973,1607.8340774376034,3835.6792577944757,0.3904995620274032,0.17968752732486176,-0.013933046854935098,25,15045,226712,-13.388686270495558,-8.508193869867974
1974,3888.0979637645914,3835.981997824105,0.45135986487263857,0.1920147073389751,0.16311621480716312,25,57148,512018,-14.273213072182076,-10.193632670586403
1975,6159.735809926649,3835.5362422686767,0.5077405553932015,-0.040773340314023,-0.09271233043983004,25,21037,297134,-13.682380873598197,-8.719315135922317
1976,836.3504594375597,3842.928107226486,0.44503644775003515,-0.12528519971983404,0.0675200132134586,25,21471,297500,-13.683717425161422,-8.861820357698672
1977,2525.8374383363143,3844.6148848650882,0.22612464583636174,-0.04554422024060999,-0.24605892584019715,25,65535,1317499,-15.299375735622947,-9.529065838751915
1978,5850.355985815509,3843.1258959146926,0.3431459769652767,-0.13360431883936724,0.1927143515555371,25,14623,251670,-13.502078622790563,-8.402402645034508
1979,2525.889288281423,3845.118639372062,0.42049158628539623,0.33829660930624156,-0.21829925526960822,25,65535,1171081,-15.171467337246312,-9.250056416883098
1980,2525.8839824047577,3845.464874535713,0.545788750670168,0.1285648189046631,-0.3387021529381929,25,62389,959725,-14.955367019859882,-9.626451581504401
1981,4915.248814839361,3847.776253759509,0.22634836296548436,0.3137313090591823,0.09672071480927523,25,18802,307820,-13.720742084608188,-8.9252128088887
1982,6122.396008645479,3851.1582234875855,0.5479690723170046,-0.1901642324718583,0.178932995795033,25,31514,399797,-14.004598827329595,-9.190070775122782
1983,1984.5363031358447,3854.0772913101573,0.4892740029753269,0.05361488573781613,-0.1653019465084573,25,27747,307299,-13.718902867487767,-9.243438719742711
1984,1053.8596808253917,3855.73766965497,0.42937363043154886,0.11550270063264848,-0.21703316877423393,25,22449,282728,-13.628422052558498,-9.01273358747917
1985,3742.1913695418702,3855.6718515736984,0.49391165211241533,0.06333336932600794,0.17538631259284554,25,25831,283542,-13.631543495966802,-9.183305737826792
1986,5767.886645290588,3861.5626468563487,0.43382940708375795,0.4289714528168657,0.3610336825205212,25,21191,328959,-13.792854431931566,-8.71009113657394
1987,2138.127483844215,3863.0401300189988,0.2562703189797265,0.0690872277728963,0.4305283044120683,25,10653,205812,-13.2836767324539,-8.046670713208918
1988,2393.7764234782103,3863.9085624890045,0.3074331196102718,0.07084256027636839,0.01131794550802053,25,12532,215069,-13.331444539460303,-8.305570581800438
1989,3936.041236980758,3863.662939958282,0.4638321412604983,0.15272844038042105,0.18784959584656902,25,23758,276046,-13.602453646119177,-9.100638465432286
1990,6198.1273390959195,3863.0998334214605,0.5923008143487881,0.014442627279697562,0.27329024669942176,25,62751,655937,-14.542155323034232,-10.022968603113087
1991,2642.8530595986085,3867.4055627250527,0.312252731600476,0.012871104792769166,0.11297962318352103,25,15274,240617,-13.453315769327679,-8.586484319708358
1992,2030.1579872895313,3868.4132644672063,0.45141659183153593,0.5075927163914205,0.19215474459373455,25,65535,743590,-14.678333851572873,-10.051836341758909
1993,4570.037853815625,3868.3177241985886,0.3621758345290397,0.26918185046188414,0.22683187539743582,25,44152,491712,-14.229277017929949,-9.910495356491726
1994,2255.9122994969084,3868.58264680692,0.2571703332898585,0.21350667738069434,0.6763594138532881,25,10397,205197,-13.280427517647087,-7.98214811880463
1995,514.1002379678082,3871.7278868225544,0.6994118794169883,0.024354117538849165,-0.17880475127034168,25,21941,239489,-13.448213926432706,-8.737973378978438
1996,2116.6544091038163,3879.3991646635623,0.268937281565496,-0.11090546666138305,-0.07915974525928238,25,14511,241962,-13.459367914061069,-8.549142964306615
1997,1781.3080360004028,3881.1280053418063,0.2348951888366578,0.06317374176377846,-0.11615862318125526,25,10498,207530,-13.292702215182983,-8.009584880378206
1998,3759.0694907542525,3881.3719149883805,0.42302179334954054,0.20921384714566074,0.14586710114967355,25,30688,340565,-13.830500033259712,-9.459316567363022
1999,1171.9348987357912,3881.4224300502224,0.31338675855472237,0.13913753281319163,0.020591362749828684,25,12067,211650,-13.314045682025073,-8.23064797326912
2000,2993.9850981490404,3884.4773701338668,0.36212468052665403,0.35348008713193857,0.7686973057320213,25,15507,239677,-13.449065900141058,-8.57606604056641
2001,2748.4747995230327,3891.046333295735,0.3588941127629818,0.13193814080117564,0.1464003867981519,25,62042,681061,-14.582965029330309,-10.266067860740337
2002,403.1637460670475,3893.736431381925,0.32122308578529546,-0.1012215594820619,-0.647387543645695,25,20743,317580,-13.75463286093728,-8.793895579151545
2003,5843.604798787694,3897.509882371191,0.7091626323201178,0.08999562946008158,-0.15621910549989237,25,65535,608020,-14.459794662601169,-9.979448001434118
2004,5857.917284421849,3896.9848279426537,0.28824436341990617,0.04100566187819223,0.23212487172212118,25,10953,219032,-13.351268921896903,-7.948746294147309
2005,1799.6115465042835,3903.63884841292,0.512295755263432,0.29784198908002474,-0.06824383478904752,25,24585,281975,-13.625526513321965,-9.059755236627813
2006,1897.0723685881349,3906.923315033493,0.29901920932857434,0.27230437025006743,-0.2833974620161109,25,56708,954289,-14.949199794460066,-9.81527110894432
2007,1419.8759044965602,3909.1597474628447,0.41743168233758354,0.3405275940938975,0.25511355090082305,25,15989,235006,-13.427697376249839,-8.550236495265462
2008,1837.292423704743,3910.622046146306,0.3285369417943939,0.1553317548017394,0.07856788176527559,25,35575,424964,-14.070880352987206,-9.71440444418179
2009,4557.712295054168,3911.5092716915774,0.22804059631361784,0.13233820523780898,0.0688002108377671,25,10436,208929,-13.29999681399881,-8.02461235084928
2010,1461.9245869514143,3913.5740143218677,0.25686335085680617,0.10041998851503982,0.06416800641929506,25,10180,198340,-13.243525772243478,-7.975097351398137
2011,1298.2186245096761,3915.6642915668563,0.41513050475291907,-0.02574652772109875,-0.13659473022789761,25,16344,236563,-13.434867047766918,-8.588877873218578
2012,4357.182522547631,3917.9355287689705,0.255664305828999,0.33775182747504257,0.3133560668574432,25,14519,253630,-13.510501554253388,-8.541450798409532
2013,125.559131138466,3921.31778289611,0.30020224962757047,0.2846810478659783,-0.326942683978151,25,12778,230492,-13.406639640841833,-8.244755019827824
2014,861.9599730939299,3924.7701681749054,0.8119923806877065,0.24859057500287993,-0.018012323386982457,25,65535,606986,-14.457946685707647,-9.633148657304005
2015,4758.726953682244,3927.3547487133565,0.20194361740357902,-0.0936893339733554,-0.041009206141221145,25,11682,228827,-13.398768167207994,-8.19545634055219
2016,3097.8162939318086,3928.8475191088382,0.25256228120178426,0.21942069964072677,0.6330470121074578,25,9715,199439,-13.249525219801635,-7.845168863557964
2017,3648.6734479161128,3933.3354394537387,0.3210567220618338,-0.030554583426979778,-0.024744412954675377,25,65535,874962,-14.854972979559562,-10.195126533386762
2018,2128.26797069767,3932.9331700232656,0.23668496056755658,0.008377354553168322,0.450474770818353,25,10737,208949,-13.300100742533509,-8.09302143844081
2019,4535.518416184391,3935.1628717570898,0.21572154400971236,0.06499667930580157,-0.0052887503772909485,25,51929,720910,-14.644702624547906,-10.183308665943082
2020,1932.2522226007238,3936.5515065038535,0.4989216874417794,0.6632535156729705,0.22913579764851885,25,65535,740095,-14.673218675434505,-10.024581868791575
2021,3156.6222316257026,3935.70027218261,0.2890987208949765,-0.11176692898885394,-0.054199942686128114,25,13407,227471,-13.392315092122693,-8.431526232130878
2022,3909.9898359671715,3935.9903463098576,0.6951318374079664,0.0010494310172500824,0.05966547662797365,25,13098,186107,-13.17440677114234,-8.017323028999478
2023,5387.6980231380485,3936.5093841641005,0.24437701710502366,-0.08126561403235355,0.09139986089845055,25,45838,694616,-14.604361956908786,-9.78679437976878
2024,4745.939726977726,3938.710062202038,0.9734661394160544,0.39523063744524095,0.2334555582544756,25,57940,470989,-14.182526910629633,-9.465157438104349
2025,550.390080483903,3939.455539738832,0.6249043880648849,-0.1769021424446621,-0.2484276732355307,25,25459,291650,-13.662154951915086,-8.942775968261001
2026,3915.4232172759766,3941.3846194774683,0.25791650246854575,0.26683618321479463,0.0922406430309985,25,10870,213118,-13.321550329711824,-8.040878814422012
2027,3452.521405915497,3943.1202191944712,0.20627794904751232,-0.1472607690555832,0.2440400061781501,25,10059,205020,-13.279490572956016,-7.968688770784386
2028,1151.702779299446,3944.86174207915,0.355597004631484,0.1623865634332948,-0.40341714871701995,25,65535,1027428,-15.029378492919388,-9.967801019966595
2029,1291.214134047693,3945.5535536656316,0.39750652754345694,0.18173502877789993,-0.22487581053289402,25,57259,603487,-14.451669797976237,-10.173077896512353
2030,5010.109317916563,3944.9786801533673,0.3031427939864932,0.08079050816283243,0.43549449914616223,25,11499,217174,-13.342019576090145,-8.066791461965254
2031,532.8828198091792,3947.6934182995283,0.6085947241350703,-0.3821845486682791,-0.6932705176438833,25,43840,458722,-14.153873922760113,-9.568963202259654
2032,5321.853674934236,3954.581324035024,0.4090297720200618,0.11336059458542591,-0.050976287559826375,25,63407,921226,-14.910915466677032,-9.92988989625798
2033,2776.072823633409,3955.3426021480727,0.4790853616112904,0.1465655020917565,0.32823081474180044,25,17149,229820,-13.403469550781493,-8.623224988904612
2034,3820.2723053732075,3958.207283216178,0.28970537028264975,-0.03461885295934616,0.8434368517863706,25,12000,223163,-13.371555477592024,-8.152530088506994
2035,4008.2371949905723,3959.644230719943,0.3876886623714951,-0.024841554606414754,0.1403866868766434,25,15086,228426,-13.396863837089992,-8.521037943324952
2036,1926.5033899559369,3961.340520287115,0.4137313718976347,-0.49322408112617133,-0.23734075456671808,25,65535,769112,-14.714973968619933,-10.15558617185645
2037,1967.7149897036327,3961.5478033575646,0.2917670811273064,0.15640633135470627,0.04188949267335387,25,10772,202678,-13.267016525196558,-8.045969231920163
2038,414.1230618634356,3963.7238750709394,0.45575796341593583,0.06352025711857849,-0.40318179412557215,25,24780,312915,-13.738565955333424,-9.074049588737703
2039,853.661971473098,3963.454892989518,0.3925051363339806,0.25098064931520075,-0.1985198044841338,25,15516,240279,-13.451789539549772,-8.473522632427068
2040,2474.328317932428,3963.0514414664826,0.2076863329010218,-0.0842956435932615,0.35014461200263736,25,10221,205088,-13.279850624759932,-8.037720819209708
2041,3520.779924765626,3966.008472392198,0.38656107564623765,-0.017433565754834443,-0.2680034815082303,25,16041,242064,-13.459825513836801,-8.559146208891873
2042,1541.0442528102628,3967.985568447081,0.20193828121378388,-0.08575793682939886,-0.5518881251301077,25,12257,232162,-13.41447784103815,-8.335138146445514
2043,4684.350685292993,3969.830381703588,0.2692573616030073,-0.03273772265216842,0.012973807186425025,25,12974,230151,-13.405032165580288,-8.359189179655925
2044,5483.958757967022,3970.84791817895,0.587151809592829,0.2942555475299141,0.5487850602600831,25,20972,278793,-13.613204662988007,-8.674569576715248
2045,3509.919256018684,3974.044987585135,0.2886508292527351,0.008492865863647395,0.057694625133455475,25,8193,178013,-13.126129298217556,-7.509262851902058
2046,2420.6318325158677,3975.5724502995804,0.20047522629677375,-0.13713911083632757,0.04236867050317824,25,12130,228913,-13.39917614254206,-8.329395133461727
2047,2283.4339442907362,3983.806789289311,0.21547585204743172,-0.27849075359576225,-0.5947954684761807,25,15682,268075,-13.570640786651557,-8.707027398526272
2048,3368.1370865711974,3982.6526884820696,0.2382735284919101,0.10055201224328468,0.6693726195507821,25,10792,210524,-13.308254032773894,-8.076590623204554
2049,2798.257715839752,3985.244440087194,0.20547062455726106,0.007831909163665673,0.27735047302428756,25,9832,200665,-13.256179073565391,-7.987197682625352
2050,5412.13052077989,3985.922503990804,0.24368168481150698,-0.020985354263311336,-0.04729577620447096,25,10776,213295,-13.322451687406263,-8.025570907792865
2051,3897.729384241775,3989.4844816682903,0.37798754410751084,0.25300024863686466,0.16768073221726715,25,14486,228283,-13.396183928078544,-8.449804224297251
2052,734.8759367884851,3990.817826892324,0.25201461411203535,0.13753966011118537,-0.5443234676490326,25,65535,1105893,-15.109282772761762,-9.856578730498313
2053,5135.555675265766,3992.926212935172,0.3673260351592178,-0.262928103435171,-0.5339756141981288,25,23902,355134,-13.875980632496676,-9.00908867339106
2054,3021.98835761394,3993.365044986052,0.32190687320428024,0.13202754997531863,0.3168210030424503,25,11788,207334,-13.291676316035478,-8.189333451362925
2055,3678.735890817798,3995.8819461038747,0.6590449139813679,-0.22955480214337565,-0.2760406697438981,25,57352,474635,-14.190899400792695,-9.938476346361892
2056,4880.043452947964,3996.2560903265967,0.3749703025479729,0.26476536667610684,0.76190369654759,25,15294,253048,-13.508007272879095,-8.43144695250329
2057,3080.181339966867,4000.1339969985074,0.23759015594717156,0.09279063333962803,0.18121957297847266,25,10470,203256,-13.270108436445469,-8.051932199140486
2058,4961.467726177126,4001.0913397950117,0.22517598840467987,0.17004359625038434,-0.1820892469805326,25,38336,541029,-14.333051361483733,-9.807277331054044
2059,437.8791119291951,4002.7352410306885,0.3182003997802575,0.30538128121021746,0.23801728832332728,25,11754,218099,-13.34663418577759,-8.104306565295735
2060,5437.763239113231,4006.6833817516354,0.7077181377815864,0.6666145931829096,0.5729777345687977,25,30220,353562,-13.87116395478682,-9.00940973852004
2061,432.351276608265,4011.9427352526523,0.20296391594247712,-0.0024502564441483896,-0.6095586178052845,25,10665,214930,-13.330742596722214,-8.048390970405704
2062,3319.9736043109065,4011.008499811275,0.4706508698822288,0.26425441261068183,0.5561105134561249,25,14791,220251,-13.357294722261814,-8.369349380078358
2063,4765.98458370428,4012.6923305704013,0.4700762485073802,0.33076831562046166,0.588075510800256,25,19570,271837,-13.585771421666358,-8.745048125527207
2064,3906.1858790467477,4017.3281421615484,0.5148736533009892,0.06268503348386334,0.2990052017873864,25,23458,270860,-13.581862185322624,-9.023048230605706
2065,4407.772605439269,4022.274657373505,0.25992556885720575,0.1228324850399295,0.1237125043654949,25,19987,305034,-13.71087062450977,-8.9880232223155
2066,1007.5418454021246,4023.8722221430526,0.2851665279184334,0.008785329832093357,-0.34396064496263157,25,20250,303007,-13.703631653980661,-8.983737175897376
2067,2392.3191544634105,4025.388002408809,0.2956782544259252,-0.06371913578222944,0.15004151716858818,25,11329,207001,-13.289931108732063,-8.150968131275897
2068,4557.962981379819,4025.504755892948,0.31598802019264505,0.09320224739858668,0.16242397858584545,25,12159,216499,-13.338639736764051,-8.214125334308086
2069,3803.2145700954593,4026.79601136583,0.3310963476621922,0.22223417968493125,0.16783984501355334,25,27230,345921,-13.847442319370122,-9.385289469603357
2070,1555.8379441375853,4027.2735498423385,0.4483987595873543,0.3661351174923579,0.1632842783826575,25,22076,277752,-13.609142987086598,-8.979923813574972
2071,5146.13701158277,4028.2481586768317,0.20190912051955678,0.11487305327196322,0.048645290670529015,25,13118,246909,-13.481342301369924,-8.403835542648556
2072,4903.826758908206,4028.991186574699,0.20383813978603543,0.1588470786702331,0.35023235585784385,25,10034,211620,-13.313891775127832,-7.942265882743089
2073,2282.160055234082,4032.7399476992323,0.3243341371810978,0.26511888588854116,-0.059918808301288304,25,65535,1112304,-15.115558747519621,-9.70089968975938
2074,3128.6604614578464,4033.5178026417866,0.43332630761361035,-0.24573088384474845,0.06643600483089818,25,65535,671418,-14.567482450099043,-10.26254698878859
2075,4830.207705826504,4032.5500907627757,0.25583812730686784,0.019915475950231364,0.6222931549452246,25,11762,225939,-13.384978005619804,-8.164958270194813
2076,4840.13125479096,4037.5357126993326,0.44059422388155406,0.019972474670531655,0.1343903488225322,25,16813,241408,-13.456879145122944,-8.594976955911676
2077,2558.682768122055,4038.975434122769,0.38488236886673793,0.1617598035651712,0.04079349746825585,25,65535,687270,-14.592818467371902,-10.312144658445098
2078,2236.0755040858107,4041.5726076918004,0.4881951745363414,0.10715715263907637,-0.07365520489493793,25,65535,624507,-14.488843276688659,-10.23219493741883
2079,3004.0092877067586,4044.586923842572,0.47959049247568214,0.330079614144673,0.7912764617252962,25,14895,225495,-13.38284229129455,-8.334143003256633
2080,3652.1629659261853,4047.5409910358558,0.4173985733006193,0.04165736278536881,0.22331910243266792,25,15187,223451,-13.372955756447201,-8.503393534867957
2081,1634.0688093824865,4055.5199417597623,0.6628619251753238,0.14006145140831136,0.07555411146725738,25,65535,502001,-14.25176145568152,-10.12056937380377
2082,838.7151511300814,4061.308629621884,0.3171237635400725,-0.3050490856229057,-0.3494593473595835,25,12366,224074,-13.375978667312584,-8.157869438104338
2083,2898.318994774572,4061.8929289543635,0.3539295508092249,0.11351056931072336,0.12194842103977654,25,65535,847332,-14.820134020268934,-10.081060653769022
2084,4783.6975804154135,4060.0081568957025,0.3348016773312609,0.48371278237684684,0.7257674242318709,25,13327,243667,-13.466991790869724,-8.223086973539678
2085,4469.93164780372,4062.842784299026,0.9569714374028331,0.46372518840835986,0.3914859811301583,25,65535,483593,-14.211200014573492,-9.682945219296995
2086,3272.9134963582937,4068.2684600064745,0.3678394183873328,0.08515345978282633,0.22521622361526186,25,65535,1019048,-15.020486602420798,-9.928246106694186
2087,4562.326832793378,4067.209038488273,0.36483001374947976,-0.11866364414740414,0.2529708834073906,25,14942,237380,-13.438610313762794,-8.483022575730082
2088,4812.487560666839,4067.858391961431,0.20501802705211905,-0.03669458976598684,-0.11241287517213497,25,11182,220968,-13.360823462157727,-8.140506138468359
2089,1410.3726556191925,4069.577348687931,0.20399433957308274,-0.03567785134281409,-0.10108227218752264,25,9168,192977,-13.21376387655678,-7.839630412893706
2090,5416.252213640414,4071.4404767710225,0.23728037790721368,-0.03444467052520208,0.08437529770673173,25,10699,214491,-13.32852268498089,-8.021205437906936
2091,2755.747661339265,4073.590705198687,0.32777543092529754,0.20637884384839014,0.12486660721404914,25,14369,230339,-13.405918692618162,-8.494565549946044
2092,5127.779516228384,4078.066342737142,0.3352258043957801,0.5333961487347576,-0.3776147502325735,25,55205,911990,-14.899975190753526,-9.765048014206814
2093,4138.840568478288,4078.754384728754,0.37226098467833457,-0.9090978117992201,-0.05411929954626267,25,65535,1189728,-15.188619206839542,-9.599961817117965
2094,3605.8544683188093,4079.315560268159,0.3638307377847448,0.24623376922685794,0.30354968162214996,25,14121,223509,-13.373237538710622,-8.435445113730863
2095,4140.498517227634,4080.4249212496798,0.22612464583636158,-0.7094193085664879,0.1314076893197933,25,65535,1394548,-15.36108366792211,-9.164666227540494
2096,1573.7547836079086,4082.382668557816,0.24058835323640615,0.05044411618131163,0.061287634385281585,25,20304,311340,-13.733087302696427,-9.015834611648643
2097,4139.3195169017035,4080.624092596843,0.73381094120448,0.5249455411372634,-0.0032225969405314083,25,65535,1147338,-15.149228444297059,-9.146818939549608
2098,2429.0367630768556,4082.904657499712,0.3581548510194235,0.10096523880071201,0.07642759817674834,25,18666,263435,-13.551683687166774,-8.851682081532697
2099,335.36263111404696,4085.657559764122,0.22826674392319077,0.05991377931881567,-0.5780870289692306,25,10885,215563,-13.33393554765488,-8.017593749217834
2100,3889.865544580977,4085.575130239203,0.47789160996431124,0.1500699515841551,0.13483188603364882,25,21692,263050,-13.550095765332946,-8.951159041645834
2101,4002.735244297739,4092.0926168509354,0.28816574817927015,0.6741113125490292,0.4134382804576653,25,42115,568222,-14.386295111014098,-9.786857404451796
2102,2509.138058958807,4098.986462034655,0.4265444514176021,0.21550989247903696,0.031197619978076838,25,65535,615057,-14.472288413984746,-10.342677484321474
2103,3938.0364745289316,4099.591360172035,0.44549111932285107,0.1376237313980553,0.15863316946823872,25,23720,281658,-13.624305227793268,-9.10904557633817
2104,4166.52616033706,4100.282815438354,0.5487681405869533,0.49155462020523794,0.14658427301157373,25,65535,633977,-14.505183756083383,-10.124966735369137
2105,6246.145744207069,4099.587449044798,0.3223049220566052,0.37558344645071084,0.5679679029286766,25,23796,293930,-13.670609786630493,-9.288822802940519
2106,2097.7610838579217,4107.126320137983,0.3025576354660736,-0.08223466869485872,0.22406903557721247,25,65106,1111110,-15.11439264066494,-9.90906235202887
2107,3505.6878375856013,4104.838671922051,0.2782614203111034,0.35922166400646816,0.4853505950434174,25,10651,207896,-13.294615333542243,-7.9877806799956375
2108,2095.5473262222285,4107.200603381436,0.4835186741044993,0.011757532884998896,-0.032183218458600144,25,57233,1064802,-15.068172145488832,-9.294712390737807
2109,2099.1834860110644,4109.953290581423,0.6583729897141675,0.06849906333973822,0.21238857337204806,25,65535,1060313,-15.063585215301687,-9.501783905177705
2110,4194.060086839971,4108.915642313453,0.961319143325703,0.3796687591829762,0.4074122280454171,25,65535,459445,-14.155583823983498,-9.717230258393128
2111,1870.5374011728088,4110.894808582742,0.26206357867573304,-0.0872098847257826,-0.16894912889971272,25,17716,279056,-13.61422841186273,-8.830555328008478
2112,2099.146048685743,4110.240554488589,0.5550264545237461,-0.26896687507649103,-0.30360785690114994,25,65535,1065780,-15.069168915463266,-9.491558496047057
2113,5742.166689799531,4112.906470060302,0.22574192700929718,-0.3067920717935752,-0.43571023612479115,25,34092,554987,-14.360707025849988,-9.494798227609763
2114,2671.1528639967146,4115.3507639265345,0.3335911920986576,0.15787060412405848,0.04276336208873091,25,16554,249984,-13.494780532339307,-8.690316304626647
2115,1551.7958004659401,4117.185263106214,0.27922451711131213,0.23075312361451453,0.11415294079548303,25,12143,219083,-13.351521698207659,-8.24273735038219
2116,4792.798937584779,4120.9285088827,0.2482692056233426,0.05045645911506098,0.027335067494932728,25,14189,252150,-13.50414743123788,-8.481110086154048
2117,4132.314921307625,4121.7648071890835,0.27989488567488857,-0.020359485869666728,0.060655353790768696,25,12365,220370,-13.357881179155642,-8.281009972504489
2118,911.0087809962208,4125.1048732756135,0.21389484646258025,-0.013312964962714034,0.04207002475498735,25,7199,170526,-13.079476512509995,-7.186893992191932
2119,1553.8569833857725,4128.483871701869,0.38104054767685336,0.0980627051140247,0.1683811147008091,25,65535,808021,-14.768556619961233,-10.078813604729904
2120,4247.69801159387,4129.315989284239,0.40418975060586404,0.28102245545071275,-0.48883872251590327,25,65535,1246278,-15.239037321697255,-9.477651830560484
2121,4245.828449395894,4129.80419706957,0.3492046748166983,-0.698854038222698,0.16668531562469552,25,65535,1227133,-15.222229088227095,-9.570349898819707
2122,373.87781341463807,4129.490196403226,0.29041453460237027,0.13714919623889302,-0.22308579373252344,25,11289,209910,-13.305082821579507,-8.093545538837972
2123,497.0500025829462,4129.484865787892,0.3799113803685193,-0.3344915237506357,-0.7364227281537941,25,15737,259346,-13.534698885197209,-8.373824519396175
2124,5919.84646129013,4129.957843581289,0.31687116420697725,-0.055770496505971975,-0.11982688650483664,25,17510,293713,-13.669807923025745,-8.61622347706848
2125,4245.969703148114,4130.990523755988,0.7513877828020128,0.3492842249830724,0.36379062444136073,25,65535,1103676,-15.107103996743712,-9.290656078060763
2126,5403.964458148138,4131.285997862361,0.40852065311395425,0.06342542119937115,0.2027731992592724,25,14712,238044,-13.441643098429592,-8.35698878613387
2127,1131.2534842993964,4133.7153903175595,0.20083519978352854,0.14703979789266466,-0.11945653034341899,25,12063,232531,-13.416202148242103,-8.25321103082824
2128,1911.1773134644636,4133.957427534113,0.20253686442749932,0.2175097234162187,0.15034360699098628,25,15434,267657,-13.568946514792925,-8.70176837069767
2129,4701.033997034631,4134.421028107424,0.4414303940094738,0.3230497596018457,0.016303267034889598,25,65535,1034191,-15.036501885061446,-9.714935607742943
2130,4701.120850706612,4134.892073382694,0.3548016667041521,0.06326738739590572,-0.1617143872232707,25,59919,1001394,-15.001512462327941,-9.767088942298695
2131,3689.007172693065,4140.915089888697,0.3146971010830795,0.16553379679032235,0.14761757459332922,25,17575,262449,-13.547612305826608,-8.810914259814236
2132,2384.457258373325,4142.015479912516,0.33763498064615205,0.07233891482644506,-0.07508277835044189,25,21405,288858,-13.651710999866186,-9.065744470707699
2133,3416.1848086750965,4145.895579802435,0.33296262173934227,0.028766420025739432,0.12480424774480281,25,11836,207734,-13.293768959247423,-8.16749408856021
2134,3464.4240041599132,4145.821961883116,0.3334720323119768,0.0345347370585852,0.015787726610661995,25,16306,245324,-13.474350093077172,-8.691165219791571
2135,4812.881121582404,4147.34939675407,0.24377306114200192,-0.014075466883976194,-0.06685164200895209,25,12776,238412,-13.44332027744634,-8.279727702526008
2136,3076.3759088879383,4147.465451474185,0.4082099085764062,-0.08886150922530536,0.13496692610503802,25,15692,229856,-13.403639611883012,-8.558969770441673
2137,5701.977781359503,4149.241290619279,0.20808588928326546,0.02743985989947998,0.19034105651125957,25,9720,207996,-13.295137457663737,-7.863824540770338
2138,3182.0481201438247,4153.64349069326,0.2891508480145891,0.06483154016041355,0.17356181145819588,25,10521,197923,-13.241240662785819,-8.0343786694368
2139,339.6994593042887,4158.997201935324,0.3204941784899945,0.30546796203861787,-0.007317756880513306,25,11984,220888,-13.360430307386356,-8.12671198252626
2140,2611.8938906665057,4158.222529731498,0.2696524080182657,0.3871109872864687,0.8247292782959256,25,11814,221199,-13.361957898179034,-8.20447426357868
2141,5715.885048282733,4158.856983200833,0.24247689876231682,0.12850011431606082,0.22807876490295484,25,11280,228629,-13.39782829197642,-8.018636418429079
2142,4500.64957413262,4162.99816387566,0.40309673829886555,0.1369364079919716,0.10647348555606438,25,65535,723179,-14.648114516025373,-10.259624459494658
2143,1869.2909254772617,4165.864445681748,0.33103027311855765,0.39913149740893583,0.10383362127825252,25,26654,353320,-13.87042055441217,-9.314414087797868
2144,2649.107578000237,4166.9052507356455,0.4115742760600721,0.22780802600980182,0.02891012166873184,25,65535,656452,-14.543007439554792,-10.309535077538413
2145,4540.11214570115,4167.147566673506,0.23705172227722893,-0.2761906304722844,-0.31301975565573054,25,13392,245628,-13.475694680117984,-8.37241483938148
2146,4438.7272606262995,4172.179410175533,0.37622911958743926,0.21167908547339462,-0.1303580169122145,25,32517,403967,-14.015864722781062,-9.495238458361543
2147,5272.276856131554,4171.558355527061,0.40475574400371866,-0.0784419020525438,0.002860232262146759,25,16826,253708,-13.510835404367663,-8.592672574535513
2148,672.450077772774,4173.156441838318,0.22057681332050075,-0.36916292061086786,-0.774352035977906,25,9617,177304,-13.121796333620626,-7.9672979739920144
