# Resource object code (Python 3)
# Created by: object code
# Created by: The Resource Compiler for Qt version 6.9.1
# WARNING! All changes made in this file will be lost!

from PySide6 import QtCore

qt_resource_data = b"\
\x00\x00v\xf3\
\x89\
PNG\x0d\x0a\x1a\x0a\x00\x00\x00\x0dIHDR\x00\
\x00\x01\x00\x00\x00\x01\x00\x08\x06\x00\x00\x00\x5cr\xa8f\
\x00\x00\x05NiTXtXML:com.\
adobe.xmp\x00\x00\x00\x00\x00<?\
xpacket begin=\x22\xef\
\xbb\xbf\x22 id=\x22W5M0MpCe\
hiHzreSzNTczkc9d\
\x22?>\x0a<x:xmpmeta x\
mlns:x=\x22adobe:ns\
:meta/\x22 x:xmptk=\
\x22XMP Core 5.5.0\x22\
>\x0a <rdf:RDF xmln\
s:rdf=\x22http://ww\
w.w3.org/1999/02\
/22-rdf-syntax-n\
s#\x22>\x0a  <rdf:Desc\
ription rdf:abou\
t=\x22\x22\x0a    xmlns:d\
c=\x22http://purl.o\
rg/dc/elements/1\
.1/\x22\x0a    xmlns:e\
xif=\x22http://ns.a\
dobe.com/exif/1.\
0/\x22\x0a    xmlns:ti\
ff=\x22http://ns.ad\
obe.com/tiff/1.0\
/\x22\x0a    xmlns:pho\
toshop=\x22http://n\
s.adobe.com/phot\
oshop/1.0/\x22\x0a    \
xmlns:xmp=\x22http:\
//ns.adobe.com/x\
ap/1.0/\x22\x0a    xml\
ns:xmpMM=\x22http:/\
/ns.adobe.com/xa\
p/1.0/mm/\x22\x0a    x\
mlns:stEvt=\x22http\
://ns.adobe.com/\
xap/1.0/sType/Re\
sourceEvent#\x22\x0a  \
 exif:PixelXDime\
nsion=\x22256\x22\x0a   e\
xif:PixelYDimens\
ion=\x22256\x22\x0a   exi\
f:ColorSpace=\x221\x22\
\x0a   tiff:ImageWi\
dth=\x22256\x22\x0a   tif\
f:ImageLength=\x222\
56\x22\x0a   tiff:Reso\
lutionUnit=\x222\x22\x0a \
  tiff:XResoluti\
on=\x2296/1\x22\x0a   tif\
f:YResolution=\x229\
6/1\x22\x0a   photosho\
p:ColorMode=\x223\x22\x0a\
   photoshop:ICC\
Profile=\x22sRGB IE\
C61966-2.1\x22\x0a   x\
mp:ModifyDate=\x222\
025-08-05T19:05:\
30-04:00\x22\x0a   xmp\
:MetadataDate=\x222\
025-08-05T19:05:\
30-04:00\x22>\x0a   <d\
c:title>\x0a    <rd\
f:Alt>\x0a     <rdf\
:li xml:lang=\x22x-\
default\x22>Zoom</r\
df:li>\x0a    </rdf\
:Alt>\x0a   </dc:ti\
tle>\x0a   <xmpMM:H\
istory>\x0a    <rdf\
:Seq>\x0a     <rdf:\
li\x0a      stEvt:a\
ction=\x22produced\x22\
\x0a      stEvt:sof\
twareAgent=\x22Affi\
nity Photo 1.10.\
6\x22\x0a      stEvt:w\
hen=\x222025-08-05T\
19:05:30-04:00\x22/\
>\x0a    </rdf:Seq>\
\x0a   </xmpMM:Hist\
ory>\x0a  </rdf:Des\
cription>\x0a </rdf\
:RDF>\x0a</x:xmpmet\
a>\x0a<?xpacket end\
=\x22r\x22?>[\xbd\x87n\x00\x00\x01\x81iC\
CPsRGB IEC61966-\
2.1\x00\x00(\x91u\x91\xbbK\x03A\x10\x87\xbf\
<\xc4\xa0\x91\x08\x0aZX\x04\x89V\x89\xf8\x80\xa0\x8d\
E\x82FA-\x92\x08Fm\x923\x0f!\x8f\xe3.\
A\x82\xad`\x1bP\x10m|\x15\xfa\x17h+X\x0b\
\x82\xa2\x08b\xad\xad\xa2\x8d\xca9g\x84\x88\x98Yf\
\xe7\xdb\xdf\xee\x0c\xbb\xb3`\x8df\x95\x9cn\xef\x87\x5c\
\xbe\xa8\x85C\x01\xf7\x5cl\xde\xdd\xf8\x84\x83\x06:\xb0\
c\x8f+\xba:\x1d\x19\x8fR\xd7\xden\xb0\x98\xf1\xca\
g\xd6\xaa\x7f\xee_k^J\xea\x0aX\x1c\xc2\xa3\x8a\
\xaa\x15\x85'\x84\xa7V\x8a\xaa\xc9\x9b\xc2\xedJ&\xbe\
$|,\xec\xd5\xe4\x82\xc2\xd7\xa6\x9e\xa8\xf2\xa3\xc9\xe9\
*\x7f\x98\xacE\xc3A\xb0\xb6\x0a\xbb\xd3\xbf8\xf1\x8b\
\x95\x8c\x96\x13\x96\x97\xe3\xc9eK\xca\xcf}\xcc\x978\
\x93\xf9\xd9\x88\xc4n\xf1.t\xc2\x84\x08\xe0f\x921\
\x82\xf8\x19`Df?>\x06\xe9\x93\x15u\xf2\xfb\xbf\
\xf3g(H\xae\x22\xb3J\x19\x8de\xd2d(\xe2\x15\
\xb5$\xd5\x93\x12S\xa2'ed)\x9b\xfd\xff\xdbW\
=54X\xad\xee\x0c@\xc3\x83a\xbc\xf4@\xe3\x06\
|V\x0c\xe3}\xdf0>\x0f\xc0v\x0fg\xf9Z~\
a\x0f\x86_E\xaf\xd44\xcf.\xb8\xd6\xe0\xe4\xbc\xa6\
%\xb6\xe0t\x1d:\xef\xd4\xb8\x16\xff\x96l\xe2\xd6T\
\x0a\x9e\x8f\xa0%\x06m\x97\xd0\xb4P\xed\xd9\xcf>\x87\
\xb7\x10]\x95\xaf\xba\x80\xed\x1d\xe8\x95\xf3\xae\xc5/\xfb\
\xabg\xb5\x8c\x9a\xfa\xbd\x00\x00\x00\x09pHYs\x00\
\x00\x0e\xc4\x00\x00\x0e\xc4\x01\x95+\x0e\x1b\x00\x00 \x00\
IDATx\x9c\xec\xbdy\xb8%\xe7}\xd7\xf9\xf9\
\xbdUg\xbb\xfb\xed\xbd[\xbd\xa8[Rk_\xbcH\
\xf2\xbe$\x90\x10;\x90\xc5$&8\x04\x86\x01\x92\x10\
\x9e\x0cd\x80\xe1\x09\x03\xc3<\x98\x99!\x03\x19\x92<\
\x93\xe5!\xc90\xc1\x04\x88Cp a\xb28\xf1\xbe\
\xc8\xb6$[\xb6\xac\xcdr\xab\xa5\xde\xef\xd2w;k\
U\xbd\xbf\xf9\xe3}\xab\xea\xads\xcem;\x89\xd4\xf7\
J>\xdf~n\x9f:\xb5\xbeU\xa7~\xfb\xf2\xc2\x04\
\x13L0\xc1\x04\x13L0\xc1\x04\x13L0\xc1\x04\x13\
L0\xc1\x04\x13L0\xc1\x04\x13L0\xc1\x04\x13L\
0\xc1\x04\x13L0\xc1\x04\x13L0\xc1\x04\x13L0\
\xc1\x04\x13L0\xc1\x04\x13L0\xc1\x04\x13L0\xc1\
\x04\x13L0\xc1\x04\x13L0\xc1\x04\x13L0\xc1\x04\
\x13L0\xc1\x04\x13L0\xc1\x04\x13L0\xc1\x04\x13\
L0\xc1\x04\x13Lp]!;=\x80W\x22N\xbf\
\xe6\xb4\xac^\xb9j\xa6\xf7/\x98\xce\xf2\xc6\x5c:H\
Z\xb5\xa9f\xd4Y\xdf\xbaCm\xb6\xd7Z\x0e\x81\xce\
\x8a1\x0aL\x83*\xe8\x8a k\x0a}DW\x0d\xd1\
\xd9=\x0b\x8bO\xad\xb6\xd71\x82\xd4\x9b\xb5\xc1\xf2s\
\xcb\xd9N\xdf\xdb\x04\xaf,L\x18\xc0\x8b\x84\x85\xfd\x8b\
\x0bI\x96\x9c&\xe3\xd5\xd6\xea\x03\xa8\xde+pRD\
\xe6\x10\x89D\x05\x11TA\xf2\x87.\x80V\x16\xdc\xb2\
\x82\xaa\xaa\xa0\xaa\x0a\x1d\x0c\xe7\xd5\xda+j\xf4\x85\xd8\
\x98?\x908\xfat\xbdQ?\xb3rn\xa5\xb3\x13\xf7\
:\xc1+\x07\x13\x06\xf0\xc7\xc4M\xf7\x1f\xa9-\xbf\xd0\
y\x95M\xb2w\xdb\xc4~;\xc8AA\xe6\x04q$\
\xec\xc8\x18E\x10\x11$\x7f\xd4\xf9\x13\xd7rY\xb5\xa4\
~A\xfd\xa6*Wp\x8cBA\x05\x8b&`7\x11\
}\x0e\x91\x0f\x98H\xfekkv\xeaKW\x9e\xbb\x92\
^\x97\x9b\x9f\xe0\x15\x83\x09\x03\xf8:q\xfc\xee\xe3\x92\
l${777\xdfe\x93\xeco\xa1r\xa71F\
D\x0c\xa8\x06\xa4\x0bb\x0c\xb1\x890\xb1\xa1\x1e\xd7\x88\
k1Q\x14\x11\xc75D\x1ca\xbbO\xf7\xf8E\x0c\
\xa0\xa4iB\x9afXk\xb1\xd6\x92$\x09\xc9`@\
\x9ae\x14<\x02\xdc\xf1H\xf1\xebY4S\xec2b\
?e\x8c\xf9\x95\xe6T\xe3\xc3K\xe7V\xaf^\xc7\xc7\
3\xc1\xcb\x14\x13\x06\xf05p\xe2\x96#\xf3++\xeb\
\xdf\xa5\x99\xfe\xb0X\xb9_\xc4T\x853`\x8c\xa1\xd1\
h055E\xa3\xd1(\x08=\xd7\xf5sa?L\
\xc4\xf9\x87\x86\xdfG\xf6\x03\x11!M\x13\x92$e0\
\xe8\xd1\xe9\xf4\xc8\xb2\x14\xab:\xf2\x03*\xa8%\xbbd\
\x22\xf9\xbd\xb8\x16\xfd\xd2\xc2\x9e=\x0f\x9dy\xe2\xcc\xe0\
O\xfe$&x%b\xc2\x00\xc6\xe0\xe4\xc9\x03f\xb5\
\xdd{0\xed\xa7?\x84\xca;\x8cD\xfb\xdc\x16G\xad\
q\x1c355\xc5\xdc\xdc\x1c\xb5Z\x1dc\x04\xb5\x8a\
\x8e=\x9bV\x98\x85V\x16\x82c\x86\xa8>\xfc\x16Z\
\x0d\xf9~V\x95$I\xe8u;\xb4;]\xd24\x0d\
~\xcc\xc2\xd3\xa0\x8a>\x8e\xd1\x9f\xab\xd5\xe2\xf7\xad^\
Y\xdb\xf8\xa3=\x89\x09^\xe9\x980\x80\x00\xc7n?\
\xd6\xb8zi\xf5\x9d6\xb3?\x1aa\x1e\x10\x89Z\xe0\
l\xf48\x8e\x99\x9d\x9denn\x8ez\xbd\xee\xe9Z\
==\xea0\x9d\x17\x84:*\xf4\xb5\xc2\x044\xd0\x04\
\x18=\xc2#\xf0\x1f\x04\xbe\x03\xe7cp_\x934\xa5\
\xd3n\xb3\xb9\xb9I\x96e\x88\x11\xcf\x07\x9cib\xd5\
\xb6\x89\xf4\xbfN\xcf\xb4\xfe\xf1\xe5\x17\x96\x9f\xf9c>\
\xa2\x09^a\x980\x00\xe0\x86SG\x1akW\xd7\xbe\
[2~\x141\xaf\x11\x95\x9a\xaa\xc5\x98\x88\xe9\xe9i\
\x16\x17\x16\x99\x9a\x9e\xc6\x88A\xd5\xba\xa0\x9dZT\xd5\
\xfdAE\x82oG\xf4\xa1\x9f\xa0$~\x19a\x16R\
0\x96\xea\xdam\x11nR%\xcd2676h\xb7\
;d6\xc3x[DEA\xf5\xaa\x1a~\x05\xe1\xff\
\xdc\x5c\xdd<\xffG}V\x13\xbc\xb2\xf0\x0d\xcd\x00N\
\xdc|\xc2,\xad.\xffY\x12\xfb\xf7\x22\x13= H\
M\x15\xa28ba~\x81\xbd{\xf6\xd2l6\x0bB\
\xb7V\xb1j\xc1*V\xb5`\x06!F\x09\xbc\xd80\
\xb4_\xb1SU\x0b\x08\xfc\x0b\xe1>\x80S\xeb\x87/\
\x98C|\x90 Xe\xd5\xb2\xb5\xb9\xc9\xfa\xc6\x06\xd6\
\xda\xc2'!\x22Xk\xdb\xd4y\xef\xec\x9e\xe9\x7fy\
\xe1\xe9K\xc9\xd7\xfb\xcc&xe\xe1\x1b\x96\x01,\x1e\
\x9e{Uo+yo\xcd\xc4\xdf\x0c\xd2P\xb5\xd4j\
u\xf6\xee\xdd\xcb\xfe}\xfbi4\x1adY\x86\xaa\x92\
e\x16\xb5\xd6\x11\xbd\xb5\x85\xd4\xcf\x19\x03x\x22\x0e\x88\
\xb9X\x9f\xefk\x15\x11\xc82\x8b\xb5\xce\xabom\x86\
\x02F\x0c&2\x80\xd3\x12\x8c1\x9eX\xab\xa1\xc0\x8a\
\xa0\x0f\xb6\x8aj\xc9,\x8a\xc8B\xb9\x1f\xaal\xb5\xdb\
lnl\x90\x04\xbe\x02\x15%\xcb\x92+\x12\x99\x7f8\
\xb7w\xee\xdf^x\xf6b\xffE}\xc8\x13\xecz|\
\xc31\x80\x137\x1d\x9f_YY\xfag\xa2\xe6=\x22\
\xd1Bn\xdf\x1f<p\x88C\x07\x0fQ\xaf\xd7\xc8\xb2\
\x0c\x9b\xb9P\x5cf-\xd63\x02\x9b\xab\xfc\x85\xea\xaf\
U&\xa0J\x9af\x0c\x92>\xfd^\x9fA\x7f\xc0 \
\x19\xf8\xd0\x9eO\xe2\x13\x191\xe5\xabD\xeb\xa2\x07\xc6\
\x18\xa2(\xa2V\x8b\xa9\xd7\x1b\xd4j5\xe2Z\x8d\xc8\
D\xe4N>\x19\x13Upc\x19\xc7\x04\x9c\xd9\xb2\xb5\
\xb5\xc5\xd5\xb5u\x8a\x5c\x05\x14\xab\x9a\x9a\x88\xf7[c\
\xfe\xce\xd6\xca\xc6\xe5\x17\xff\xa9O\xb0[\xf1\x0d\xc5\x00\
\x16\x0e-|\xeb\xa0\xdd\xfb\x85Z\xd48\x81\xb7\xb3\x0f\
\x1e<\xc8\x89\xe3'\x98jM\x91\xa4)6\xcb\xc82\
\xeb\xc2l\xd6\x16Z\x80\xadH~[0\x84,\xcb\xe8\
u{\xac\xaf\xaf\xd1\xeb\xf7\xc92O\xe8\x85y?\xa4\
\xde\x17\x1f\xe2\xb3\xfe$O\xf3\x09\x96\x1d\x8b\x18\x8e\x04\
\xe4\x09E\xcdV\x93i\x1fr4&\xcaOU \xbf\
d%z\x90\xaf\xf0\x1b\xb7\xb6\xb6X[[\xf7\x8c\xc9\
]\xcb\x0a[\xf5f\xfc\x83W/_\xfd\xd5\x17\xe1q\
O\xf02\xc07\x04\x03\xf8\x1b\xff\xe4o\xc8\xfb\xfe\xaf\
\xf7\xfd\x5c\xa4\xf2\x83b\x22\xd4Z\x16\x16\x16\xb9\xe9\xd4\
)\xf6\xee\xdd\xe7\x12o2K\x9a$\xa4\x99K\xc4\xc9\
\xa5vn\xf7\xabZ\xb7l-i\x9a\xb0\xbe\xb1\xc1\xea\
\xea\x0aY\x9a\x05\xc9\xbd\xe0Dm\xa9\xbak\xbe\xac\x14\
\xd2\x1f\x11L\xad\x06\x22dI\xe2s\x07\x05\xc9\xc2s\
\x85NE\x0d.Q^\xcb\x18!\x8ec\xe6f\xe6h\
\xb4\x9aDQ4.PPB\x02\xd6\xa2\x90$\x09\xeb\
\xeb\xebt\xba\x1d\x97\xcc$n\x87T\xb3\x8f\xce\xce\xb7\
\xfe\xd2\xa5\xe7\x97\x9f\x7f\x91~\x82\x09v)^\xf1\x0c\
\xe0\xc6\x9bn\xdcw\xf9\xca\xe5/\xd5\xa3\xdaA\xabJ\
d\x22n\xbd\xf5V\x8e\xdep\x948\x8a\xb1j\xc9\xd2\
\xcc\xfde)i\x969\x13\xc0\x06&\x80\xcdH\x92\x84\
\xabkk\xac\xae\xac0HB\x9f\x99VE\xac\x82\xc4\
\x11\xb5\xd6\x143\x07\x0e1s\xf8\x06\x16\x8e\xde\xc8\xfe\
\x9bn&\x9e\x9e%jN13\xb7\x88\xb5)\xc41\
qs\x0al\xc2\xa0\xd7%\xe9\xb4I\xdb[l\x5c\xbe\
\xc0\xea\xb9\xe7Y>\xf3,[\x17\xcf\x91v\xda$[\
[\x90f\x81\x16\xa1\xa8T\x99A\xab\xd5bnn\x9e\
Z\xad\xe6\xf7\xf1\xde\xff!\xc7aa\x1a\xf8\xca\x84^\
\xb7\xcb\xf2\xf2RQ\xa8\xa0\x80\xd5\xf4\x09\x8d\xf8;\x87\
\x0f\x1e\xf9\xbdg\x9exf\x1b\xcf\xe3\x04/w\xbc\xa2\
\x19\xc0\xbe\xa3\xfb\xdf\xde\xbe\xba\xf9\xfb\xb5\xb8\x1eY\xb5\
\xec\xdb\xbb\x97{\xef\xb9\x8f\xd9\x99\x192kQ\xebT\
\xf8\xe2/\xcd\xc8\xac3\x01\xac:\x06\xd0n\xb7\xb9t\
\xe9\x22\x1b\x9b\x9bdiZ\xf5\xc4\xab\x97\xdc\xa2D\xad\
)\xf6\xddv;G_\xfbf\x8e\x9c\xbe\x8b\xb9\xc37\
P\x9b]@\x8d)\x8e18\xe5\xa0P\xf2E\xbc\xb2\
\xa0\x85\xd2 \xe5\x89\xdde\xb2\x94\xa4\xb3E\x7fc\x8d\
\x8d\x0bgy\xe1\xd1\xcfp\xe1\xd1\xcf\xb1u\xfe\x1c\xa2\
\xd6\xf1\x9e\xc2\xbb\xefT\xf9\xc8\xc4\xcc\xcd\xcd255\
M\x1cE\xee\x8c\xd7$aG\xf9kW\xaf\xb2\xb9\xb5\
\xe9\xf7WTl\xd7\xc4\xe6G\xd6\x977\xfe\x9f\x17\xf7\
\x97\x99`\xb7\xe0\x15\xc9\x00\xe6\x0f\xed3\x9a\xa4\xffC\
\xd6\x1f\xfc\xa4\x89\x22\xac\xb5\xdc}\xd7\xdd\xdcr\xd3-\
\x88\x01\xb5x'_FfmA\xf8\xb9\xda\x9fe\x19\
\x9b\x9b\x9b\x9c;\x7f\x9e\xcd\xcd\x0d2k\xcbx\xbeO\
\xae\xb1(\xadC7p\xcb\x9b\xbf\x89;\xbf\xe5;i\
\x1d8\x82\xc4\xb5R\xfd\xce=ox\xd5z\x84\x02\x15\
\xeb\x93uT\x82\x5c\x02\xcd\x9ds\x90k\x14\xe5\xb1\xae\
\x9cP\xb3\x84\xf6\xca\x12\xcf=\xf4Q\x9e\xfd\xf0\xef\xb1\
q\xf6YHR$\xf7\x0a\xfa\x01\x88\x18\x9f\xbc4\xef\
k\x0f\x8aK3\x14G(\xae\xd9\xe9vX[[#\
M]]\x91\xaa\xc5\x1a\xfd\xa5\xf6Z\xfb\xaf\xbd(?\
\xce\x04\xbb\x0a\xaf8\x060\x7f`\xdf\x1e\x9b\x0e\xfe\xa9\
&\xf6o\xba,8\xf8\xb6o\xf9V\xe6\xe7\xe7](\
\xcf\xba\xb0^f\xb3\xc2\xf6\xcfl\xe6U\xff\x94\xcd\x8d\
M\x9e{\xee9\xd66\xd6\xb1\x99\x0d\xce\xec*\xfbf\
\x0e\xdd\xc0\xdd\x7f\xf6]\xdc\xfem\xdf\x0d\xcdi\xd4\x13\
\x8fx\xe9\xedl|\x83\x04\x84o\x04'\xfdU\x89\x8c\
!\x8a\x8c+\x00*\x8ay\xbc\x7f\x01\xbc\xd9\x91\xf9\x90\
\xa3bsg`\xeeF\xc8\x95\x0fU\x10\x83M\x13\x96\
\xce<\xc3S\xbf\xff[\xbc\xf0\xa9?\xc4nl\x04N\
\xc5\x9c\x99\x08sss\xcc\xcd\xce\x17\xe1\xc6\x92\x09@\
a,x\xc61\x18$,--\x91fi\xbe\x99\xd4\
\xa6\x8f\xef9\xb8\xe7\x8d\xe7\x9e9\xb7\xfe\x22\xffd\x13\
\xec ^Q\x0c`v\xff\x9e\x93$\xc9\xbf\x14\xab\xdf\
\xa5\x08q\xad\xc6\xf7\xbc\xeb]\xce\xb7nK'^\x16\
J\x7f\xaf\xfe\xf7z=\x9e\xf9\xca3\xfe\xc5\xcf\xaaI\
5Q\xcc\x8d\x0f\xbc\x817\xfd\xc0\x0f\xd38q\x13\x18\
W\xbd\xa7^\xff\xf6\xb5\xfe\x18 \x12C#6\xb4j\
1\x8d8\xa6\x16\x19\x8c\x08\xc67\x03\xc8C\x89\xd6\x9f\
?\x0b\xc3\x8b\xf8\xed\xfe\xb2\xaa\x90\xa1$\xd62H\x13\
\x06iJ\x92\xa6\xde<(\xd3\x80s\xe9\x9ee\x19\xe7\
\x1f\xfe\x04\x8f\xff\xe6\x7fd\xe5\xcb\x8fa\xb3\xa4\xf2\x0b\
\xd7j5\x16\x16\x16i\xb5Z\xe5\x05\x0a\x08\xc3J\xc2\
\xd2\xd2\x12\x9dN\x071n{f\x07\x8fM\xcf\xce\xfe\
\x85+\xe7\xaf<\xf1b\xfen\x13\xec\x1c^1\x0c`\
\xee\xd0\xbe\xbbm\xb7\xf7s\x82y#\xaa\xecY\xdc\xcb\
\xb7\x7f\xfb;\x8b\x18\xbez\xe2\xcf\x1d{Y\x96\x15\x0e\
\xbe\xe7\x9e;\xcbW\xbe\xf2\x0c\x83\xc1\xa0R\x91\xafQ\
\xcc\x1d\x7f\xea\x9d<\xf0\xfd\x7f\x8d\xfa\xfe#8\xc5\xbf\
\x0c\xd4\xe1\xc3r1\x86\x99Z\xcc\x5c\xabN#2D\
\x22\xd8@R\xabW\xe5\x15'\xe5KF\xe0\x18\x80\xa2\
d\x01Q\xdb\x22\xaf\x00\xbf\xbf_\xef\xb5\x10\x8b2H\
\x12\xfa\xc9\xc01\x04/\xc1\xf3\xfc\x01\xc9R\xae<\xf5\
E>\xfa\x8b?\xc5\xc63Obp\x9a\x8c\xfa(D\
\xa3\xded\xdf\xfe}\x18c*\xe6E\xa9\x05\x94a\xc8\
\xf6\xd6\x16+\xab\xab\xe4~\x02\xc8\x1e\x92\xc8\xfcw\xeb\
+\x1b\x13&\xf0\x0a\xc0+\x82\x01\xec;v\xf0\x8e\xee\
\xfa\xd6o\x18\x89o\x15\x94\x13'n\xe4\xedo}\xab\
'~\x0a\xc2/\xfe\xd4\x92f\x96^\xb7\xcb\xa7\x1fz\
\x88\xf5\xf55\x7f&O\xac\xc0\xa97\xbc\x9d\xb7\xfc\xd0\
\xffH\xfd\xc0\xa1\x22n\xefj\xf0\x8b(>\xb3\xb5\x98\
\xbd\xd3-\x9aQ\x5c\xa8\xf8\x8ePK\xd3\xbd\x94\xe7R\
\x91\xfc\xd6W\x0ff\xd6b)5\x01\xc0\xed\xe3\x19G\
%\xeb\xd0\x9f\xdb\x06y\x7f\x00\xa9M\xe9\xf5\xfb$Y\
\x86\x00\x91\x08\x91\x11$2\x5c|\xf8S|\xf2\x97~\
\x86\xab\xcf}%0\x0d\xdc\xf8\x17\x17\xf703=]\
<\xc7\xd2OP\x0dE\xb6;\x1dVV\x96\xcbh\x82\
\xd8O\xab\xd8\xef\xd9\xbc\xda9\xf7'\xf8\xd9&\xd8\x05\
x\xd93\x80C\xa7n8\xb0~y\xf5\xc98\xae-\
\x8a\xc0\x1d\xb7\xdf\xc9\x03\xaf\xbd\x1fU\x0b>\x7f?O\
\xe4\xc9r\x0d \xcb8w\xfe\x1c\x9f\xfa\xf4CD\xa6\
\xf0\xbb\x83\xc2\xd4\x81\x83\xbc\xf3\xc7\x7f\x82\xc5;\xee\xc1\
\x90y\xbb[\x8a\x06\x1e5\x11\x0e\xcc\xb4\x98o40\
\xfe\x18G\x16\x12\xe4\xd6)\xb9\xf7\xc0z\xc7^\xb1-\
\x97\xfa\xd6I}\xeb\x99\x82%g\x0eZ2\x00\xad2\
\x92\xf2\x1cZ\xac\xa7\xb8\x9e\xd7$l\xe6\x1cx\xd6\x12\
\x99\x88(2\xf4\xd7\x97\xf9\xcc\xaf\xfe\x22O\xfc\xd6o\
\xa0A\xe2\x8f\x11azz\x86\xf9\xf9\xf9\x22\xc9h\x5c\
\xbe\x01\xb8T\xe2\xd5\xab\xab\xa8\xf5w\x16\xe9c\x18}\
\xf5\xc6\xf2\xd6\xa4O\xe1\xcb\x18/k\x06p\xf7\xbdw\
\xc7\xcf|\xf5\xd9\xe5\x9a\x89\xe7U\x95\xfb_{?\xf7\
\xdcu\x97\xdb\x98\x13\xbf\xcf\xe1\x0f\x19\xc0\xa3\x8f>\xca\
\xd3_y\x1a\xe3\x8c[G`\x06^\xf7\x9e\x1f\xe4U\
\xef\xf9!4R\xef\xd0s\xb2R\x10j\xc6p\xc3\xec\
4S\xf5\x1a\xc6\x06\xd9|\xb9\x8c\xf76~N\xa8\xb9\
\xaa\xaf\xb8\xf0\x9f\xa8#\xd2\xc4\xbaq\x15\xc4\x8f\xb8\x5c\
\x04\xa5\xd0\x0e\x0aM!\xd7\x16*Z@\xa9%@i\
.@~m\xf5i\xc2\xce\xbc1(\xb5(&\x12X\
\xbf\xf4\x02\x1fx\xef\xff\xc4\xea\xd3O \xaa\xc5\xd8\x1b\
\x8d\x06\xfb\xf6\xeeGL\xde\xbe,\xbf\xb7\xd2\x22PU\
\xda\xed6\xcb\xab+\xee\xb9\x08\xa8\xb1_\xdeX\xd9\xba\
\xf3%\xf9q'\xb8.x\xd92\x80\xe9\x85\xf9YA\
?m\xe0\x8e,\xcbx\xd3\x1b\xdf\xc4m\xb7\xde\xea\xd4\
t/A\xf3\xf4\xdd\xcc\x13?\xaa|\xe8\xc3\x1f\xe2\xd2\
\xa5K\xaeN\xde\xe7\xcd7\x16\x17\xf9\xbe\x9f\xfew\xd4\
\x0e\x1c\xc2\x18\xc5P\xf6\xf1\x8b\x81#s3\xcc\xd6j\
\x14\xb6v0\x8e\xea\x03\x14\x8c(\x0d#4\x22!6\
\xc6\x11\x22B7\xcb\xd8\x1cd\xf42\xe7\x8cLqf\
@F\xae\xfe\xe3\xfc\x00\x94&\x80\xf5\xfb\x00\x85\x0f\x00\
\x0d\x19\x82'\xe1 \xf7\xb7X\x14\x17}\xa8GBM\
\x9c\xb4\x17q\x85F\x0f\xfd\xfa\xaf\xf0\xa1_\xfc\x19l\
\xb7\xed\xce\xed\xcd\xfb\x03\xfb\x0fR\xab\xd7\x8a\xf2\xe1\xaa\
_\x80\xc2'\xb0\xb4\xb2\xec\xf6\x11\x85\xc8~i}y\
\xeb\xee\x17\xef\x97\x9d\xe0z\x22\xda\xe9\x01\xfcq\xb0\xe7\
\xe8\xc1\xbd\x9a$\xbfl\x94\xb7X\xb5<x\xff\x83\xdc\
u\xc7\x9d\x181E\xf6[\x0eG(\x96n\xa7\xc7\xef\
\xff\xc1\x07YZ^\x22/\xc7\xb1\x087\xbd\xe5[\xf8\
\xde\x7f\xf5+\x98\xd9i\x8c\x81\x08\x83\x11C\x84\xb0\xbf\
Y\xe7\xf8\xc2<-c\x1c\xf1x\x22\x12q\xf6rd\
\x1c\x91\xcf\xc4\x86\xbd\x8d\x88\xbdM\xc3b\xcd0\x1d\x09\
u\x9fv;Pe3\xc9\xe8f\x96\xd4z\xe7b.\
\xddE|\xaa\xb0\x1fg@h\xca\x98\xe5\xc0\x87P\x98\
\x01@\x85B\x83z\x03\xc1\x8d9\x12Cd\x04\x03\x18\
UN\xdcu/\xfbo\xb9\x95\xf3O|\x89\xfe\xfaz\
\xf1\xc46\xdb[\xc4&\xa2V\xaf\x17\x0eN(3\x07\
\x05\xa8\xd5\xeb\xd4j\xb1\x8b\x0e \xa0r\xa01S\x7f\
U\xbf3\xf8\x0f\x7f\xf2_v\x82\xeb\x8d\x97\x1d\x038\
u\xdbm\xb5\xb5\xd5\x95\x9f4\xca{P8q\xfcF\
\xde\xf4\x867\x14/|^Q\x97\xa7\xb9ZU\x96W\
V\xf8\xf0G>\xc4\xc6\xc6z)\xf9\xeb\x0d\xfe\xf4\x8f\
\xfeC^\xf7W\x7f\x14+\x8a19\xa1DLG\x86\
S\x0bs,6\x1a^\x1b0\x05\xe1\x1bq\xa1\xbe\xa9\
X\xd8\xd70\xecoD\xcc\xc7P7BD\x19\x1dH\
P\xae&\x96\xad\xc4\x92\xc2\x90=\x1f\xa8\xf08'`\
X2PD\x01 ?c\xe1\x13\xa08\x87c\x1e!\
3(\xf6\xc3q\x1f\x91\xb2\xc48\x8ec\x22\x11\x8c\x80\
\xcd\x94\x03\xc7Or\xeb\x1b\xdf\xcaS\x9f\xff\x0c\xbd\xab\
+E8\xb1\xd7\xef!\x224\xeau_;P\x0d\x0f\
\xe6L 2\x86n\xb7\xeb\xb6+\xb7\xd5\xa7kf\xd0\
\x1d|\xf8E\xff\xc1'xI\xf1\xb2c\x00\x83\xac\xff\
\x8f#\x95\x1f\x055\xf3\x0b\x8b|\xe7\xb7\xffY\xb7A\
\xc6H~\xe0\xdc\xb9s|\xfc\x13\x1f\xa7\xbd\xb5\x098\
\x860w\xc31\xbe\xe3\x9f\xfc$\xc7\xdf\xf0v\x10\x5c\
r\x8e1\xd4L\xcc\xc1\xa9\x06\xc7fg\xa8\x89K\xd6\
1F\x8a8~,\xc2\x5c-\xe2P\xcb\x11~\xcb\xb8\
\x90_~\xfd<\x14\xb7\x9ed\xac$\x96\xc4\x12\x84\x00\
!\x97\xfe\x96\xc0\xde''f\x8a4\xe1\x0a\xa1\x87\x92\
\xbe\xf03\x94&A\x998\x18T\x0f\x06\xdaJ\xfe=\
S%\x8e\x8c+36n\x00\xcd\xd9y\xde\xf0\xdd\xef\
\xe6\xea\xeae.=\xf5d\xdeu\x9cA\xbf\x8f\x18S\
0\x01\xc6h\x02\xf5F\x03\xab\xca`\xd0\xcf\xb7\xbf\xba\
9\xdd|\xb2\xdf\xed?\xf9'\xfd\x8d'\xb8~xY\
1\x80\x03\xc7\x0e\xbd>\xed\xf6\xff_#\x12\xcd\xcf/\
\xf0\xce?\xf3\x0e\xea\xf5\xbaw\xd3\x05!,o\x0b\xbf\
p\xee\x1c\x9f\xf8\xd4'\xe8v\xda.~\xae\xca\xf1W\
=\xc0;~\xfc'X\xbc\xe9VG\xdcF\x88\x8ca\
:\xaeqbn\x8a\xc5z\x83\xb0)\x87A\x88\x04\xe6\
k\xc2\xd1V\xc4\xbe\x86\xa1\xe1\xd5\xe9\x82\xe2\xd5\xd9\xdc\
}U.v\x12\xb6\xb2\xdcV\x07r\x22\xa5\x94\xd6\xd6\
\x8f%\xd4\x08*\xcb\x85v\xe0\xce_\xf1\xfeK5\x0a\
\x90\xb3\x87|\xbb\x88T\x9cy\xb9f\xa4@\xaa\xd61\
\x011\x18\xe3\xd7[\xe5\xee\xb7\xfd)f\xf6\xec\xe1\xa9\
\xcf|\x022\x17\xc4\xec\xf7\xfb\xc4q\xec\x0a\x8b\xa4\xf0\
\x06\x94=\x0b\x80f\xb3\xc9`0p\x0dIU\x1a\xaa\
\xf6U\xb3{g\xff\xb0\xb3\xd9]z)\xdf\x83\x09^\
<\xbcl\x18\xc0k^\xf3\x1as\xfe\xe2\xc5/\xc6\x12\
\xb5\xe2Z\x8d\xb7\xbd\xe5\xad\xec\xdb\xb7/\x90\xfcZ\x9a\
\xc2\x0a\x97\xaf,\xf1\xc1?\xf8 \x89\x97PV-w\
~\xd3;x\xfb\xdf\xfeGL\x1f<\xec\xd4a\x9c\xf4\
_l\xd49>;E3\x8aJg\x19\x8e\xf8\xa7c\
\xe1\x86\xa9\x88\x83MC\xdd\x13\x16yO\x7f\xf1\xa4%\
\xc2r?\xe5r/#\xf3C\xc9\x899\x97\xfa~\xb5\
\xabC\xa0t\xe49r+\xc98$\xfeR\xb8\xe7&\
\x81c6\xa3\x0c\xc4\xa9\x159C+\xd8\xa1\x84NJ\
wlf\x958rL/\xbfG\x9bf\x9c\xb8\xf3\x1e\
\xf6\x1e=\xc6\xd3\x9f\xfb4v\xe0\x1a\x03u\xbb=\x9a\
\xcd\x86+(\xca\xcd\x01\x7f\xaa<s\xb0\xd1h\xd0\xe9\
t\xb1\x9a\x01\xb2\xd7f\xe9\x0d{\x0e\xef\xfd\xed\xad\xab\
[\x93V\xe4/\x03\xbc,\x18\xc0\xa1SGj\x97/\
_\xfe\xa9\xc8\xca\x9bU\x95\xb7\xbc\xf9-\x9c\xbc\xf1d\
E\xee\xe7\x126o\x97\xfd\xfe_\x7f\xbf\xa36\xbf\xee\
U\xdf\xf6]\xbc\xe1\x87\xff>\xad\x85E\xa7\xd2{\x07\
\xde\x81\xa9\x16G\xa6[\xd4\x8d\x93\x8c\xb9\xad\x1f\x09\x1c\
\x9a2\x1c\x9b\x8ah\xc5\xcev\xce\xaf\xe1/\x87\x11H\
\x81\xe76\x07\xb43O\xa4\x81\xb4\xf7f}E\xa5/\
\x12\x81\xbc)\x002\xc2\x04\x5c\xb2ON\xf0\xf9yK\
S \xaf\x0f\xf0\xf9}\xa8u\xd9\xc9\xc6\x98\xd2\x17R\
\x5c_Km\xc0k+\x99\xaaK\x14*\xfc\x1a.U\
\xfa\xf0\xcd\xa7\x99;x\x80g\x1f\xf9\x0cY\xbf\x0f\x0a\
\xedN\x9b\xd9\x99\xd9`\x9e\x83\xf2\x13\x1c#\x89\xe3\x98\
N\xa7\x0b\xceOqz\x90\x0c.\x0c\xba\x83\xcf\xbeX\
\xbf\xff\x04/\x1d^\x16\x0c\x00\x91\xef#\xd3\xf7\x8ab\
\x8e\x1d;\xce\xeb\x1f|\xb0Z\xddF\xe9)O\x93\x8c\
\xf7\xff\xa7\xf7\x93\xa6\xaef_-\xdc\xfa\xe6o\xe6\x9b\
\xff\xee{\xa9\xb5\x9a^J\x1ab\x11\x8e\xcdN\xb3\xbf\
\xd9 \x16\xc1`\x0ab\xa8\x1b\xe1\xe6\xb9\x98\xbd\x8d\xc8\
\x11\x0a\x81\xc4\xcf3\x01\x0d\x5c\x1dX\xcen&T3\
a\x82\xc4\x22\x5cJp\xde\x9a;\xf3\xb9\x00\xa3\xe9\xbd\
y\x8ao\xae\xee{\x07_\x98\x0c\xe4O\x1a2\x00\xf5\
\xe1\x04c\xf0\xcc\xab\x12\xbd\xf7KC\xc9=\xde\xcf\x90\
Z\xa5\x16\xe5\x1a\x83WjT\xb8\xe1\x96;h,\xcc\
\xf3\xf4\xa7>\x8eZ\x97Y\xb8\xb9\xb5\xc5\xdc\xec\x9c\xff\
)\xbc\x01\x100\x81Z\xcd\xb5Q\x1b\x0c\xfa\xf9\x96\x07\
\x1bS\xf5\xff6\xe8\x0e&\xa6\xc0.\xc7\xaeg\x00\xfb\
\x8f\x1d:\x9e\xf5\xfb\xbf\x22\xc8^\x22\xc3\xbb\xff\xfc\xf7\
\x00T\xd3V\xbd]\xdc\xeb\x0f\xf8\xc8G?\xc4\xca\xca\
2\xe0\x84\xe7\xfc\xd1c\xfc\xc5\x9f\xfa\xb7\xa8\xd1\x82\xf8\
#1\x9c\x9c\x9be\xb1^\xf3\xd2\xd2`|ho6\
Vn_\xa8\xd1\x8a\xcc\xd0\xcb\x9e\xbf\xfc\x8a\x15\xe1\xfc\
V\xcar\xbf:\x15_\xa8\xea\x176\x7f\xb1-'\xf8\
\xdc\x17\x90k\x03a\x8apY\x0b`\xfdE\xf3\xb4\xdf\
2\xbd\xb8L\x12\xf2\xd6\x07Q\xd1D\xd4]7x2\
\xe5\xb2\x84\xea\xbb\xbb\x99\xc4\xaa+V*\xf6uc9\
y\xc7=\xd4\xe6\xe6x\xeaS\x1f)\xd8Y\xbb\xed\x99\
\x80Hy\x8d\xe0\x84\xb5Z\x8d^\xaf\xe72\x05\x95)\
1\x1cZ\xd8\xb7\xf8\x9b\xed\x8d\xf6$Sp\x17c\xd7\
3\x00\x22\xfeC\xa4\xe6~1\x86\xb7\xbf\xe5m\xec\xd9\
\xb37\xc8V\xcb\xe1\xec\xec\x87\x1fy\x98g\x9ey\x1a\
p\x84\xd2Z\xd8\xcb_\xff\xa5\xff\x8c\x8d#'!\x8d\
!\xc2p\xcb\xe2\x1c\xb3\xb1\xcb\xdf\x0f\xe3\xfb{jp\
\xe7\x9ez\x91\x08\x94\x8b\xd4\xd0\xf6\xedY\xaf\xf2\xa7\xb6\
p;\x14D\x9e\x7fj8\xb4<\x0a\x10H|-m\
\x7f\x8b\x04*\xbd\xdf\xd7k\x0ca:q\x191\xd0\x82\
)\x08\x14Q\x0a\x8a5\xe1S\xc9\xff\xb4\xf0\x95\x14L\
\xcd\xef\x91Z\xeb+\x16\xcbc2\xab\xdc|\xcf}t\
\x07\x09g?\xff\xb0\xf3\x13\xa8%I\x13\xa6\xa6\xa6K\
\x87`p\xc9\xc8\x9b\x1f\x9dn\xcf=\x13\xab\xb7\xa56\
{\xa8\xdf\xedO&!\xd9\xc50;=\x80k\xe1\xe0\
\x89Cw\x98\x8c?\xa3(\xa7o\xb9\x95[n\xbee\
\x0c\xf1;b\x7f\xf6\xd9\xaf\xf0\xe5'\x1e/\xd6\xcd\xec\
;\xc8\xbb\xfe\xe9O\xa1\xbe\xf4U|B\xcc\xc9\xf9\x19\
fL\xe4\x1c`\xe2Ku\x8da_C\xb8c\xb1\xee\
\x88\xca\xc7\xcbM\xee\x0c\xf4\xbc`#\xc98\xb31\xa0\
\xe7\xed\xfd\x5c\x9d\x1eE\xe0\x9b\xf7\xe9\xbbE\x01\x8fj\
@\xa7Rx\x0b\xab\xce\xbf\xb2\x07@y\x8f\xa5\x7f\xc0\
'0\x12ER\xb4\xf0\x1aF\xe0\x1ae\x981\x14\xac\
A\xc1\xaa\xb05\xb0d\xea\xba\x13\xa9\xb7\xf5\x93$\xe3\
\xcf\xfd\xcd\xbf\xcb-o~;\xd63\x8dN\xb7\xcb\xd6\
\xd6\x96\xcf\xa0\xd4\x91\xeb\xce\xcc\xcc\xd0h4\x9c\xffC\
\x8chf\x7frn\xff\xec\xec\xd8G4\xc1\xae\xc0\xae\
e\x00{n\xd87\xd7^o\xbfO\x10\x1a\x8d\x06\xaf\
y\xf5k\x104\x90=\xa5=\x9be\x96\x0f\x7f\xec\xa3\
eG^\x13\xf3\xf6\xbf\xf1w\xd8\x7f\xdb\xddN\xe2\x19\
Cl\x0c\xc7\xa6\xa7\x99\xaf\xd5\x82P\x99#\xf2}u\
\xb8}\xa1VH\xc7\x22\x12\xe0\xd3i\x05X\xee\xa5\xbc\
\xb0\x95\x90\x84o}\xe8\xdd\xafP\xc30\xc1Q\xd8\xef\
\xe16\x1d\xcf=F\x89\x1fO\xfc\xb9C\xc0g!\x86\
\xe7\xd0\xca!EU@y\xb5\xe1\x8b\xe5<\xcc\x9b!\
\xdd\xd4\x16fG\x9e\x97`\xb3\x8c\x1f\xfa\x17\xbf\xc0\xfc\
\xd1\xe3\xc5\xc876\xd6I\xd2d\xac\xb6#\x22,\xcc\
/P8KUN\x1b5\xef\x19\x7f\x97\x13\xec\x06\xec\
Z\x06\xd0\xef\xf4\xfe2V\xefC\xe0mo}\x1b\xb3\
\xd3\xd3\x85J\x1eBU\xf9\xf0G?\xec\x1dVn\xe3\
\xdb\xbf\xff\xafr\xcb\xdb\xbe\xb5\x08\x83\xd5\xc4pdz\
\x8a=\xcd\x9aW\xfbK\x9bw_\xd3p\xdbb\xdd{\
\xb9\x03\xcf8\x14\xfb^\xea$\x5c\xe8X2+\x05!\
\xe7\xd9vP\x1d\x92\x0e-\x95\xa4\x98\xef\xeb\xc4\xbdS\
\x9f\xabR\xb4\x08\x1djI\xf4Z=\x9d\xb7\xf9\xc30\
c8\x82\x80\x0d\xa8#\xeea\xc2w\xe6\x8cRZ8\
\xee\xa9ej\x18d\xee\xbe\xf2\xf0\xa0Z%\xb5\xca\x0f\
\xff\xd4/\xa2\xf5\x9a\x8b d\x19kkk\xd5\xf3\x06\
\x8b\xcdf\x83V\xb3U\xfc\x16Y\x9a\xfd\xaf\xb3{f\
\xe6\x99`WbW2\x80C\xb7\x1d\x9d%\xd3\xbf'\
\x22\xd2h49y\xe3)\xf2\xdc\xf4<\x9c\xa5^{\
\xbex\xf1\x12g\xce|\x15\xc1\xd9\xca\xb3\x87\x8f\xf2\xea\
\xbf\xf4#\xe0\xf3\xf9#1\xec\x9fj\xb0\xb7Q'\xc2\
\xbd\xf5N\xadw\xc4\x7fz\xbeF,\xb9\x93,\xf0\x98\
\xfb\xcfK\x9d\x94\x8b][\xa9\xba\xcb\x93\xf6\xc7Jp\
\x0d\x88\xd0\x7f/\xbd\xec^&Ki\x1e\x80\x0e\x11s\
I\xfc\xeep\xdf1\x08%oq\x96\xf7\x12\xa00'\
\xc6K\xf7\xd0;Q\x09\x99\x06\xc4\x8f\xf8d'\x9c9\
\x90\xf9\xec\xc5\x5c;\xc2Z\x16\x0f\x1f\xe7{\x7f\xec\x1f\
9\x9f\x84\x0a\xfd~\x8fv\xa7S\x8e\xb1\x1c4\x88\xb0\
\xb00_\x84\x1cE\xe5\x801f\xd2Op\x97bW\
2\x80\xf6\xd2\xc6?0\x12\x1d\x13\x11\xde\xfc\xe6\xb7\x80\
\xda\x22\xf7\xa6P/\x81\xfe`\xc0\xa7?\xf3PQ9\
\x87\x08\xef\xf9\xe7?\xef\xfa\xf6\x08\x88\x11\x16\x1au\x0e\
\xb7\x9aD\xb9z\x8f#\xf6V$\x9c^\xa8\xd109\
\xf1+\x22%\xb1\x0a\xca\xda\xc0r\xbe\x9dQ1\xdb\xa1\
\xf2%\xf7\xdake\x87**\x91\x80\xdc\xec/\xe2\xfb\
\xfe|\xaah\xde\xe5\x97\xf2>\xf3\x90!\x82/\x1b\xb6\
\xfeZ\x1a8\x18\xb7q@\x16g\x1au\x0e\xfa\xc7\xe5\
\xeb\x03\xc4\x15@\x89\x80\xf8\x8a\x86\xc2\x0c\x12\x8c\x0aw\
\x7f\xebwp\xfa\xc17:o\x86\xe2\x9a\xa5fYq\
\xe5\x82\xfe\x15\xea\xf5:\xcdf\x93\xdcF\xd3T\x7f|\
a\xff\xc2\xdc\xf6Oh\x82\x9d\xc2\xaec\x00\x8b\x07\xf7\
\xce\xdb$\xfb[\xa0\xdcp\xc3QN\x9e8Q\xc6\xde\
\x8b\xff\xdc\x8b\xfe\xc8#\x8f\xb0\xb2|\xc5KW\xb8\xff\
\xbb\xdfC\xeb\xf0Q'\xbd\x8c\xd3\x00\x8e\xcf\xcf:\xaf\
>e\x15\x9f\x11\xb8w_\x9df\x94\x8b\xc2 w\xde\
\xab\xff\xdd\xcc\xf2\xecF\xe2=\xfd\xba\xad\xe3\x8brd\
n[8\xd6\xc2\xea\xcf{\x06Pj\x08R%\xda\x92\
\x81h@\xc4~\xc1\x18\xacB:d\xf0\x87E@\xc3\
\x8a\xc08~T2\xb2\xa0\xacY \xf2\xe5\xcbMc\
hF\x86\x9a)\xab*\x8dg\x8e\xcdf\x93o\xfb\xe1\
\x1f#j\xb9\x0eBI\x928\x87\xe0\xb8\xa7!\xc2\xfc\
\xdc\x9cO\xa7\x16P\xd9#b\xbew\xec\xa3\x9b`G\
\xb1\xeb\x18@\x92\x0c\xfe\xba s\xd6Z\x1e|\xe0A\
?\x17\xde\xa8\x9d\x9d$)_z\xfc\x8b \x82Z8\
p\xcb\xed\xbc\xee\xfb\xff\xba\xdf\xea\x88\xfc\xf8\xdc4\x91\
\xd5\xc2\xae\xcf\xffN\xceF\xcc\xc4\xa6T\xfb\xfd\x05\x5c\
\x04\x00z\x99\xe5\x99\xb5\x92\xf8)F\xf0u\x88\xf9\xca\
\xba@:\x06\xa2YGvW\x02\x8b\xa0r,\xb8~\
\x06i\xde\x89\xc7\xb3\x93bT\xb2\xfd\x98F|\xffR\
~\xe6\x7f\x06hD.\xf9\xa9\x15\xc1\x94\xc0l\xec\x18\
Anr\xe4\x15\x947\x9c\xbe\x93\xb7\xbe\xeb=\x85{\
\xb1\xdd\xde\x22\xf1\x93\xa4\x0c\x0f\xa3\xd9lR\xaf7\x8a\
\xa8M\x96\xa6\xff`\xcf\x91=\xadm\x07;\xc1\x8e`\
W1\x80c\xb7\xdc8\xad\xa9\xfe @\xa3\xd9d\xff\
\xde}\xc1K\x5c\x12\xa0\xaa\xf2\x89O}\xc2\x13\x8c\x9b\
\xba\xeb\x9b\x7f\xf0\xc70\xb3s\xde\x8b\x0f\x0b\x8d:\x0b\
\xf5Z\x106t\x12~\xb1&\x9c\x9c\xad\x17N\xc0\x82\
9\xf8\xb3\xa7V9\xb3\x912(\xe2m\x0e\xe3Bs\
\x8c|\xd7\xa1\xbf|u\xae\x09H\xa0\x00\xc8\xe8\xa12\
z\xfaL\x95\xc4f\x85\xe90\x9e\xd3l\xbfz\xe4\x02\
~\xb1hc.J\x96\xa5\xb4b\xa1\x15\xb92\xe7\xa9\
\xc8\xb0X\x8f\x89\x83\xec\xc2\xc8\xfb\x0a^\xff\xdd\xdf\xc7\
\xc2\xe1\xa3\xb8Y\x933\xda[[\xe4Z\xcb0\xc3\x99\
\x9b\x9b\xcd\xdd\x02\x90q*K\xf4u_k\x94\x13\x5c\
_\xec*\x06puu\xf5;P\xb9\x19\xe0-oz\
\xb3[)\x01\xe1\xe3\x88`uu\x95\xaf<\xfdL\x11\
\x03?x\xfb=\x1c\xb8\xef\x01g\xdf\x1b\xa1\x1eE\x1c\
\x9aj\x91+\xb2\xf9K\xdc0\xc2\xe9\x85:\x11\xb9j\
\x9b\xc3\xdb\xbc(\xcfm$l&\xb6\xb4\xd1)\xf9@\
\xa8\xd6\x87\xb6ou\xfd\x18\x89,\xd5=J5_\xcb\
\xbd\x03\x13 \xff\xcb\x80~\x96\x15\x1a\x84\xbb_!\xdc\
s\xe4R\xc1r>\xb6\x82\xd9U\xbe\x97\x7f\xae[\xb0\
\xa5\x15\xb9gT\x13h\x1aa\xa1\xe6\xeb#|:\xb4\
\x11X8|\x84\xb7\xbd\xfb\xaf\x14\x0c\xa9\xddi\x17Z\
\xc00\xa6Z-\xe2\xb8\x963\x07\xd1,\xfb\xa1#\xa7\
\x0e\xef\xaaw\xee\x1b\x1d\xbb\xea\xc7\xb0I\xf6c\x22\xca\
\xfc\xc2\x027\x9e8Y\xb5\xfd=\x14\xf8\xc2c_\xc0\
\xfa\xd4\x1a\x13\xd5\xf8s\x7f\xf7\x7fA\xb1E\x18\xef\x86\
\x99iZ&*\x22\x06yl\xff\xd4\x5c\xcc|\xdd\x14\
\xe7\x8d$W\xf1\x15Qe\xb9gY\xee\x8f\xb7\xf3\x0b\
\x89=6\xeb\xae$\xfepz\xeers\xce,t\x88\
\xd0\xc3>\xbdUo\x9e\x15\xe8\xa6\x09\xf6\x1ad^\xd8\
\xfdC\xe6Eu\xaf`}\xae\x89h\xb0U]\xa3\xf3\
\xcd~J\x14\x09\xb1q\x7f\x110W\x8bh\xe6\xb5\x10\
>oBT\xb9\xefO\xbf\x83\x83'O#\xb8\x5c\x81\
v\xbb\x9d\xdf]u\x94\x22LMM\x91O\x9e\xa2V\
\xdf\xb9\xb9\xb1y|\xcc\x0dM\xb0C\xd85\x0c`j\
q\xe6n\x94{\x15\xb8\xf7\x9e{\xa9\x17\x13\x5c:\xe4\
R0\xcd2\xce\x9c9\x83\xf8\x17\xf7\xc6\xd7\xbf\x95\xe9\
\x1bO#\xea\xa4z\xcb\x18\xf6\xd4kA\x9c\xdb\xbd\x88\
\xcd\x08\x8eMG\x15\xc9\x07\xa5&\x90)<\xbb>\xc8\
]\xf4\xb9G\xaf\xa0\xa8Q\x0b>t\xd6\x95\xa3\x0cI\
:\xdc;\xbc\x07G\xfa\x92\x93\x857\x0bJ\xa2V\x94\
n\x9a\x92\xdaj\x880\xef/0*\xfb\xbf~?\x80\
\xe33%\xc3\xc9;\x1b[\x116\x13\xebZ\x87yF\
\x1a\x01\x0b\xf5(p\x1c\x0a\x22\x86\xa9\x85E\xde\xf4]\
\xef.\x12\x87\xda\x9dN\x99\x845\x84\xe9\xe9i\x5cg\
\x22A\x94i\xac\xbcc\xdb\xc1Np\xdd\xb1k\x18\x80\
\xcd\xec_\x12\x91XU\xb9\xed\xf4m\xc0\xa8cI\x81\
/=\xfe\xc5b\xca*\x8b\xe1\xfe\xef\xf9\xcb\xa8\xd8\x22\
'\xfe\xc8\xcc4\x82\xef\xc4\xeb\xd5V\x11\xe1\xd6\x85z\
\xc5\xd3\xef.P2\x83\xe76\x13\xb2\xa1X^N\x97\
U\xa5\x7fd\x0fr\x0b\x7f<\xbc\xa4/\x88\x5c@\xf3\
\xbe\x80%\xa3)b\xea\x02\xdd,\xa3\x9f\xe5\xc5\xc2R\
H\xec\x82\xcd|M{\x7f{Tt*\x09k\x0c`\
\xb57\xa8\x98\x0d\x08\xb4\xa2\x88FdJSA\x04c\
\x22n\x7f\xf373\x7f\xe8\x08\x00Y\x9a\xd0\xedv\xcb\
g\x11\x8c\xaf^\xab\xd1l\xd6)2\x11\x94w\x1f<\
q\xa8\xf6\xc7\xbf\x83\x09^L\xec\x0a\x06p\xe2\x96[\
\x22,\x7f\xd1\x00{\xf7\xee%\x8e\xe3\x11M[q\xa1\
\xa7\xc7\xbf\xf48x)z\xf0\xb6;\xd9\x7f\xfb\xdd\x88\
U\x8c\x08\xf3\xb5:\xf3E\x85\x9f\xcf\x93\x17X\xa8\x0b\
\x07[\x11!\x91\x96\x8e?e\xad\x9f\xb2\xd4\xc9F\xa4\
w\xb8<\x8e\xe6F\xd7\x05L`8\x03\xcf\xeb\xeb\xb9\
\x19\xa0\x9e$*'\x12\xe8\xab\xa5\xe3\xed\xfeB\xfb\x90\
p\xa7?>\xcaG\x1a\x9a\x02\x14e\xc7V\x84\xb5$\
\xadd\x09\x1a\x94\xc5zT\x8c5w\x9cN\xed;\xc8\
\xfd\xdf\xf6\x1dN\x0b\x10\xa1]\xd4\x08\x8c\x8etjj\
\xaa|2\x96\xd7\x0e\xba\x9d\x9b\xfe\xc473\xc1\x8b\x82\
]\xc1\x00\xd6\xd7Wn4\x22G,\xcam\xb7\xdd^\
\x95R\x14\xda1\xe7/\x5c\xf0\xf6\xa6\xa3\xaf7\xff\xc0\
\x0f\x17\x8d0\x22#\x1c\x98j\xfa\xc6\x9c\x92\xfb\xf5\x88\
0\x9c\x9a\xab\x95!\xb0!I\xad\xc0s\x9b\x19a\x90\
-\xbffI\xfcU6 0T\xd4\xa3\xc1\xb1BH\
\x02\xa1%Q\xf4\xfc\xcb\xb7\x15\xb6\xb8\xb3\x923\x94\x8d\
AR4\x0c\xcd!\xe3\xb4\xfe\xaf\x81\xca]j\xe9\xec\
\xcb\xe7\x0d\x08\x0c\x81\xe2\x1e\x15X\xe9\x95\xf3\x09\xe6\xe6\
S+24\x22\x9fD\xecM\xa6X\x0cw\xbd\xe5[\
\x88\x9b-\xacU7MY\x1e\x12\xcco\xdc\xff5\x1b\
\xcdB\x9d\x13\xa1\x95$\xf6\x9b\xfehw3\xc1K\x85\
]\xc1\x00\x92\xfe\xe0/\xfb\x80\x1c7\x9f\xba9\xd8\x12\
0\x01\x85/~\xe91\xd4w\xf9Y<v\x82\xa3\xaf\
z\xadS\xf7\x05\x9a&bf\xc8o \x08\x0b\x0d\xd8\
\xd3\x10\x86H\x22?+W\x07\x96\xad\xb4\xa4.\x09(\
\xbf,\xc8\x1d>\xaa\x5c(\xad~\x8ad\xa1p\xec\x12\
l\x93\xfcF\xf2-\xb9&\xe0S\x9b7\x06\x09Y\xa8\
\x93\x8b\x8c\xd2\xbd\xe2\x9d\x98\xe39\xc2\xf0]\x86\x0cH\
r\x07e\xe0s\xa0\xf018\xb3$\x05\xbaV\x8b\xe0\
\x8b\xe0^\x92\xb9z\x5c\xb1\xc9\xa2\xc8\xb0\xef\xc6\x9b8\
y\xefk\x01\xc1Z\xa5\xd3\xe9\x8c\x8eK\x08z\x0b\x0a\
\xa2\x22X}\xe7\xf1\x93\xc7\xb7w\x5cLp\xdd\xb0\xe3\
\x0c\xe0\xd0\xcdG\xeb\xd6\xea\xf7 \xae\x9c\xd4\xcdU7\
\xea\xcb\x16\x11.\x9c\xbf@\xee|\xbb\xeb\x9d\xef\xc2\xc6\
u\xc0\xe7\xf5\xb7\x9a\x98\xdc\xf6\x17\x0a\xdb\xff\x96\x85\x86\
\x9f\x01\xa8\x92\x0d\x0f\xb8\x14\xde\xe76\x92\xc0\xf1\x97\xab\
\xe8Z!\xdfP\xb1\x1d-\xaa\xbb\x96hv\xf5\x8b\x9a\
\x13\xb3\x82`\x0aG\x5cN\x94\x16\xa5\x9detR[\
=\xbf\xe6fB\xe9\xb7\x08X\xd5\x98%\x86w\xca\xed\
n\x7f\x96\xdc\x9fP\xf6\x13\x0c\xe71\x04\xf7}\xa9\x97\
\x94\xfb\xfb\xf3O\xc7\x86Zn3x\xf3\xca\xd4b\x1e\
x\xe7w\x15&\x81\x133\x00\x00 \x00IDAT\
\x97\xebt;c\x9f\x86\x80\x9f\x91\xd8i \xa2\xe6\xb5\
\x1a\xeb\xd45\x1e\xdc\x04\xd7\x09;\xce\x00\x06[\xbdc\
\xa2r\xb3\xa0\xdc|\xf3-#\x8e\xbf\x1c\xcf\x9f{\xde\
-(\x10\xc5\xdc\xf1\xcd\xdf\xe6\xc9K\xa8\x1b\xc3\x9eF\
\xbd\xb8\x99\x5cn\xce\xd4`\xa6&cH\xdfa\xado\
\xd9\x18\xe4$\x10@\xab\x84.c\xde\xea\xbc\xb7\xdf0\
\x1c1\x15*DE\x03p\xab\xc2\xce\xbe\x8a\x8a\xd0W\
e\xad\x9fl\xa3o\xe4\x03\xca\xef-\x18W\xe5\xaaU\
\x88\x0e1\x06\xcft\x90\xf0\xde4\xd0b\xb4\xe0\x83\x9b\
I\x86\x16\xceR\xf7\x19\xa1L\xc5e\xff\x18\xc1\xd5\x11\
\x1c\xbd\xf7~j\xd33\x00\x0c\x92\xc4\xcd\xc64<\x22\
\x11\xc7\xd8\x8bb(\xb3\x7fkc\xf3\x8emow\x82\
\xeb\x86\x9dg\x00\x83\xfe\x9bD\x88A8y\xf2\xe4\x98\
\xd7\xdc\xbd7O?\xf5T\x11B\x9b;|\x84\xc6\x9e\
\xfd\x85\x1d>WoP+\x0az /d9<]\
\xdb\xb6\xe5\x91\xaa\xf2|>\xafeI\xaf\x81\x95\x1f`\
8\x1a\x11\xec_\xae\x0b\xc9\xb7 \xfbB\xba\xe6Y\x80\
N\x0a\xfbP\x1bN\xf5\xbf\xda\x1f\x94y\xfe\xe3/9\
\xb2n\xecv\x7f\x03\x95h\xc1\xf8\xea\xa0r\xc1[\x13\
\xe5$#\x90\x01[\xd6iA\xa6p\x06\xc2l=\xc2\
\xe4\xddQp\x8dT\xa6\x16\xf7p\xec\x8e\xbb\xfd\xd9\x84\
^\xaf;v|Qn\x02\x00\x82\x8a\xb5\xfa\xadcn\
a\x82\xeb\x8c\x1dg\x00\x9a\xe9\xb7\x8b@\x14\xc7\xec\xdd\
\xbbO*\xafN\xae\x7f\x8a\xf0\xc2\x0b/\xe4\x9e,\xee\
\xfa\xd6\xefp\xc4\xe4\x8bx\xf6\xb7\x1a\xd5\xe4\x16\x5c\xcd\
\xfc\xc1\xa6a\xf4Ut\x92\xb7oa\xb5_f\xfc\x8d\
\xee\xe1>\xc3\xf6\xdc%\xe1\x8fW\xfbu\xe8Z\xb9K\
\xb0<\xc2\xa7\xf5\x04y\xfe\x9biJ7\x1b&\xfeP\
\x01\x1f#\xdd\xf3\x93\x17\xdbG\xd9\xc16\xee\xc8 Q\
)l+N\xe9\x1a\xf07{\xb5\x97\x94~\x00oN\
5\x8d\xab\x19\xc8\x7f\x13\x11\xa8\xc51\xf7\xff\xb9w\x15\
\x8e\xc5v\xbbSh\x1a\xe1\x88\x0d\x10EQ\x91\x9am\
S\xfb\xe7\xc7>\xc4\x09\xae+v\x94\x01\x9c\xb8\xedD\
]\xd5\xe5\x87/,\xccS\x8bc\xb7!\x172\xb8\x17\
\xb2\xd3i\xd3\xf3m\xaa\xa5^\xe3\xf4\x9b\xff\x14\xc6\x93\
[M\x84V\x1c\xbbR^/\xad\x10a\xbe\xe6*\xdc\
\x86\x91\x13\xc4\xc5v\x9a_j\xec\xf6r\x85\x8el\xd5\
mX\x80\x04\xaa\xbaR\xfdtK\xc6\xed\xe3}\x0c\x16\
a\xb9\xeb\xdb\xe7W\x9c\x8fc\xae\x12\x0c\xb4\xe4u\xdb\
\xf9\x1f\xb4 \xe8\xf1\x9b\xcbTd\xf7\xd5W;\x06a\
\xbc\x8d$+\xf8o\xde\x1c%\x02WD\x15\x0c\xca\x18\
\xe1\xd4\xab_\x07&F\x15z=\xdf\x130\xe0K9\
#\xaa\xd7\xeb\x05\x93\x14\xe5\xd8\xc9\xbbN\xee\xb8\x00\xfa\
F\xc7\x8e\xfe\x00\xbd^o\xaf\xa8\xdc \xc0\x8d'N\
j\xa5!G\xf0\xf6<\xfd\xf4\xd3\xe4\xf2u\xee\xe0\x11\
f\x0f\x1f\x05\xdc\xe0\x17\xea\xcd\xd2\xbb\xedUZ#p\
x:\x8f\x08\x84\x96\xb2{\xc1S\xab\x5c\xea\xa4\x10\xa8\
\xedai\xedx\x05\xdb\xef\xe7\xe7\xcf\xaa\x10\xd7\x18-\
B\x82m\xc1\xe8\x8a\x11e\x02\x97z}2\x18\xa3\x85\
\x8c!]\x1d\xfe\xb2-y\xbb\xab\x0cm\x96\xe1\x8dR\
\x9e\xa5\xd0\x04r\x07\xa1\xba\xd2\xe3\xbej0n\xf7\x5c\
\xa7k&\xe8\xaa\xe4\xfe5\x17\x16\xd0z\xdd\xdf\xae\x9b\
\x82}x|\x820==]\xde\x81e\xa1\xbd\xb9\xde\
\xbc\xe6ML\xf0\x92cG\x19@{\xb3w\x0f\xb8\xc8\
\xdb\x91#G\x82-R|*\xf0\xc2\xb9\x17\x0aB:\
z\xdfk\x90(\xf2\xf6\xa9a\xb1Y\xf7\xde\xf2\xdc\xe7\
\x0e5\x81\xc5\xfa\xe8L\xc1\x0e\xca\xc6@\xe9V\xcd\xff\
r\xab\x96\xea\xff\xa8G~\xcc\x01\xc1*\x1d\xbb\xb6$\
\xfc\xe2\x7f\x116\x92\x94\xcd$e{f\xb3\x9d\xebr\
X\xf8\x97\xe1\x81\xb1,\xa1\xd8<\xe42\xd4\xe1\xd1\x06\
\x0dG\xd5\xb5\x1e\xdfJl\xa1\xfe\xe7\xa5\xc3\xcdb>\
D\x7f?\x22\xa4*\xec\xbd\xb1\xcc\xedI\xd2t\xf8\x11\
 \x02\xf5z\xad`\xc2\x02&\xeb\xcb\xe9mn~\x82\
\xeb\x84\x1de\x00Y\x9a\xbe\x01Q\xd4Z\xf6\x1f80\
\xba\x83\xf7X_\xbe|\x85<&~\xe2\xb5o\xf0\xea\
\xbek\x8c9]\x8b\x8a\xaa\xc0<\xbdo\xb6\xe6m\xd5\
1\x04dU\xb9\xd2M\xc9I\xa2L\xc2u\xb8\xb6\x5c\
\x1d/{%\xdc\x98/\x06*v\xb1\xde\x9b6\x99\xc0\
\xe5^\x12\x10b^h\x14\x9e\xf1Z\x01\xc6\xd2\x11\xf7\
\xb5 \x01\xe3\x09\xf7.\x98V\xb5\x09A\xe1\x13PU\
6\xd3,`\xc5n)\x16\xa5\xeeM\xab\xbckr,\
\xc2m\xaf{Sq\x85t\xa8:0g\xa6Q\x14\xbb\
\x90\xac\x1fL2\x18L\xca\x83w\x18;\xca\x00\xac\xb5\
\x0f\xa2`L\xe4\xb2\xc5\x80ac7I\x06n\x96\x1f\
U$\x8a9x\xeb]n/\x81F\x14\x95\xaanQ\
9(\xeci\xc6%S(OUH\xbd\xd5^V\xbe\
\xf8^\xe2\x8d\xa8\xffc\xa9O\x09C|\xe3\xf7\xd8\xe6\
\xbbj1\xfb\xee\xa5\xee\x80\x81\x1dG\xe0\x02\x1a\x92l\
\xb0\xe5\x1a\x8d?\xf2\x13\xc9\xf0\x8a\xed\xbe\xab'\xe8\xe0\
V\xf2\xc9F\xf2\x99\x8b\xadB;\xb1\xc5\xf4c\xe2\xc7\
 \xc0\xb4\x0f\x07\xe6\xb9D\x22\xc2\xd1\xdb\xef*\xcc\xb7\
^\xbf_\x9aT\xe5\x03pL;*\xa7!Q\xd5\xbb\
\x0e\x9c\xdc\xff\xb5\xb9\xd8\x04/\x19v\xd6\x09c\xf5\xf5\
\x02N\xfa\xabV(/\x97K\x17.\x5c(\x9cT\xd1\
\xd44\xd3\xfb\x0e\x02\xee\xa5\x9b\xf5\x99\x7f\xa1\xd3Y\x04\
\xe6\xea\xf9m\x85\xe9\xaen\xa7n\xaa\xae\xd9\xc7\x18\xf2\
\x0b\xde\xd5\x8a}<\xb2=\xfc6\xd6I8t\xac\xf8\
\xff\x04\x06(+\xbdAy\x91\x0a\xc3\x1b\x8e#\x8c\x12\
uU\xdbP\x86Uy\xb7\xcf0\x0b\x11\x7fH\xb9o\
\x91\x8f\x10\x98:\x85\xe9\x83c\x04\x83\xcc\x99\x05\xd5\xce\
\x09B\xabV6\x0aQ\xaf\x8d\x1c\xb8\xf1&L\xbd\x01\
H1-\xdb8-\xc6\x98\xa8|N\x96\xd3s\xb7M\
\x1a\x06\xef$v\x8c\x01\xcc\x1c\x9c\x9f\x15#\x91\x02\x8b\
\x8b\x8bad\xac\x82+\x97\xaf\x14\xea\xeb\xdc\xc1C\xc1\
\x88\x85\xa9\xb8\x16Ho\xf7i\x04\xd7\xeb\xafxi\x03\
\x16\xa0\xb0\x99\xd8\xa2\xbf~Yj\xeb\xbe\x94\xc99\xc3\
\xed\xba\xdd\xb72G_\x19/os\x1eV\xa1(B\
\x95\xfebg@6$}C\x84\x05\x89U-\xe6\x1a\
\xfe\x80m0\xc2\x1aF\x1d\x1e\xa1\xf2_\xf0\x94\xfc\xf9\
$\xaa\xa5\xef@J3\xa2n\xf26jR\x98P\xf5\
\x99YjS\xd3\xaed;\xcd\x86/Sh`Qd\
\xc2\xfc\x84\xa3[Ol\xd5\xafq\x0b\x13\xbc\xc4\xd81\
\x06 V\x0e\xb8\xa97`nnn[swm}\
-?\x82\x03\xa7N\x93\x87\xf9D\xa0\x11\x17\xa5?\xc5\
\x8b\x5c\x13\xa8\xe7E\xeeCP`3)\x9d|\xe1z\
Bb\x1b!\xcep\xa9\x8c6\x0c\x9f\xfb\x9a\x1a\x83\xc0\
\xa6\xb5\xac\xf4\x07c\xad{\xf1w\x22\xa1D\x1fR\xed\
G\x88}X\x83\x18s\xce\xed\xc6\x13\x8e\xb5\xf0\xd9+\
E6\xa2\xe2z$\x0c\xac-\xc3\xab\xfeZ5J\x86\
\xa1\xde7\x13MM\xd3\x98_\x04 \xb3a~E`\
j\xe1\xfc\x00\xc5\x18\x94C\x83^o\xf7OO\xf7\x0a\
\xc6N\x9a\x00\xd3\x02MA\x99\x9d\x99\xd9v'W`\
\xe2^\xbd\xfd\xa7nq\x9e~u\xd5hqN\x87E\
\xa5\x99s\xfe\x19\x7fD\xd5\x8b\xee\xa4\xfcVb+\x04\
\xae\x816\x90\xbf\xaba\x10\xabH\xe1\xa9H\xcb1\xb8\
f\x91\xbe\x82\x08\xe7\xb6zda1\xd0\x08\xf1\xea\x98\
u\x14\xe5\xc0\xe1\x91\xdb\x5c\x850@Y\x1d\xafVr\
+F\x0e\xd4\xe0^\xa1\xd0\x86\x06\x81YRD\x04p\
\xdd\x94B\xc6i\xea1s\xfb\x0f\xa2\xaad6\xab<\
\xaf\x10QT2m\x81\xc5\xe9\xf9\xd9\xed3\xa0'x\
\xc9\x11\x7f\xed]^\x1a\x882\x05\x18U\x98\x9d\x1bo\
\x07*\xd0\xed:\x06`\x81#\xb7\x9c\xf6\xce(\xa8G\
Q\x85\x10\x04H\x06\x03\x1a\x92\xb1\xd5\xce\x8an\xc2\xee\
<\xee\x0dO\xadru\xa3G?\xadJ\xa5\xfc\xfcy\
~\x7f\xd9\xed>\xb7\x91]X,o\xd1\xe1R\x90\x85\
0~\xaf^]\x0e\xd7\xe5\xc4nQ\xba(\xab\x9b[\
\x15\xb1\x1c\xda\xeae\x1dC\xb5I)\xe2\xf5$\xa5\x98\
\x04\xd4\x04\xb6\xc1\xb0\x9d\xef\x9a\xa1H@\xb4\x8e!f\
\x94\xc4\x9b\xd7\xfb\xe7\xc1\x84\x22\xa6/\xe55\x5c\xe3\x0f\
hw\x84\xd9\x9a\x10\xc55\x22?\xad\x9a\x11\xe7\xf9\xef\
\xfb[\x11\x11D#f\xf7\xedw'\xcd\xab\x09\x8b\xdc\
\xff\xf2\xf74\xbe\xb5\x98\x7f\xfci\xda\x1fL\x03=&\
\xd8\x11\xec\x18\x03\xc84;!\xbe>\xdd\x99\x00\x1a\xe8\
\xd5\xa5\xed\xd9iw\x9c\xd4\x17Ckf\x81<\xf9\xa4\
\x88\x00\x08Xky\xe1\xd9\xa7y\xf2\x91\xcf\xd2\xea\xad\
2[\x8b0\xbe'\xa0V\xae\xa9\x9c\xd9LQ\xb5\x95\
D\x99P\x1d\x1eV\xe5\x8b\xbc\x80!q\xb6\xadj\x1d\
d\xd3\x85j\xf5R\xdf\xcd(<Nz\x97\xba@@\
\xb8\xf9\xa7T\xbf\xbbu2\xb6@\xa9z\xae\xfc{\xc9\
P\x8a\xf3\x0cY1\xc55\x82HJ\xbe\xee\xe9f\xcc\
B=fzf\x86[\xef\xbe\x97\xd3w\xdeM\xad\xd9\
$2\x82d\xb6d^\x0a\xa6\xd1\x0aN8N\xbb\xc1\
3fo\xc6\xa9\xca\xa0\x97N\xba\x03\xed v\x8c\x01\
X\x9b\xddd\xbc\xdc3f\x5c\xce>\xa8\xb7%\x15\x81\
(\xc24[^\x82\xb9\x0a\xc0\x5c\x9a]9\xf7\x02\xff\
\xf9\x97~\x96O\xfe\xce\x7fa\xab\xf0\x19\xec.\x5c\xcb\
@\xd8I\x5c\xcb\x89\x18\xa2\xd9\x9a\xe2\xd5\xaf\x7f#?\
\xf0#\x7f\x9b{\x1ex\x90H|s\xd5b\xde\x05\xa5\
9;W\x9c\xd3\xda\x0c\x13\x0d\xbd^\xbex\xab\xf8\x8a\
F\x83Aw\xb7>\x9ao\x08\xec\x9c\x09\x00\x07\x00\xe2\
\xb8F\x96e2l\xc1*J\xb7\xd7C\x8c)\x92j\
\xea\xad\xe9B\xe2\xe4\x8e~U\xe5#\xff\xe5\xd7\xf9\xf8\
\x7f\xfb\x00\xed\x8d\xf5\x1d\xb9\x97\x973\xbe^\xea\xebv\
\xda|\xf2\x0f\x7f\x9fF\xb3\xc9\xa9[oC\xa6\x16Q\
BsEh\x15\xbd\x1cd\xfb\x13{u\xca\xf9^$\
QX\x04.\xbf\x08\xb72\xc1\x1f\x03;\xe2\x04<u\
\xd7\xad\x12\x06\xb9\xa2(\x1a\x9b9g\xad\xf5\xb3\xfe:\
\x83 2y\xaf?\xa1\xe6\x9b|\xa8\xb5<\xfa\xb1?\
\xa4\xef\x9d\x85\x13\xbctPU\x1e\xfe\xe4\xc7\xe9\xb4\xb7\
\xc840g\xfc\xef\x95\xa5e\x0cA\xc6\xd9.\x94\xe6\
\x86\xdb\xa4\x8a0\x09\x03\xee v\x84\x01\xd4\xa7\x04\xa3\
\xa6.*dYJ-vf`Eh(\xd4j1\
I\x9a\x06\xf1z\xe7\x802\xb8\xde\xf5\xb9\xc5\xba\xff\xc8\
1L\xbcc\xca\xcc7\x14\x0e\x1c:L\xbd\x9c\xec\xa3\
x\x81T]\xf8\xcf{\x05\xbd\x99?\xc6\xac\x0b}/\
B\x14\xd7\xe2\x89\xda\xb6\x83\xd8\x11\x06\xf0\xe4g\x9eT\
\x15M\xdcKb\xca\x9e\xf2\xc3\x8e6-;\xe7Zk\
\x89\x1a\x0d\xafnj\xb9\xdd\x18\xbe\xe9\xbb\xdf\xcd\xf1[\
n%\x8e'\xfe\xa4\x97\x0a\x22\xc2\x81\xc3G\xf8\xce\xf7\
\xfc\x00\xb3{\xf6\xb8\xc6 nK\x11)\x894+\xa2\
\x1c\xae\x0d\xdb(2\xeb~k\xcf\xd0M\xadV\xeb_\
\x87\xe1O\xb0\x0dvLl\x1a#\x1d\xcd\xc2\x96\x9a0\
\xac/f\xf9\x84\x98\x02Xu}\xe5\xc6x\xad\xeez\
\xdd\x9b\xf8\x8e\xbf\xfa7\xf9\xe2'>D\xad\xb7YL\
\x01\x0eU\x9e\xd2N\x95N\xea\xa3\xfcUkcd\xb9\
\xf8\xae\xe3\xcdY\x1d\xf9\x7f\xf4$\x03U\xd7^+\xdc\
&\x04\xf5\x0b\xfev\x86\xc2\xff\xc3\xb78n\x86\xa4\xed\
0\x1c\x1a\x1d{\xbe\xca\x7f\xb9n%\xa3c\x10\x98\xad\
ELG\x11\xcd\xa9\x16w\xdc\xf7j\xde\xf1\xe7\xdf\xcd\
\xd4\xf44\xba9(\x98\xb1\xf1v}{}=\x1f\xf0\
\xf8\xda\x05\x91\x82\xd9\xbb\xfb\xd64\xb3\xc9\xc4\x09\xb8\x83\
\xd81\x06\xa0\xd6\x8a\xb7\x02+\x9dv\xc2\xe4\x9d8\xf0\
\x22G\xf5:\x9d\xb55\xa6\xf6\xees\xfbj\xa9\x05D\
Q\xcc[\xbf\xf3{y\xfd[\xdf\xce\xad\x8d\x01\xb11\
\x18\x01\x0d^p\x05\xcen&\x9c\xdb\xca\xa0(q\xa9\
\x12y\xa5W\x1f`]\x22\xbc\x1f\x9fT\xa6\xe9\x0a\xd3\
[\xc3\xb0a\x98\xd5\xf2\xc4Z\x9b\xcd,\xc8\xef\x0f^\
u\x09\xfe \x8f\xd1k\x85\xd8\xcb\x5c\x00\x08\xe3$a\
\x8f\xfe*\xfb\xcc\xf3\x14\xa5r|8\x01j\x9e\x94T\
6O\xd1\xe0ly^@9\xaf\xc2\xad\x0bM\x0e7\
kLMO\xb3\xb8w/Q\x1cc\x11\x97W\x10>\
\x0b\x85\xcb\xcf?\xe7~\xab\xc8\x14\xa1\xc0|\xfc\xced\
\xd0\xa2\x8d\x9b_\x99ae\x92\x03\xb0\x83\xd8\xb90 \
d\xb9\x16\xd9\xe9\xb6i\xd4\x1b\xce-\xe8\x93l\xf2\xcc\
\xb58\x8eI\x06\x03\xd4*\xddv\xbb`\x00\xa9\x96\xfb\
\xe6f\xe7\xec\xbe\x03\xdcz\xc3\x14\xd5\x14\xa1\x92\xee\xa2\
\xcd\x01\xe9Z\x8a\xa8\xadt\xac\xc9\xdbd9BV\x97\
\xc5\xa6RI\x8buc\xces\x02\x82X\x7fe\xb9d\
(\x89(Qk\x9d\xf9\xdc\xca\x0a(\xb5H\xfa\x91\x80\
\xc8q\xa14\xdf)\xb0\xd2p#\xf4\xb4W#\xec\xd5\
\xfb\xcc\x19\x80\x9f\xc7\x07\xe3\x97\x04\xc8\xabp\xf3\xe4\x09\
\x09\x9e\xb1H~L\xc9,\xc0%\x05\x9d\xdc?\xcd\x81\
\xbak\xe5\x95gg\x84\x05D\x02n\x9eFUzk\
\xcb\x80k\x13\x963\x93a\xd8\xcc\x16\xdd\x87\x14U1\
2~f\xd1\x09\xae\x0bv,\x15\xd8`\xae(\xee\xc5\
\xeb\xf8\xc9%\x0bhIh\xb5Z\xec\xde\xb2,\xa5\xdb\
\xdet\x9b\x81\xd4fe\xd2\x8e\x97@\x99\x96\xf5\xec!\
\xf2\xf70\x12AC9\xae%\xf1\xbb\xaf\xdb\x11\xbf\x16\
\xc4Oe=\x951\x84\xdb\x96\xfb):\xe6\xf1^[\
\x8d\xcf5\x96k\xd8\x03\xc5\xcaa\xe2\x1f\xde\xa3\xd4~\
\xaa#\x1bg$\x0c\xefSb:h\x01\x96\x7fZ\xa4\
\xd2\x15\xd9*\xd8,\xc1&\xae\x11H\x14\xc5\xa3\xd4\xef\
m\x9d4KC\x06\xb6\xc6NW\xa4~\x83c\xe7\x1e\
\xbe\xe8\x15QG\xea\xf9l?\x15\xa8\x0b\x0f\x9a(\xcf\
\x1c\x83\xad\xcb\x97\x8a\xcd\x99-\xb3\x05\x87\x19A\xb8\xce\
-;\x82\xae\x19\x83\xe6\xf3\xf2\x15\xdbK\xc9\x9f\x1f_\
\xd6\x17R\x98\x03\xc5\xb0\x82\x1cw\x1bJ\xff<\xa8\xa9\
\xa0\x06\xaet\x06\xe1\xad\x14\xd4\xb3\x1d\x03\xa8\x98\x03!\
\xa1\x8e\xb5\x90\xc7\x9b\xcd2\xb2=\x97\xea\xc1 \x02\xee\
7f\xda\x91\xcaY\xac*\xadX\x82\xfd\x1dr#*\
o\xc4jU\xc9\x06\x09\xfd\x8d5\x10\xa1V\x8b\x0b\xad\
\x86\xa1\xcf\xd43\x09\xdf\x8f\xa1]3\xb5\x89\x06\xb0\x83\
\xd81\x06\xa0\xb0\x9c\x0b\x91\x8d\x8du\xc9\xa5q(I\
E\x0c\x8dF\xc3\x0bF\xa5\xbb~\x95\xfc%\x1edN\
&\xe7\xd6\xbc\xaa\xcfw72|\x9d\x82\x84\x9b\xbeO\
@\xd8\xf5\xb7P\xfb\xf1E0\x923\x04\x82\xff\xc3\x7f\
\xfe\xbcC\xaa\x7f\xe1G\xf0\xe7ZO\xd2\x8a\xa6\x81\x06\
\xa45*\xc0\x03\x08UB\xa5$\xdek\x1d\xc6\xa8|\
\x1f\xbe\x8b\xe1-\xe34\x9a\xe2F\x04fbq\x0e>\
\xa9\x92r\x92U\xebw\xac\x82f)\xbd\xf5U\x00\xea\
\xf5F`J\x94\xe3v5\x15^\x033B\x86M/\
\xbdpe\x12\x05\xd8A\xec\x1c\x03P=\xab\xaa\xa2\xaa\
l\xb5\xdbA\x1d|\xf9*\x8a\x08\xad\xd6Ta\x5c/\
\x9f?[T\xea%\xc1\x04\x14\xb9D\xb7J1\xbb\x8e\
z\x8b\xd8\x92\xfb\xaa]\xe5\xd10\xf1\xe7\xaa}!\xcd\
\x87\xfa\x0b\x0c\x17\xfc\x94\xec\xa0:Z-\xfe\x13\xd6\x06\
\x19\xa1;3\xa4w\x1dZ\x17\xb8\xca\x8a\xf5\xd5\x85|\
9$\xe3k\xb1\x81\xaa.1\xfc\xff\xd83\xe80s\
q\xd2~\xbe\x11\x8f\x8eL\x08f0rO\xc2Ze\
\xed\xd2\x05\xc4\x17\x01\xd5j\xd5pla:\xd8j\x1b\
v1r\xf6\x1a72\xc1u\xc0\x8e1\x80f\xb3\xb1\
,B\x0f\x84\xd5\xd5U*2\xa8\x10\xa9y\xe8\xcfy\
\xaa.?\xfb\x94S7UI\xac\xad\xf6\xec\xf7D\xb9\
\x91XR\x84\x94\xb2\xaao\xb8Gm)\xc5\xdd\x9f\xf5\
\x0c#/a\xad\x9a\x0f~\x1f\x0b\x85\xb9\x10\x98\x19\xf8\
c\xf3\x03,\xcaRw\xe0\xb7mC\xae#\x9a\xb7\x8e\
~\x84v\x03C6\xfd6\xf4/:\xccf\xdc\xb2;\
\xd5x\xb3\xa1<\x7f\xf0\xe9\xbf\xeck\x06\x9d\x95\xa54\
\xeb\xdbiV<\x98\xccZ2\x943_x\x18pE\
[\xce\x09\xe8Y\x9b\x94'\xcdlV\x19\x9a\xc1|\xee\
\x9a\x83\x9a\xe0%\xc7\x8e1\x80\x93GN\xae\x82v\x05\
\xd8\xdc\xd8\xa00\x01\x86\x88\xe1\xf0\xa1C\x80#\xbd\xcd\
\xe5%O\xb4\x8e\x09\x84\xd2?'\xe6\x8d\x81\x92\xa1$\
\xea\x22\x05\xa9\xba\xc6\x16\x99\x0a\xb11E\xd4`\xe4/\
'\xe4\xc0\xaf\x10\xda\xf8\xc3\xf6r\xc8\x08\x08\xce\x93\x09\
\xac\x0d\x5c\xd3\xd12\xdb\xd9m-<\xe3#\x04\x5c\x86\
\xe0\x8a5cc\xff\x12\x8cn\x94\xa05L0\x08\x8e\
\xa9\xee[\xde\xbfS,r\xfd>\x90\xcc\xb8\x12\xe2\xc5\
FT\x9c\x22\xf4\x04\xb4\x13\xa77\xe5\xe6@\xa6\xcas\
\x9f\x7f\x18\x808\x8a|q\xd7\x90\xe6!\xaeYhh\
B\x89\x91\xc7Fnb\x82\xeb\x8a\x1dc\x00\x0f?\xfc\
\xb0ZH\x11\xaa}\xe4\x87\xde\xeb\xc5={\xf1!#\
\xb6\x96\xaeT\xe6\xb4\xefg\xb6j\x02\xa0\xac\xf7S\xd4\
\xbaW\xdc\xe2\x98\x81\xc5;\xaeT\xc9;\xd2\xe5\xf5\xfd\
\xb9\x9a\x1f*\xfe#R\x1e\x9co \x882\xe4\x02:\
\x9fW/\x1fS\x820\xb0\xe5\xf7\x92\xd4d\x0c\xe1\x97\
\x18O\xd2\x0e2\xf6\xcb\xe8\xc9F\xfd\xfb\xa1\x06R\xb2\
\xb0\x8a\x9e\x10:\x08\x03\xb4\x8c0\x15\x8d\xbe\x1e\x03U\
r?\xbe\x15\xe8\xa6\x09\xd6*\xcb\xcf>\xe9\x8ek5\
\xbd\xfd/\xc1-\xbb\xff\xfb\xfdAp\x97\xa2\xb5z\xed\
\xcb\xe3\xefx\x82\xeb\x85\x1d\x0d\xc1\x18#\x0f\xa9B\x92\
$l\x85\xa1\xc0@\xb4\xce\xcd\xcd!>\xad\xd4\xf6\xbb\
\xac_\xba\x88\xf5\x0d:\x06\x99\x93\xb4\x1a\x1c\xb7\x95X\
?\xd9F\xa9\xde\xa7\xea;\xfa\x084b)\xcc\x02w\
H\xa8\xf6\x07\x1e\x7f\x09\xb5\x03\xad\xec\x17B\x9d\x0d\xe0\
\xb6\x89\xb0\xdc\x1bx\xa1Z\x16.A.\xdd\xb7\xb7\xe0\
\xab\xc4\x9b\xcf#\x98_#\xff\x7f\x9c\x84\x0f\xf6\xd0a\
R\x07\xf9\x1a\xaa\xff\xb81\x88\xc0\x9ef\x8dx\xe4J\
\xc2F\x12\xf4\x09\x04zY\xc6\xc6\xea\x15:\xab\xcb(\
0==]\xf1i\x84\xf7\xd4\xf5\xb3\x06\xb9\x11\xeb\xa0\
\xd1h\x5c\xf9\xba\x077\xc1K\x82\x9d\x8d\xc1\x8a|X\
\x01\xb5\x96\x95\x95\x95\x22\x04W\xbe\xb2\xcaT\xab\xe5g\
\x94\x11D-\x17\x9fy\x1c\xf5\xd2\xbd\x9feh\x1e\x0e\
\xf4\xf1\xfcn\xa6E\xcb\xedRZ;\x86!\x08S\x9e\
\x01\xa8\xf8\x890BB/\xae\x0ay.\x02P\xf15\
\xe4\x0b9s\x09aQ\xd6z~\xba\xf1\xfc\xca\xa1\x9d\
0D\x1a\xc3J~\x91\xe6\x13\xd8\xdb\xc3{\x97#\xd4\
1\xdb\xf2\xbb\x1d\xbd\xca\xf0\xb9\xc6\xed\x11*\x02\x87\xa7\
\xeb#\xdb\x01\xd6s\xf3\x06\xd744U8\xff\xe4\xe3\
\xd8^\x0f\x11a\xaa5U\xb1\xfbC\xe7BR\x98\x00\
\x8a\xa2\x17\x9a\x8d\xe6\xeel\xde\xf0\x0d\x84\x9d\xd5\x00\x1a\
\xe6\xd3\xa2n&\xeas/<\x1fl\xd1B\x0bPU\
\x0e\x1e:\xe4\xd7Y.<\xfe(\xf9\x94\x9d\xbd4#\
\xf3\xfb\xe6/V\xaan\xd2Ok\xcb\x99n\x8a\x9e\xf7\
V\x99m\xf8\xbc\x02\xaai\xc8\xfe\xaa\x85\x8f\xc1[\x11\
\x15?@!\xe9\x19:\xc6\x8f3\x03:\xc5d\x1a\x81\
\x0a<\x86\x06\xc7\x91\xe5XY=N\xff\xd7p}9\
\x22\x17\xef\x0f\xa3\x0f\xc3\xf2;\xff/\xd4D\xb4B\xa4\
\xe0^\x8a\xc5\xba\xeb\xb8\x14\xe6\xf4[\x11\xb6r\x07 \
\xeaB\xb1\x16\x1e\xff\xfd\xdf\x06\x9b9\xe7_\x91\x02\x5c\
\x1d\xc5\xa0_\x8d\xf6\x89\xf0\xf8\xd9g\xce\x0e\x98`G\
\xb1\xa3\x0c\xa0\x11\xd7\x9eU\xd1\x0d\x80\xcb\x97/;_\
\x80\x96\x92;\xa7\x88cG\x8f\x91\xbf\x9d\xe7\x1f\xff\x02\
Y\xe2\x08\xbc\x9fY\xdf\xba\xba$^Q\xe5J{P\
\xf5\xe8[G\xd0\x190U\x8b\x9cz\xaf%\xe1T\x09\
:\xf7\x9a\x97d\x92\xa7\xccT\xa3\x0e\xa5\x99Q\xec/\
.<Y%\xd4k\x18\xfec\x084\xccB\x18\x15\xd3\
\xe1\xfa!\xaa\xf5\x9be\xe8n\xdc\x00\x03\xe7\xe1\x10\x97\
\xa9\x9c\xd6\xf3\x82}\x8d\x98z.\xc5\x83\xfd\xdb\x99%\
\xb5\xa5w\xa1\xdd\xef\xa3\x9ar\xf9\xcb_@E\x99\x9e\
\x99\xc6\xe4\x9d\x82$`\x1eR6w-.'|v\
\xdb\xc72\xc1u\xc3\x8e2\x80\xe6T\xeb*\xc2W\x01\
\xd6\xd7\xd7\xe8t\xc77\xf58x\xe8\x10q\x1c#\xaa\
\xac\x9f;K{u\x05\x05Rk\xe9\xa5Y\xa5\x00G\
\x15\x96z\xa9K\xec\xb1\x8a\xb5y\xc3O\x17\x83n\x1a\
_B#RI\xfa\xb1\x81\x9d\xef\xceS\xb5\xbc\xc7i\
\x0a!\x14\xd8\xf4\xf1\xff\xf1\xfdpK\x8ce\x09a\x04\
\xe0k8\x0c\xb7;\xd1\xb0\x91P\x9e\xab\xea\xdb\xd8\xf6\
4~\xe1\xf8l\xb3\xa0\xd2p\xba\x96\xd5^\x1a\xb0C\
\x18\xa4)W\xce|\x85\xde\xda*(\xcc\xcd\xceU\xfc\
\x9d\xa1q\xd3\xeet\x08\xcc\x22\xab\xe8g\xbe\x8e;\x9c\
\xe0%\xc6\x8e2\x80sO\x9f\x1b |\x0c \xcdR\
.]\xba4B\x80\x003\xd3\xd3\xec\xdd\xbb\x17\x80d\
s\x83\xf3_\xfa\x82\x93\xe8Vi')E\x1a/N\
\x82g*\xac\x0f\x14\xb5.Nm\xad\x066\xbb\xd2\xaa\
\x99\x82P\xf3\x0a@\xb7%\xbf6\x01!+X\x8a\x18\
{9\x8dv\x95Y(\xcaz?\xa9:\xfb\xafA\xa0\
\xe1\xda\xbc\xfa.G\xa8\xfd\x94\x07z\xa6\x15\x1e:\xcc\
\x85\xa0\xd08\x9c4/Ex\xe9o\xd0\x11\xe2\x0c\x07\
\xdc\x10\xe1\x80\x0f\xff\x85\xe3\xb0\x22>\xbc\xe9\xae\x9bd\
\x19\x19\x96'>\xf4{0H\x88\xa2\x88\xa9F\x13\x93\
\xdf\x8b\x04]\x86\xa5j\x02X\xb5iT\x8b\xbe8\xf6\
qLp]\xb1\xe3\x85\x18\x22\xf2\x07\xea\xc4\x02g\xce\
|\xb5\xe2|\xcb_pc\x22N\x9d\xba\xc9\x13\x80\xe5\
\xa9\x8f\xfc.\xa0X,\xed4-r\x02B\xab\xf7\x85\
\xcd^\xc5~\xb7\xde\xb6W\x85\xc5FL\xe1\xbd\xb7\xe3\
\x88\x9fr\x9d\xe6\xcbe\x9aru\xa6\xdd\xd2\xd4h\xe7\
\xb3\xe2V\xce\xf8\xb5P2\x94\xdc\x1e\xdf\xceo0\xea\
}\xa8\x90\xf1\xf8\xfde\xe8{\x80\xd1c\x94c\xd3\xf5\
\x11\x0bC\x81\x9e\x85$w\xa6\xe0\xd4\x7f\xc92\xbe\xf4\
\xbb\xbf\x89`\x99\x9f\x9b\xab\x98;\xa1C\xb3\xd7\xedV\
M!\xe1\xab\xd3S\xcd\x0bc\x87<\xc1u\xc5\x8e3\
\x00\x8c\xf9\x9c\x22[ \x5c\xbax\xa1 Z(\x09P\
D9~\xfcx\x91`r\xf1\xb1\xcf\xd1o\xb7\xb1\xaa\
\xf4\xb3\x94\x9e\xb5\x15\x15^TY\xed\xa5\x0cpME\
2uQ\x83\xdc)\xb8\xafU\xb6 \xd3@\xaa\x8e#\
\xfe\x9c=\x94$*\xc1\xf7\x90)PF\x1f\xfc9J\
v4\x8e\x19T=\xe4P\xb5\x99\xc3\xdd\xc6\x9fa\xc8\
@\xaf\x8e<H\xad\x1e>YH\x88\x81\xde!n\xca\
\xaf\x13\xb3\xcd2\x87\xdf\x13\xbf\x05.w\xfa%\xe3\x13\
\xd8\xec\xf7X:\xf3\x0c\x83\xd5\x15\x10aaa\xc1\xf7\
\xfc7A\xe8\xd3i7\x9b\x9b[\x80\x9f+\xc0\xa9\x05\
\xff\xf5\xd2\xd9\xa5\xaf\x97CN\xf0\x12b\xc7\x19\xc0\xec\
\xde\x99\xcbbx\x18\xdc\xac\xb2\x97\xafT\x1b\xc4\xe6\x95\
q\xb3\xb3\xb3\xec\xdb\x7f\x00\x11\x18\xb47y\xe1\x0b\x9f\
+\x8aK6{}\xc2\x0c}G\x84\x86\xa5^J\xea\
\xb3\x06S\xef\xa5\xcf\x00\x83-f\xb6)&\xf4\x18\xb2\
\xdd\x8b\xc2\xa4Q\xbfY\xc0\x0c(\x88$\xc5\x95#\x97\
\x8e\xbck\xa1\x9c\x1cc\x88$G\xbe\x85r~$\xbe\
>\xd6\xc1(\x95\xffu\xc8L\xc8ip\xf8HA8\
:S\xa7\x19KiY\xf8\xcf\x9eU\xd6\xfae\x1ao\
\xdfZ\xb2\xcc\xf2\xf0\x07~\x0d\xb5\x96\xe9\xa9)\xa6\x9a\
\xad\x22_#'\xfc<\x22Pq\x00ZM\xa2\xc8\xfc\
\xf6\x98\x81O\xb0\x03\xd8q\x06p\xf1\xe9\x0bY\x1c\xd7\
\xde\x97\xdb\x8c_\xfc\xe2\x17FwR\xd7)\xe7\xee{\
\xeeq\xdfm\xc6\xa7\x7f\xfd}.\x9b\xcfZ\xd6\xfb}\
\x8a\xc6[\xa5\xfd\xc0\xc5\xcd\xbeO\x03V\x9f<\xa4\x85\
\xea\xbf\xaf\x19\xbb\xf8c\xee\x1f\xd7\x9c\xd4\x86c\xf7\xc3\
\x0e\xc0\xe1\xf2`\xb7\xce1\x9a|\xed0I\x8f-\xf7\
q\xdf\xb6s\x18\xf8Uc|\xfd\xe5\xb7q>\x80`\
\x0f\xcd\xa5\xae\x1f\xf98\x13@pvz\x0d89\xdb\
\xf2\x0c\xaf\x9a.\xbd\xd4M\xc8rkB`\xbd\xd3f\
\xf3\xca%\xbe\xf2\xa9\x8f\x01\xca\xa1\x83\x870\xc6\x04D\
_j3I2 \xb3Y1~+\xbaR\xab\xd7\xc6\
\xfc\xc8\x13\xec\x04v\x9c\x01\x00\x98\xba|@\xd1D\x10\
\xce\x9e}\xbe\x22uC\x83\xe0\xd8\xd1c4\x9a\xce\xd1\
\xb4\xf4\xe5G\xd9ZY\xc1Z\xe7\x90\xea\xa6\x19Vm\
P\xd5\x07\xdd\x0c63O\xfcP2\x01U\x0eL\xd5\
\x9c\xcc/\x9c\x80%\x81\x84\xd7\xae&\x0bU\xcd\x93\xf0\
/\xd5j\xd1Q\x1e,\x1b\x95\xb4\xe5uJY=\xce\
\x7f_\xfd6\xbaV):'\x8dy\xa6\xe3L\x86p\
\xe6\x9fB\x9f\xf0L\xe6\xc8tL\xd3\xbf\x0d\x85%\x22\
`\xc5\xb0\xd2M\x8b\xfb\x19d\x19\x9d~\x9fG~\xfb\
7\xe8^]\xa5^\x8b\x99\x9aj\x95\xf1\xff\xa1~\x80\
+\xab\xab\xc5\x03Q@\x0c\xbf\xbdzqu\x92\x00\xb4\
K\xb0+\x18\xc0\xea\x85\xd5\x15\x22>\x07n@\xcf\x9d\
}\xaet\x8ci\xe9\xde\x8b\xe2\x88\xbb\xef\xba\x07D\xa8\
Y\xcb\xa3\xbf\xf1\xabN\xc2\xa3\xacv{%\xb1\x06\xce\
\xbf\xe77\xfa%\xf1S\xd6\x00\xc4\xa2LE\xf9^\xee\
\x0a\xe0\x8e\xcd\x9d\xee\xc3\x16\xf6\xc8_\xb0\xc3 \xb3T\
\x95\xf4\xed\xed\xffq\xa9\xb2\xe1\xd6?\xda\xa6\xf1:\x02\
\x94}\x04G]\x0a\xb9=\xee\xbe\xd7\x22\xe1\x96\xc5)\
\xcf\x10B\x07',w\x13TJ\x96\xb1\xdeic\xd3\
\x94G\x7f\xfb\x03\x80e\xff\xfe\x03E\xec?\xef'\x98\
\x9f8I\x13:\xedv\xc1\xe8\xac\xaa\xad5j\xbfx\
\x8d\x9b\x9f\xe0:cW0\x00\x80z\xa3\xfe\x7f8\x9b\
Z\xf9\xecg?]%0-\xddow\xddy\x17&\
r^\xfc/\xfd\xd6\xbf'\xed\xbb\x19w7\x06\x03\x06\
a,\xdf{\xf4\xba\xa9\xb2>\xb0\x8e\xf0\x0bS\x00\xd4\
\xe6\xe9\xae\xb9\xb3+p\xe8\x8d\xb1\xfbCw`\xa8\xe9\
\xe7\xbe\x82\xd4\x96\x8c\xa3\x14\xdb\xa3\x16~~\xae|^\
\xc3\xe0T~aXM\x1f\xf5(\x84\xfaCEG\x18\
w\xbe\xe0\xbb\xb3\xff\xf3*\x05\xbf^\x84\x9bf\x1a\xb4\
\xc2&\x9e\x1e}\x0bK\xddAq\xfa\x14e\xab?\xe0\
\xcb\x1f\xfa=\xb2\xadu\x1a\xf5\x06{\x17\x17\x83\xa9\xdd\
r-\xc0]qmm\xddwv\xf6\xfa\x93\xea9#\
\xf1\xa4\x00h\x17a\xd70\x80\xa3\xfb\x8f\xfe\x96\xa2]\
\x10\xd676I\x92\xc1\x90\xbd-^\x0b\xa8q\xdf}\
\xf79I\x93$<\xf2[\xbf\x8eU%\xb5\x19W:\
\xdd\xb2L\x18\xc8\xc5\xf8\x0b\x1b\x03\xef/\xd0\xd2'\x80\
2S\x8b\xa9\x07\xbe\x03\xc7t\x86\x9c\x81\xc1\xa7\x0e}\
G\xf1~\x04\x82P$\xa3\xde\xfdq7<\xe4\xc4\xd7\
q\x14\xeb\xaf\x94\x0b\xe5\xaa\xc9?2\x9a\xca\xf9B\xf3\
b\xd4yX~\xec\xadG\x1c\x9f)\xf3\xfe\xc3{X\
\xea\x0eH\xac\xdb\xcf\x1aXio\xb1\xb9\xbe\xca'\x7f\
\xf5\xdf\x80Zn8r\xd8\xcf\xc5\x90\xe72\xe4\x97\x14\
\xc4\x08W\xaf\xfa>\x0f\xe2\xc7n\xf8\xe0\xcc\x81\xa9\xcd\
q\x8fc\x82\x9d\xc1\xaea\x00\x8f=\xf6\x98\x95F\xf4\
\xef]hJ\xf9\xec\xe7>K\x85trS@\x94\xbb\
\xef\xba\x87z\xbd\x81Ax\xe4\xdf\xfd\x02\xddn\x9fL\
-W\xbb]\x06h\x99\x06\xec\xa94U\xb8\xd4N\x8a\
\xfc\xfe\x22)\xc8Z\x8e\xcc6\x9cF\x90\x13\xd9\x18?\
@\xd5\xed'%\xf1\x07\xfbT\x9bd\x05\x9e\xf8!\xa2\
\xdcV\xc1\x0f4\x82\x91L\xc2\xed}}\x95\xeb\x85\xd7\
\xa8\xdcE`\xd3\x17\xad\xc3\x05\x22\xe0\x9e\xfd\xd3D&\
\xb0\x07<\x06\x16Vze\x0f\xff^\x92\xd0\x19\xf4y\
\xe4?\xffG\xd6/\x9c%2\x86\xc5\xc5=\x81\xea_\
=E{kk\xc8\x84R\x9a\xd3\xcd\x9f=\xfb\x85\xb3\
_\xf3n&\xb8~\xd85\x0c\x00`nf\xf6\x1f\xa8\
Z\x15\x81'\x9f|\x92\xc8T\x87\xe7^^\xe7\x0bx\
\xdd\xeb^\x0f\xaaD\x83\x84\xc7\xfe\x93\x8b\x08dj\xb9\
\xb8\xd9&\xd5!&\xa0\xca\xd5^B?-3\x03s\
_\xc0\x5c-\x22\xef{\x11j\x1b\xee{\xae\xba\x0ei\
\x00\xc1\xf7\xfc\xb8,\xe8\x93W!\xfc\xb1Z\xc06n\
;-\xb9\x80\x84\x17\xb8\xc6Q\xdbm\x93\xa1\xb5\xa1c\
\xcfm\x11N\xcf7h\x05\xf7S\xde7\x9c\xdb\xea;\
\xedF\xc459\xe9\xb4\xb1\xbd.\x9f\xfd\xb5\xf7!\xc0\
\x8d'n,\x18I\xa9\xfa\xfb\x86+\xaa,//\x17\
L\xdb\x17bu\xe2(\x9a\xa8\xff\xbb\x0c\xbb\x8a\x01\x9c\
\xff\xea\xb9%5\xf2\xb0b@-\x8f|\xfe\x91*\xa1\
\xa9g\x02\x02\xa7N\xdd\xc4\xde}\xfb@-_\xf8\xb5\
_\xa6\xbb\xb6\x81Ues\xd0\xa3\x93f>\x1aPR\
\x90\xc5\xf0\x82\x0f\x0bZU_'\xa0\xa8\xb5\x1c\x9bi\
\x04\x85>R!l\xa8\x12\xbf2^]\xcf\x93\x80\x86\
)~\xb4\x1c\x7f\x94(\xb5\xf8\x12z\xe9G\x8f\x1a\xe2\
)\x81\xd9\xafC\x1bF5\x02\x19\xda\xbc\xb7n89\
\xdb\x1c\xda\xe2\xce\xb3\x9eZ6R\x9f\x1f!\xc2\xd5\xf6\
&\xfdd\xc0\x1f\xfe\xeb\x9fFl\xc6\x9e\x85E/\xfd\
Ma`\x84\x9d\x8e677\xe9v\xbb\x81F\x03*\
\xfa\xb1\xa9\xd9\xa9I\x03\xd0]\x86]\xc5\x00\x00\xa6\x16\
f\xbf\xdf\xda\x14\x04\x1ey\xe4\x11\xd0j\x5c\xdeU\xfc\
A\x14\x1b\xde\xf4\xa67#b\x88\x92\x8c\x0f\xff\xcc{\
\xb1*\xa4V\xb9\xb0\xb9Q\xc4\xe5\xadw\xd2\xa9\xba6\
aW:\x09\xd6\x96\xce;U\x98\x8a\x0c{\xeaQA\
\xdcy\xbf\x01\xc8\x8934\xd6+\x1f\x85\x96\x11\xcec\
\x08\x9e\xacr\xba,\xe8\xb3j\x99W\xf6\xa5\xba\xef8\
l\xa37T\xce\xbb\xfd\xc1\xa5cb\xa1f\xb8k\xcf\
\xd4\xd0Y\xdc}\xf4-\x5c\xec\xa4\xe4\xc1\xc5~\x96\xb2\
\xd5\xefs\xee\xf3\x9f\xe5\xf3\xff\xed71\x02G\x8f\x1e\
u9\xff\xb9\xee?\xd4\xe7\xec\xd2\xa5K\xd5\x5c\x0aU\
Ll\xde\x7f\xe6\xf13UKi\x82\x1d\xc7\xaec\x00\
W\xce\x5cxJ\x8d|V\x11\xac\xcd\xf8\xfc\xe7\x1f\xf5\
*\xea\x90N\xac\xb0\xb8g\x0f\xf7\xde{/*\xca\x85\
\x87>\xc6\xf3\x0f}\x14\x8b\xd2\xb3\x19\x97\xbb\x1d\xef\x98\
\xd3\xb2\xa3\x8f\xc2fb\xd9H2\xef\x07\xf0\xa6\x82\xb5\
\xdc0\xd3 \x961\xd2\xbe4\x04\xdc\x92\x8c7\xc9\x9d\
\x1d\x1dD\x02F0D\xa4\xea\x1c\x0f\xa14\x1fw`\
i\x0a\x94\x04\xb6-\x8f\x08\xcf\x87\x09\x08\xb3\xd4\xff\x1b\
\xc6p\xfb\xfc\x14\xad\xc8\xad\xaf\xa8\xfe\x02\x97\xba\x09\xbd\
\xcc\xdds\xaa\x96\xa5\xf5u\xb6VW\xf9\xe0\xbf\xfe\xbf\
\xd14\xe1\xe4\xc9S\xdaj\xb6J\xa7\x1f\x8e\x01\xe5\xc3\
\xdf\xda\xda\xd24\xad\xb6\xfa\xb7\xaa\x1c<x\xe0?n\
7\xec\x09v\x0e\xbb\x8e\x01\x00\xcc,.\xbc[\xadE\
Dx\xe4\xf3\x8fb5\x0bRs\xcbW\xd6\x88p\xc7\
\x1dw\xb2\xff\xc0AD\xe1\x13?\xf7\x93t\xd6\xd6I\
\xad\xb2\xd2\xed\xb2\x9e\x0c\x9c\x16@.\xa9\x9d\xed\xbf\xd2\
O\xe9\xa4\xb6H\x1c\xb2\xaahf95\xd7r\xaf\xb2\
\xa7\x99B\xba\x17W\xac\xae\x0bU\xf2H\xa4\x94\xf4\x85\
\xbe\x1e\xce\xe2G\xb1w\xa5c.T\x08\xa9`\x22l\
/\xd1C&Sa R1B\x0a\xaf|\xce\x02\x0c\
p\xcf\x9e&su\x03\x98\x80\xaf8\x82_\x1fX\xd6\
\x13'\xa4-\xcaZ\xc71\xd1\xdf\xfd\xd9\x7f\xc9\xd2W\
\x9ed\xaa\xd5\xe2\xc0\xbe\xfd\x22\x22.\xf4WT\xfe\xb9\
{N\xb3\x94\x0b\x17.\x0cs:\x14\xfb\xfc\xb3O<\
\xbb\xb5\xcd\xedL\xb0\x83\xd8\x95\x0c\xe0\xf2\x99sg4\
\x92\x0f\x02\xa0\x96\x8f|\xf4#\x80\x94}\xf9\x02&\xd0\
jMq\xff\xfd\x0f\xd2h6\xe9.]\xe6\x93?\xff\
/|\xb8O\xb9\xb4\xb5E7\xcb\x5c!\x90j!\xf5\
S+,\xf5S\xfaV\x0b\xa6\xa0\xaa\xd4\xd4rx\xaa\
Q)\x10\x1a\x12\xd1~U\xd5\xbf\x0d\x10\xe7\xc92\x9e\
3T,z\xcf\x10B\xf5>'b\x19\xe9\xc9?\xde\
L\x18QM\xa8\x12\xba\xc8\x98\xf3\xe7\xdb\x8cS\xd7O\
\xcf7X\xac\xc7\x15\x7fB\xee\x00L\x15\xcew\x12\xef\
\x87\x146{=\xda\xfd\x01\xcf|\xf2#|\xf5c\x7f\
H\xa3V\xe3\x8e\xdb\xef\xa8\xa6\xfb\xe6\xdc\xc5ciy\
\x89\xc1\xa0j\xe6+ \x86\xdfb\x82]\x89]\xc9\x00\
\x00\x16\x8f,\xfe\x05k\xdd\xd4\xba\xcf~\xf5\xabll\
\xacW\x88\xbf\xd4\x04\x94\xc3\x87\x0fs\xdf\xbd\xaf\xc2\x18\
\xe1\xdc\xa7?\xc6S\xbf\xf3\x9bXu\x0d+/\xb5\xb7\
\xe8[\xd7#\xa0l\x16\xaa\x0c2X\xeeg\xf4=S\
\xc8\xeb\x05\xe6c\xc3|\x5c\xd6\xc3W\x1d\x82\x12,U\
\xa7\xd6\x8a\xa2\xd19\xf4J\x94\x0dBK\xa5\xbc\x8c\xcf\
\x8b\x86\xebJ\xc2\x0f\x8b\x9c\xc3\xe3\xc2kT\x99@\xb0\
\x87\x80\x88s\x98\x1a\xe0\xf8T\xcc\xb1\xe9\x86\xf7q\x98\
\xca}%\x0a\xcf\xb7\x13\xacw\xfau\x92\x01\x9b\xbd\x1e\
\xbd\xcd5~\xf3\x7f\xfbqP\xcb\x8d7\x9e\xd4f\xa3\
\x19\xde\x8d\xbf\x86\xcb\x9b\xe8v\xbb\xba\xb2\xb2<\xf2\x00\
TQ\x13G\xffe\xbb\xdfy\x82\x9dE\xb4\xd3\x03\xd8\
\x0e\x1bK\xeb\xdd\xe6\xdcT\x0b\xabo\x02\xe5\xec\xf3g\
\xb9\xeb\xce\xbb\xcb\x1d\x82\xa2\x13E9p\xe0 \xeb\x1b\
\x1b\xac./\xb1\xf6\xdcW8p\xeb\xddL\xef\xdb_\
L \xd2\xaa\xd5\x0a\x22\xc9\xc98SH,4\xa2\xf2\
U\x5c\xc2w\x00\x00 \x00IDAT1(J+\
\x8ah\xa7\xb6\x9a\xdc\xc3\xb6f:\x00}\xb5l\xf4]\
?\x80\x0aq{\xd3\xa0\x90\xd2T\xbd\x01\xa5\x96P\xda\
\x03\x12\x9c%\xcf\x8b\x10\xaa\xe7\xc9G\xe4\xd6\xab\xf7\xc8\
SHh#\xbe\xc8G\x84#S17/\xb4\xfc\xf5\
\x05\x8c\x7f\x06\xe2\xaa#/\xf72\xb6R\x97*\x9d\x0a\
\x5cZ_gce\x89_\xff\x9f\xff6\xed+\x179\
y\xe2$\x87\x0e\x1d\x940\xc7\x1fBML\xf4\x89'\
\x9f\x90,\xcb\x8a{\xc8\x91\xd9LN\x1d?\xf5\xdf_\
\xb9r%\x1b\xff\xe4&\xd8I\xecZ\x06\x00\xd0\xef\xf4\
?\x187\x1b?\x12!\xd3\x89o\xb6q\xf8\xe0\xa1j\
\xbd\xb9[\x00\xe0\xc4\xf1\xe3\x9c}\xfey6V\x96Y\
?\xff\x1c\x87\xeey\x80\xda\xd4\x14\x83,C\x04Z\xb5\
:\xc5\xeey\xb5\x9a*\x03ki\xd5\xbc\xd4\xf7\xaaz\
\xb3\x16\xf9\x16\xe3\xdb\xbb\xe55\xf8/\xb1\xcaZ?%\
\xac\xb1\x0f\x89\x1f\xaa\xb9\xf9\xa56\xa0C\xdf\x87$\xbc\
Rt\xf7\x19=\xb6\xd4,L\xaeax{\xdc \xd4\
\x0c\x1c\x9d\xaesr.\xec\xd4S\x0c\x0e+p\xa5\x97\
\xb1>\xb0\xa88_\xc9\xc5\xf55z\xed6\x1f\xfc\x99\
\x9f\xe0\x85\x87?\xc9\xfe}\xfb8y\xf2dE\xed\xcf\
\x1d\xab\xf9\xed/\xaf,\xe9\xd5\xb5\xab\xc3\xb6\x0c\x00V\
\xec3\xe7_8\xff\xaf\xae\xf13O\xb0\x83\xd8\xb5&\
@\x8e\xd6L\xe3/\xe4m6\x1f}\xf4\x11V\xaf\xae\
\x0e\xcd\xe3\xe7by\xa2\x0abx\xc7;\xbe\x1d\x89b\
.}\xf91\x1e\xf9\x95\x9f\xa7\xdf\xe9c5c\xa5\xd3\
a\xb9\xdbv\x13\x85(\x95\xc8@7S.v\x06\x0c\
4w\xf0)\x0d`\x7f#&\x96\xd1\xfa=\x87\xc0\x10\
\x17\x88#\x17\x137Z:\xdcJ\xd5\xbe$~\xf7\xe9\
\xc6+\xde\x9b(\x8a\xafRr\x7f\xe1q!\xc1\x17^\
;\xd5!\xa6P\x16\xe2\x08B$\x8e\xf8O\xce68\
>[/4\x9e\xa2\x05\x1aN\xf2_\xe9\xa6l$\x19\
\x88K\xa2\xba\xbc\xb9\xc1 M\xf8\x9d\x9f\xfa\xdfy\xea\
\xc3\xbfC\xcd\xd9\xfdj\x8c`$\x8f*\x04\xd5\x87\x02\
\x9d\xf6\x96>\xff\xfc\xf3\xc6'iT\xa0(\x18\xfe\xe0\
Ex\x0d&x\x89\xb0\xab5\x00\x80\xceF\xe7L\xad\
\xd58-\xc8\xdd\x82p\xfe\xfc\x05N\x9f>\x8dx\x82\
\x83\xdc\x0c\xf0\x04\x16E\xdc~\xdb\xed<\xfe\xe5/\xb3\
\xfa\xdc3Hf9|\xcf\xfd\x88QzIJf-\
\xadF\xa3\xf2\xae\x8a\xba9\xef\xdbiF\xcd8\x02\x02\
h\x88\xb3\x89\xbb60\x05J\x1d\xbe\x02\x0b\xacw\x13\
\xaa\x93\x82\x0a\x06\xc5\xa8\x93\xc8\xc3\x8e\xbe!\x81\xec\xf6\
\x97R\xc5\xcf\xd3l\x0a&\x229\xb1\x97R\xdf\x14\xc7\
\xb8\xcfH\xa0f\x84[\x17\x1a\xeco\xd5\x5cO>\xca\
\x88\x83\xfa\x8b-\xf736R\xf7\xd4\x12\xb5,\xb7\xb7\
\xe8\xf4\x07\xfc\xee\xcf\xfc\x04O\xfe\xee\x07\xa8\xd7b^\
\xfd\xaaW\x11\xc7\x91\x08\xc1\xac\xcaJ\xc1D\x92\xc1@\
\xbfz\xe6\xab$\xe9`\xdb\x02\xc7(\x8e\xfey\xbf\xdb\
\x9fd\x00\xeeR\xecz\x06\x00Pk\xd4>\x8c\xc8_\
\x11\x91\x99\xfe\xa0\xcfV\xbb\xcd\x89\xe3\xc7\xdd\xc6 \xc1\
%'\xa8(\x8e\xb8\xeb\xce\xbbx\xe2\x89'\xb8\xf8\xe5\
G\x89M\xc4\xfe;_\x85\x88\x9bT\xb4\x97$L5\
\x1aN\x1aK)\xd3\x14\xe8Z\x8b \xd4}\xf7\xe0\x96\
1dV\xe9\x8d\xa4\xb0\x84E6\x0a\x22\xacw\x13\xac\
\xe6\x84\xe9\x18\xcb0\x11\x0f\xab\xe9%a\x97>\x02S\
0\x86j\x96]~\xac\x09\xce\xe5\xdap9{\xdf\x88\
\xd0\x8c\x84\xbb\xf66\x99\x8d\xe3\xd2\xd4\x09\xe3\x8dFX\
\xe9gl\xa6\x16\xf5\xc4\xbf\xb4\xb9\xc9Vo\xc0C\xff\
\xe1\x97y\xe4\xd7\xfe\x0d\xcdF\x83;n\xbf]\xa7\xa7\
gdXI,\xda\xae\x81>\xf3\x95gh\xb77K\
\xd2\xcf\xb9p\xb1/:=\xd3\xfc\xfb[\x1b\x9d\xf5?\
\xf2\x8f>\xc1u\xc1\xcb\x82\x01$\xfd\xa4\xdb\x9cj=\
\x9ee\xd9\xf7\x191\xb2\xbe\xbeF\xbd\xde`\xdf\xbe}\
~\x8f\x5c\xc2\x95\x22U\x8c\xe1\xd4M7q\xf6\xb9\xe7\
8\xf3\xe8C\xd8\xad\x0d\x0e\xbf\xfa\xf5\x80\xeb\xde\xd3M\
\x13\x9aq\x8dH\x22\xc2\xe9\xb3T\x85\xbe\x9fT\xa4\xe9\
=\xfb\xd35Cb\x95\xbe\x0d\xde\xee\x8a&\xe0\xdag\
wz)\xa9\xaf\x9e\xcb\x89\x9f`\xb7\x90\xc8+)\xb4\
\x1e\x86*\xad\x16\xaa=\x8e\xb8+\x84\xef\xffD\x5c\x12\
Rd`\xb1\xee2\xfcb\xf2,\xbd\xe0\x82\x80\x8a\xb0\
\xd2\xb7\xb43\xeb\xa7L\xb3\x5c\xda\xd8\xa03\x18\xf0\xc8\
\xfb\xdf\xc7\xc7\x7f\xf9gh\xd4\x1b\xdc~\xdb\xed,.\
.\x8e:\xfd\xf2G\x84\xca\xf9\x0b\xe7YZ\xba\x92?\
u7\xe6\xca\xfe\x8a\xc5nL\x1f\x98y\xef\xc6\xd2F\
53h\x82]\x83\x97\x05\x03\x00\xd8\x7f\xc3\xfe\xe7\x92\
\xde`\xda*o\x10\x85\xe5\x95e\xf6\xec\xd9\xc7\xec\xcc\
lI\xf4\x01\xf1 B\xad^\xe7\xf0\x91#\xac,-\
q\xf6\xf3\x9fc\xed\xfc\x0b\xdcx\xff\x1bQc\xc8\xd4\
\xd2MSjq\xe4f\x0d\x1e\xc2\xc0*\xdd4\xa3\x11\
G\xc4\x023\xb1!\xb5\xd63\x81j\xc0]\x00\x15\xa5\
\x9fX\x06\xa9\x16\x04[\x91\xd6\xf9\xee\x12|\x17\xef'\
\x10\x0a\xd5\xbf\xba\xafT\x98\x00\x04\x1e~#\x18\xe3\x12\
\x90b\x81\xe33un\xf4e\xbdE\x9an\xf90H\
\x80\xa5\xbe\xa5\x9b9\xe6\xd6\xb7\x19\xe7\xd7\xd6\xd8\xdaj\
\xf3\xd0\xbf\xf9Y>\xf9\xbe_\xa0^\xafs\xdf\xbd\xf7\
\xea\x9e\xc5E\x19\xd6\xe9s\x1f\x02 \xddN\xd7>\xfd\
\xccS&\xdc\xa3^\xaf\xbb\x9c\x82\x22L\x0bV\xec\xd9\
\xf9\x85\xf9\x9f\xbez\xe5\xea\xf6\x9e\xd4\x09v\x14/\x1b\
\x06\xb0\xb1\xbaa\xe7\x0e\xec\xfd|:\x18\xdc\x07rS\
\x96f,-/q\xf8\xc8\x11\x9a\x8d\x06\x84/=%\
\x115\x9bM\x0e\x1c8\xc4\xd2\xd2\x12\x97\x9e\xfa2+\
\xcf\x9f\xe1\xc8\xdd\xaf&n\xb5\xc8\xd4\xd2N\x12\xc4\x08\
\xf5\x9a\xeb\x14\x1c\x16\xddg\x08\x9bIJ\x06\xd4\x8da\
66\xc4Fi\x17\xcd\xff\xaa\xed\xb82\xab\xf4S\xeb\
\x13\x81B\xb5\xbf\xaa\x89\xe7\xe3\xab(-\x15\xcd \x97\
\xf8\xa1s\xcf1\x89\xc88\xe2\x8f\x0cD\xc6\xd0\x8a\x84\
\xd3\x0b\x0d\x16|\x14\xa3\x22\xf9q\xf6z;SV\x07\
\x19\x89\x05D\xd9L\x07\x5c\xdc\xd8`\xed\xd2E>\xfe\
\xf3\xff\x82\xc7\xfe\xbf\xdf\xa0^\xaf\xf3\xfa\x07_\xa7\xb3\
33\xe2\xdc\x94U\xe4m\xd3\xba\xdd\xae\xfd\xe2\x97\x1e\
3E\xe7$\xa0V\xab1\xd5l\x92d\xa9\x9f\xe9\xd9\
\xc1\x1a\x9e\xb8\xf2\xfc\x95_\xfe\xba\x7f\xe4\x09\xae;^\
6\x0c\x00\xa0\xb3\xbe\xd5i\xce\xcd<\xa6Y\xf6M \
{\xfb\xfd\x1e\xcbK\xcb\xdcx\xf2$\x911\x85\xb4\xcc\
\x112\x81\x93\xa7Nq\xf1\xe2E.<\xfd$kg\
\x9fe\xffm\xf7\xd1\x9c\x9dq\xb5\x03i\xc6V/\xa1\
Q\x8b\x89$\xd7\x06\x9c\xc3K\xc4\xd5\xc6\xf7\xb2\x8c\xd8\
\x18\x16bC3\x12:^\x92\x86\x172\xc6\xd0\xed'\
\x80)5oON\x15g\x1e\x81? _'\xe5\xba\
\xd2\xd9\xe7$|\xe1\xe43\xe2\x89_\xa8\x19\x17\xdf?\
>S\xa7^\xe9\xc6[j@\xa9*\xeb\x89e3\xb5\
X\x04\x11\xe5r\xb7\xcb\xd5N\x97\xf3\x8f~\x8e\x0f\xff\
\xf4?\xe3\xec#\x9f\xa6\xd9h\xf2\xf6\xb7\xbf]k\xb5\
Z\xe0}\xa0`\x86y\x81T\xb7\xdb\xd1\xa7\x9f~J\
\xfa\xfd~\xa1\xfaG\xc607;\x83\xe0&\xff\xb4\xd6\
\x16\xf7m\xb1\x8f$\xfddR\x03\xb0\x8b\xf1\xb2b\x00\
\x00\xfdv\xf7r}\xaa\xf9U\xac}\x87\x88iu\xba\
m\xae\x5c\xb9\xcc\xe9\xd3\xb7\xa2j\x0b\x22\xca\x91/\x99\
(\xe2\xf4\xe9\xd3X\x9b\xf2\xf4\xe7\x1f\xe5\xd9\x8f\xff\x01\
7\xde\xfb\x00\xf5\x05\xe7GP\x94\xae\x97\xf6\xb5(\x22\
\x8f\xe7\xe7!\xc0T\xa1\x9dZz\xa9e\xa6\x161\x17\
\x1b\xfa\xd6U\x18\x16F\x81\x81\xee +\xael\xbc\x8a\
\xef\xbe\x95\xc4\x9e+\xf4\x05\xd1\x138\x05%g\x08B\
$\xc6\xa9\xfb\x94*\x7fl\x84\xc5F\xc4\xd1\x99\x063\
QUS\xc8\xc3t\x16\xa1\x9d)k\x89\xa5\xe7\xaf\xff\
\xff\xb7w\xdeQ\x92]\xf5\x9d\xff\xfe\xeeK\x95:\xe7\
\x9e\x1eM\x94F(\xa3\x00\x92\x08\x0a\xc8`\xaf\x8c\x0c\
\x18a\x9cp`9\x02\x87\xb5\x8d\x00c\xd9{\xcez\
1f\xd7g\xf78\xc0.p\x1c\x00\xafa\xc9\x06\x09\
c\x16\x83PFy\x82\x90&H\x9aQ\xf7\xe4\xe9P\
]\xe9\xe5w\x7f\xfb\xc7\x0b\xf5\xba\xba\xa7eI\xdd\xa3\
\xe9\xd1\xfd\xe8\x1c\xf5t\xd7\xabWu_\xd5\xfd\xbe\xdf\
\xfd\xdd_\xf0Y\xe2h\xa3\x09\xbbe\xe3\xf1\xaf\xfe#\
\xee\xfb\xdb\xbf\xc2\xfc\x91C\xe8\xeb\xeb\xc3\x1b^\xff\x86\
\xb8\xa3y\xe6,h_\xef$R\x18\x81\x1f\xf0\x9e\xbd\
{\xa8\xd9lf\x17W\xd75\xf4uwgO\xf1|\
?\xd9\xa2\x8d\xdf\x07\x13~\x1c\xb8\x81\x8a\x02<\x8dY\
s\x02\x00\x00\xbe\xeb=m\x15\x0b\xc7\x98\xe5\xdb\x88\x04\
Z\xad&\x0e\x1f>\x84m\xdb\xceM\x8e\x88\xbf\x80\xe9\
\x9d0\xfd\xc623F\xc7\xc602:\x82\xa9\xfd\xcf\
\xe0\xb1\xdb\xbf\x02\xa76\x8f\xb3.\xbe\x02\xd0tHb\
\xf8a\x04/\x0c\xa1kZ\x92\xe1\x97>9>c\x08\
\xa0\x1eD\x88$\xa3\xcf\xd2Q \x01?\x92\x99\xe5\x11\
\xa4K\x80\xdc\xfa\x1eL\x0b\x96\x00\x9d\xeb\xfd4j/\
\xef\xd1\xd7(\x9e\xf0\xe9\xdfu\x02\xba-\x0dce\x03\
=\x86\x96Y\x05\xf9\xa0&P\x9c\xce[\xf5\x13G\x1f\
\xe2\xed\xc9\xba\xef\xe3D\xdd\xc6\xdc\xe1\x83\xf8\xee\x9f\xff\
!\xf6|\xff\x0e\x84\xae\x8b\xb3\xb7n\xc1%\x17_\x1c\
W]\xcf-fr[\x9e\x0c01\xb3\xdc\xbe\xf3q\
\xd1J'?\x03\x86\xa1\xa3\xa7R\xc9\x9a\xb5\x80\x01?\
o\x01\x00`\xc1O\x04n\xf0\xad\x97\xfc\x81+V\x8d\
5)\x00\x00\xe0\xbb\xde\xceBW\xe9\x04G\xd1\x8dB\
\x08\xb4Z-L>7\x89\xb3\xcf>;N~I\x8e\
\xcb\xe6F\xee\xaeV)\x9716>\x86\xfa|\x03S\
;\x1e\xc6\xb3\x0f\xdd\x8f\x9e\xd1\x09t\x8f\x8e\x83\x04!\
d\xc0\xf6\x038~,\x04\xe9\x97<\x0b\x06\xa2\xe4\x98\
0n8Z\xd6u\x08\x00\xcc\x12B\x10\xbcHBK\
\xc2s\xc1\xf1\x04O\xf7\xc8\xf2w\xfd\xd4\xeb\x9f\x0a\x00\
\x01\xd0\xd06\xf5\x05\x11t\x01\xf4Z\x1aF\xca&\xba\
\x0d\x01\x9dr\xe7H\xfe\xc7\x14\xc7\xf3\xcf\xfb\x12\xcd0\
.\x81\x06\xc4\x8e\xbeY\xdbE\xab\xe5b\xc7\xb7\xbe\x88\
\xef\xfd\xf7?Fu\xea\x00*\xa52\xaex\xcd\x15\x18\
\x1f[\x97\x08dr\xc7N\xdef\x12o\xc4\xccLB\
\x88\xf0\xfe\x1f\xdf\xaf\xbb\xb6\x93)\x84\xa6i\xe8\xe9\xaa\
@\xd7\xe2V\xeb\xe95\x0e\xa3\x08a\x14e\xf2+9\
\x9a\x0f\xbc\xf0\xf3+\xf8\xb1+V\x985+\x00\x00\xe0\
\xd9\xee\xa3\x95\xc1\x9e\xa9\xd0\xf3\x7fN\x08\x0d\xaek\xe3\
\xe0\xc1CX?1\x01\xc3\x8c\x8bUv\x92\xa6\xfb\x16\
\x0aEl\xda\xbc\x11a\x14ar\xdf\x1e<{\xdf\x9d\
\x88ZMl\xba\xe4\xb5\x90\x89)\x1d!\x0e\x1e\x0a$\
C\xd3\x05\x84\xa0,\x18/=[\x04\xc0\x8b\xe2\xb4b\
\x8d\x04\x0cM\xc0\xf6CtN\xf6\xc5\x09?\xe9\xc4G\
\xce\xec\x17\x89\x15@\xb0\x04\xd0W20X6Q6\
\xb4d\xdb/\x15\xb4\xf8\x09L\x04\x8f\x19u_\xa2\x11\
0\xfc$\xb30\xe2\x08u\xcfG\xd5\xf6p\xec\x89\x1d\
\xf8\xf2\x1f\xde\x82}?\xfcWh\xc4\xd8\xb4i3.\
\xbb\xfcr\x14\x8biN\xff\xe2k\x04\x02\xb3d\xd2u\
-\xbc\xef\xfe\xfbu\xcfq\xd0\x160\xc2@o\x0f4\
=\x89b\xc8\xbc\x01\x8c(\x94\x88C\xb6\xe3\xb3J\xf0\
\xd1\xc0\x0b\xfe~E>l\xc5\xaa\xb0\xc4\xa7\xbf\xf6\x18\
\x1c\x1bx\xa7\xd3\xf2\xbe\xa4\x09a\x00\xc0\xe0\xc0\x10\xae\
\xbe\xfau\xe8\xeb\xebM&\xdcB\x9fvn\xa7*\xae\
\x14\x14\x85\xfc\xa3;\xef\xa2\xe3\xc7\x8f\x81u\x13\xaf{\
\xcf-\xb8\xf4\xc6w@\x94\xca`J\xef\xd4\x04K\xd3\
P.\x98(hZ\x9c\xff\x8f\xf6\xa4N\x22\x92!Y\
\xa2\xe6\x05q\xbf\xc2\x88\xc1Lq\xb6\xa1\x94\x90\xdc\x8e\
X\xcc\x1c\x96\x848\x91'\x99\xdceSG\x97\xa5'\
\x11\x89\x0b}\x03\xa9\xa0D\x88\xb7)])\x11&\x9e\
\xc8\xf8=0\x9c\xc0G\xdd\x09\xd0:~\x04\xff\xfaW\
\x1f\xc3\xc1G\x1f\x80\x10\x02CCC8\xff\xbc\xf3\xb8\
\xa7\xbb'sn\xa4\xe1\xd0H\xaeC\xd24\x85#)\
)\x08\xfc\xf0\xe1\x87\x1f\xd6\xedV>\x8d\x9f1<8\
\x90D\x17.\x84\x99\xe1\xf9>\xe6\xeb\xcd\xec[%!\
\x0fl\xdb\xbam\xcbc\x8f=\xa6\xb6\x01OS\xce\x08\
\x01\x00\x80\xae\xfe\xee\xb7C\xe2s\x04\xea!\x00]]\
]\xb8\xee\xda\xeb\xd1\xdb\xd7\x9bs\xc4\xc5\xe4\xbf\x8di\
\xbb\xb0(\x928x\xf0 v\xeez\x02\xf5z\x0d\x03\
\x1b\xb6\xe0\x8aw\xbe\x07[_\x7f=\xf4\x82\x959\xd8\
\x84 \xe8\xba\x86\x82n\xa0d\xe80(\x0d\xf8\xa1,\
F\xdf\x8d\x224\x82\x08a\x94\xb6&\x8f\xcb\x93\xb1\xe4\
\xf6\xc6a\xb2m\xa9\x11`\xea\x1a\xca\xa6\x0eS\x17\xd0\
\x08\xc9\xc4\x8fg{\xda^\x9b\x117:\xf5$#\x94\
\xbc\xa0\x0a1\x81\xe0x>\xea-\x1b\xb5C\x07q\xcf\
\xe7>\x85\x03\x0f\xdc\x09\x00\x18\xe8\xef\xc3\xd6-[1\
6>\x9e8G\x93X\xde4\xac\x97e\x96\xff \x99\
\x99\x99Q\x9b\xaf\xc9\xed\xdb\x1f\xd3\x5c\xcf\xcd.\x183\
cx\xb0?\xd9mA\xc7\xab'\x15\x84\xa2\x08s\xb5\
z\xbc\x15H@\xc4\xeck\xa66R\x9b\x9eW\x9d\x80\
NS\xce\x18\x01\x00\x80J_\xd7;\xc0\xf8k\x011\
\x91\xa6\xca^w\xdd\xf5X?\xb1\x1e\xf9i\xbf\xc0\xec\
MB[e2!\x820\xc4\x13O\xec\xc2\x9e\xdd{\
\x111\xa32:\x81\xabo~\x0f\xce\xbb\xf6M\x10\xa5\
J\xb6hO\xb7\xe5LA0\x84\x06C\x17\xb0\x84\x06\
\x0d\xb1\xa8\xd4\xdd\x00\x013d\x14\xd7\x1a@Z\x83\x10\
\xf1\xe4\xd6\x0d\x0d\x96\xae\xc3\xd2D\xb2\xd5G\x10\xc4 \
! \x11\xf7B\x0c\x93\xea\xc5i\xad\x02\x10gf\xb7\
@\x1cw\xd0r|Tk-L>\xfe\x00\x1e\xfd\xda\
\xe70\xb7o7\x98%\xfaz{\xb0y\xd3f\xac[\
\xb7\x0e$\xda\xc5;\xe3!\xa7\x99|\xb9ri\x00\xc2\
(\xe2\xc3\x87\x0e\xca=\xbbwkQ\x14fWL\x10\
\xa1\xaf\xa7\x1b\x86\xa6\xb5\x13\x93\x90\xdb7H}\x11\xcc\
\xa8\xd6\x1ap}?\xb1TX\x9a\x05\xeb\xa7f\x8fM\
\xdf\xb9j\x1f\xba\xe2%qF\x09\x00\x00\xf4\xaf\x1b\xbc\
\xd2\xad;w\x18\xba>\xc8\xc9\xc4;\xeb\xac\x0dx\xc3\
\xeb\xdf\x08-\xc9\xfb_j\xd0\xf9\xf4\xd6\xb4\x7f\xe0\xae\
]\xbb\xf0\xf43\xcf\xc0\xf3|\x94\x07\x06q\xde\xf5?\
\x83\x0b\x7f\xea\xad\xe8\xdb\xb09\xf5\xec\x01\xc4\x89\xa7>\
n\x8f\xa51\xc7\x91\x85\x0c\x04\x11#b\x19\xdf\xf9\xd3\
(\xb9t\xbd/\x04tM\xc4q\x07\x89C\x809\xee\
`\x9c\xef\xb3\x97\x8f\x0f \x8a\xcf\x11\x86\x11Z-\x17\
\x87\x9f}\x1aO\xfe\xe0;x\xe6\xae\xef\xc1\xaf\xcd\x82\
H\xa0\xaf\xaf\x0f\x1b7l\xc0\xd8\xf8\x184\xd1\xde\xce\
\x5c`\xfd0r\x19\x95\xb1#\xd3\xb6\x1d\xde\xb3o\x0f\
\x1f9|H\xe4\xaf\x11\x09BO\xb9\x0c\xd302g\
h\x16\xbf@\xed\x14\xe4\xd4\x99h\xbb\x1ef\xaa\xf3 \
\x8a_\x83\x0c\xfd\xcfk3s\x7f\xbcr\x9f\xb0b%\
9\xe3\x04\x00\x006_xN\xe9\xc4\xe1c?\x10\x11\
\xaeJM\xf7\xbe\xbe>\xbc\xe6\x8a+1<<\xd4\xbe\
\x83e\xff\xe7\xb6\xf7\x1bm\xdf\x00\x004[-\xec\xdd\
\xb7\x17O?\xfd\x0c\xc20\x04i\x06\xcc\x9e^\x5c\xfa\
\x1f\xde\x8e\xf3\xae}\x13z\xc67@\x14\x0a\xc9\xa4\x88\
\xa3\x06(\xf1\x07Pz\xce\xd4\x02\xc8\x9d\x1f\xc9\xab\xa7\
[\x7f\xb1\x13@\xb4'S\xba\xbf\x8fv\x19\xf3\xd0u\
p|\xff\xb3\xd8}\xff\x8f\xf0\xec\xfdw\xa2~d\x12\
\xa1\xef\xc14\x0c\x0c\x0e\x0ea\xf3\xa6M<00@\
i\xb5\xdel\x12/\x1ci66\xc9\x12\x00\xf8\xf0\xa1\
C\xd8\xb7o\x0f\x9a\xad\x16\xa5[\x98\xed\xe8\x06BO\
W)\x16\x80\xa4\x07`\x1aj\x1c\xbfw\x91,S\x08\
$\x04\x98%\x0e\x1f\x9b\x86\x1b\xf8\xb8\xe2\xb2\xcb\xd1p\
Z\xc7\xf7<\xfb\xf4\xcf5\xa7\xab\x0f\xad\xd4\xe7\xabX\
9\xceH\x01H\xe9\x1b\xee\xbf5\xf4\xc3\x8f\x0b\x90\xc5\
\x88CV/\xbb\xf42\x9c}\xf66\x80#\xe4\x17\x03\
\xe9\xd7=O\x96\xfe\x8ax\xd2\x1c=v\x14\xbbw\xef\
\xc1\xec\xec,\xc20\x840-\x94\xfa\x071\xb0y+\
\xce{\xe3\x0d8\xeb\xc2W\xa320\x0cM7b\x93\
X\xb6\xd3gd\x1aM\x9f\x9e\x0f\x00%\x11\x83\x1a\x11\
\x90\x14\xd9\x5cPXL2\xec\x99\xe38\xb2\xefI\xec\
\x7f\xf4\xc7\x98\xda\xf5(f\x0f>\x07\x19x \x00\xe5\
R\x19gm8\x0b\xeb'\xd6\xa3T*w\x8c`\xe9\
\x0c\xdd4\xa6\x9f\x99\xe1y\x9e\xdc\xb5k'\x1d?~\
\x94\xa4\xcc69;\x92\xfab\x81\xea\xe9\xaa\xc04\x0c\
hD\xb1\x1f g\xf5\x90 h\xa2\xbd]z\xa2:\
\x8f\x9f{\xdb\xdb\xf1+\xef\xf95\xec\xd9\xb3\x1b\x7f\xfa\
g\xff\xf5\xc0\xb1\x99\x99\xabZ3s\xc7_\xcc\xe7\xa8\
X=\xceh\x01\xd8|\xd1\x054}\xe4\xe0\x9b\x10\xf2\
\xff$\xd0E\xf1\xddT\xa2\xa7\xa7\x07\xd7]\xfb\xa6$\
\x91(_\x85wi\xef6\x90\x98\xcc\x1c\x17\xce\xb0\x1d\
\x1b3\xd3\xd3\x98:8\x85\x99\x99Y\xf8~\x10\x9b\xbb\
\xa6\x09\xb3\xd2\x83J_\x1f\xc6\xb6\x9e\x8b\x89W]\x80\
\xf1\xad\xe7\x815\x03\xc20P\xe8\xea\x86Q(\xc6K\
\x8c$|7l5\x10\xba\x0e\xd8wQ\x9b9\x81\xf9\
cGq\xfc\xc0\xd38\xb4\xfb\x09\xd8s3\xb0ks\
 \x19\x012\x82 \x81b\xb1\x84\x8d\x9b6a\xdd\xba\
u(\x95J\x0b\xef\xf2Kx\xe7\xb3\x14\xbe\xecW\x06\
\x11\xf1\xb3\xcf>\x8b\xbd{\x9e\x22?\x08\xda\xcfG\xa7\
\x84$\xff\xa7\xf8\xda\xf4w'\x22\xa0\x09\x08!\x92m\
K\x01M\x88L\x0c$\x08\xbf\xfb\xc1[1q\xd6\x06\
\x98\x86\x89b\xb1\x80;\xef\xfc!\xfe\xf2\x93\x7f\xb3\xfd\
\xc8\xe4\xd4\xa5/\xe2cT\xac\x22g\xb4\x00\xa4\x0cm\
Y7\xecTk\x7f\xabI\xed&\x00\x99\xd7{\xcb\xe6\
\xcd\xb8\xf8\xa2KP.\x97\xb2\xc9\x93m\xeb\xa1\xdd-\
8~\x0e\xb7-\x82\xc4G@\x00\xbc\xc0G\xbd\xd1@\
u\xbe\x8a\xd9\x99i\xccU\xe7\xd1l4!\xa5l?\
\x9f\x08\x22)G\x16\xf9\x1e\x84i\x01 Da\x08]\
\x13\x00\x182\x08\xc0Q\x04\x12m\xd3\xba\xabRAW\
w\x17F\x86G\xd0?8\x88\x82i%\x0e\xbd\xd4O\
\x80lrv~\x90\xf9\x89\x9c\x1f\xc7\x5cu\x8e\x1f}\
\xf4\x11\xb2\xed&\xd2\xed\x05\xa2\xc5\xd6OJzUR\
\xd3\xbf\xbf\xa7\x0b\xa6i@\x13\x1a4M\x8bs\x13H\
\x83\x10@\xa5\xa7\x17\x1f\xfe\xe8m8k\xe3Fx\x9e\
\x8f\x99\xd99tww\xc3\xd45|\xe1\xff|\x01\xff\
\xf4\x95/?:s\xf8\xe8\x15/\xe4\xb3S\xac.\xaf\
\x08\x01H\x19\x98\x18z\x93\xdft\xbfH\x10#\xb1'\
L\xa2T\xa9\xe0\xa2\x8b.\xc1\x96\xcd[\x907~\x17\
8\xce8g\xbe\xe7fS\xdb\x8b\xbepO=\x94\x11\
{\x9e\x8bF\xbdN\x8e\xeb\xc2\xf7<x\xae\xcb\x8e\xe3\
\x92\x1f\xf8\xe9\xdd\x92\x09\x04\xdd0`\x9a\x06\x09\x12(\
\x14\x8b\x5c.\x97\xa9P(\xc04-\x18\xba\xbe0\xaf\
!Y\x9b\xd3\xc2?,;\xf9S\xcb\xa5e\xb7\xf8\xf1\
\xc7\x1f\xa3\xb9\xd9\x99\xf6\x8c\xffw|\xfa\x9dV\x80\xae\
i\xe8\xef\xed\x82e\x98q\xb8\xb4\x16\x07)m\xdc\xb2\
\x19\x1f\xfa\xe8m\xb8\xfc\xb2\xcb\xe0z>\x0eLN\xc1\
\xf3|\x1c?q\x02\x83\x03\xfd\x10\x82\xf0\xc9O~\x92\
\xbfy\xc7\xed\x0f\xfd\xec\x9b\xdf\xfc\xfa/}\xf1K\xaa\
H\xe8i\xc0+J\x00\x00\xa0{\xb8\xb7\x8fC\xfe\xcf\
\x90\xfc>bT\xd2+\xa0i:.\xbe\xe8\x22l\xdd\
r\x0e\x0cC_l\x13\xe7\x02f\xd2\x07b]h\xf7\
\x13N-\x0b\xe6%~OE$9g^F\xd2<\
\x83x>\xc7\x96E\xfe\xae\xbd\xe8CJ\xf7\xf3\xb1X\
\x008\xb5^\x92\xf7\x5co\xd4y\xe7\xce\x9d433\
\xbd`2\xbf\x10\xdaV@\xfc\xd3\xb4\x0c\x0c\xf4t\xa3\
`\x18\x10B\xc3k\xae\xbc\x12\xb7~\xf8#\xd8\xb2u\
+@\x04)%l\xdb\xc1\xe4\xc1C\xf0\xfd\x00G\x8f\
\x1d\xc3\xf8\xd8(\x08\xc0\xc7>\xf6\xa7\xfc\xa3\xfb\xef\xfb\
\xf6\xf9\xaf~\xd5\xbb\xee\xfd\xee]Y\xa1\x90\x8b/\xbe\
X\xec\xdc\xb9S\xb5\x0e;\xc5\xac\xe9P\xe0\x17\x83\xd7\
r\xdd-\xe7]\xf0}\xc7\xad\xdf\x1d\x85\xd1\xf9`\x9a\
 \x220K\x1c=v\x14\x93S\x93`f\xf4\xf7\x0f\
d{\xee\xed\xd0\xc1\xf6\xfey6\x83s\xfb\xe2\x9d\x13\
%\x9f\x9e\x1b\x9f\xab]\xdc#\xbf\x85\x96F\x02\x0a\xa4\
\xe6|\xfe\xf1\xbc\x81\x9f\xd8%\x99\x97\xbe\x83\xe4\xc6.\
e\xc4\x87\x0f\x1f\xa6\x87\x1fy\x08{\xf6\xec%\xc7\xb6\
A\x0b\x9e\xfb\xc2\xe8\x1c\x97\x94\x12\x91\x94\xb0,\x0b\xef\
x\xe7\xbb\xf0\x91\x8f\xde\x86\x89\x89\x89\xb6E\x928\x0a\
\xad\x82\x85\x96m\xa3\x5c*cv\xae\x8a\xae\xae.\x5c\
s\xcd\xb5\xb4\xfb\x89'\xcf\xde\xb9s\xd7\xc0\xd0\xd8p\
]\x02\x9f7\x0c\xfd\xe3\xd5\xda\xfc\x07\xcc\x92\xf5\xd6B\
Wq\xee\xa6\x1boz\xe6\xa9\xa7T\x19\xc1S\xc1+\
\xce\x02\xe8dl\xe3\xc4\xd9\xcdz\xfd\xef q5\x01\
z\xfb\xc6J\x18\x1a\x1a\xc2\x05\x17\x5c\x88\xc1\xfe\x01\xe8\
\xba\xde\x9e\xf3\x0bo\xe1m+ \xbf\xd5\xb7H,:\
|\x0a\x9d\xe7@\xeeW^\xf8@jQ\xa4\xaf\x9e~\
j\x9c\xff\x1b\x80z\xbd\x86\xfd\xfb\x9f\xc5\xe1\xc3\x87\x11\
\x04\xc1R\x1e\xbd%Y\xca\x01\xb8\xe8\xf1T\xe8\xe2`\
\x0403n\xfd\xe0\xad\xf8\xc8\x1f~\x04\x96i.\xe9\
\x80\x8c\xc2\x08s\xf3U\x1c\x9f\x9eE\x10Dh\xb6\x9a\
\x18\xea\xef\x85n\xe8x\xf3\x0do\x96\xd3\xb3\xd3B\xa4\
[\x9f\xe9u' \x94\xc1\xed=\xbd\xbd\xbfvd\xf2\
\x88\x8a \x5ce^q\x16@'\xcd\xf9\xfa\x5c\xcf@\
\xcf\x97#\x19=\xce\xcc[\x88i]\x1co\xc7\xb0m\
\x1b\x93\x93\x07\xf0\xdc\xe4$|\xdfGOo_\xbc~\
\xcf\x9e\xdd\x8e1\xe6\xe4g\xc6R7h\xca?L\xc8\
\x12\x00N\xee\xbc_p\xae\xec5\x92\x07%K\xd4\xeb\
\x0dLMMb\xd7\xae]\xd8\xb7o\x1f\xaa\xd5j\x1c\
\x8a\x9b\x9bP'1\x162k\x03\xa9u\x92\xfb/\xff\
\xe4v\xd2\x0f\xe2-M)q\xcb-\xef\xc7\xcd\xef\xfa\
\x05\x94\x8a%\x14\x8b\xc5%_C\x08\x01\xd30\x92-\
G\x1f\x9a&\xe0\xfb!>\xfa\xe1\x0fc\xf7\xde\xdd\xa4\
%\x16\xce\x82\xeb\x15[D\xe7x\xae\xb3\xa9o\xb4\xff\
\xce\xd6|\xcbY|f\xc5J\xf1\x8a\xb7\x00:\x19\xdf\
4\xb1\xb5Yo\xfc\x11\x87|\x13\x80\x01JW\xdc\xc9\
\x17\xb5\xbb\xbb\x1b\xeb\xd6M\xf0Yg\xadGOw/\
\x88\x88X\xb6\xa3~\xb2x\xc2\xf6\xed<wC_`\
\x02,4\x22r\x7f\xe8\xb4\x1e2\xbf\x03\x11\x82 @\
\xbd^\xc7\xf1\xe3\xc7p\xe2\xc4\x094\x9b\x0d\xc8(\x8e\
i\xe0\x93\xdc\xc3Ov\x87\xa7\x93\x1e\xb1\x84(%\xc1\
L\xa1\x94\xb8\xf5\xd6[\xf1\xc67^\x83b\xb1\x8c\x9e\
\xde^\x9c51\x8e\xaeJ\xe5\xa4\xdf\xa6\xc0\x0fp\xec\
\xf8\x09\x1c<r\x14\x7f\xf2G\x1f\xc5#\x8f=\xdc\x8e\
\x80\xcc+\xda\x02i\x95\x10:}\xc6*\x14?x\xfc\
\xd0q%\x02\xab\x84\x12\x80%\x18\xd88B\xec\x87\x13\
\xbe\xe7\xfd*B\xfe\x10A\xebA;\xf87\xbe\xb9\x12\
@B\xa0\xa7\xbb\x07\x03\xfd\x83\x18\x18\xe8\xe3\xee\xee\x1e\
\x94Keh\xba\xbe\xa0\xa2n\xbe~^\x9e\xfc\xc4N\
\xcdj \xf6G\x10\x11\x07a\x08\xc7\xb1\xa9\xd5j\xe1\
\xc8\x91\xc3\x98\xaf\xce\xa3\xd5j!\x92\xb1\x03=\xb3\x9c\
s\xfbx\x9d\x22\xc0\xcc`B\xc8\xf1\xc9k \xcc\x03\
R\x070CB\x1c\x02\xc8\x03\xa8B\xc00\x98'\xc0\
4\x92\x8e\x95rs\x93\xa5\x84\xd0t\xfc\xd6o\xff6\
\xce9g\x1b\xfa\xfb\xfbQ)WP\xaa\x94\xd1\xdb\xdb\
\x8b\xf5\xeb\xc6QZ\xd2\x12\x88\xc7\xb5g\xcf>\xdcr\
\xcb\xfb\xb1}\xe7\xe3\xc9\xe4\xa7\xf6\x92)3\x02\xa8\xe3\
\x99\x12\xba\xa9\x7fb\xeeD\xf5\xb6\xe7\xff\xd4\x14/\x06\
%\x00\xff\x0ezG\xfa\xb7\x85~\xf0\xcb,\xf9]\xc4\
b\x1bQ|\xc3O\xad\xe4\xac\x0a\x16\x12\xb3\xd74a\
\x99\x16www\xa3\xbb\xbb\x07\xe5J\x99\xe3\x00\x1a\x8d\
(I\x9aa\xc9\xf1rB\x10\xea\xf5:<\xd7#\xc7\
u\xd0j\xb6`\xdb6\x5c\xd7\x8d\xd7\xf1\xe8\xbcQf\
6F\xee1j\xef8\x00\x00d\x9d\x08\xbbAx\x1c\
\x82\x1e\xd1t\xf1$\xc0\x07z\xbbz\xaa\xcf=s0\
L\xc7u\xc9\x95\x97\xd0\x8e\x07w0\x00\x5cv\xd9e\
\xc2\x0d\x02\xa3\xe6T\xfb\x9c\x96\xfdj\xdf\x0do\xe2H\
\xbe\x85@\x9b@@W\xb9\x82/|\xee\x1f02:\
\x8e\xfb\xee\x7f\x00\xdd]\xdd\xe8\xeb\xebC\xb9RF\xb9\
TFo_/&\xc6\xc7Q(Z\x1dW\x8f\xf1\xd8\
c\xdb\xf1\x9f~\xff\xf7\xb1k\xd7NhY\x05\xa1\x8e\
q,\x15\xc4\x04\x80Y\xc2(\x1a\xb7\xcd\x1e\x9b\xfb\xc4\
\x0b\xff\xe4\x14\xcf\x87\x12\x80\x17\xc0%\xd7^+\x8e\xee\
\xdf=f\xb7\x9c\x1b9\x92?\xcb\x12\xaf\x05h8\xbd\
s\x89\x0egVLj\x9a'\xdbs\xbc\xd0\xd0m/\
\xf0y\xf1\x9e?\xb7\xcf\x81\xec,\x94M\xf48\xb9\x88\
]&T\x85F\xdf\xd3u\xfd_z\x06\xfb\x1f$?\
\x983\xba\x0b\xde\xbe\xc7\xf6\xbd\xe8m\xb5M\xe7o\xa3\
\xe1\xfe^\xe3\xe8\xcc\xec\xb6f\xb5\xf6\x8b\x96f\xbe\xef\
\x1b\xdf\xf8\xfa\xe0\xe5\xaf\xbe\x04\x8fm\xdf\x81\x9f\xfc\xe4\
)tuu\xa1\xa7\xa7\x07\xa5R\x09\xe5r\x05\xfd\x03\
}\x18\x1f\x19\x81UHE\x80q\xf7]\xf7\xe2w~\
\xefw199\x09-'T\x9a\xa6\xc55\x08rU\
\x84i\x817\xb0}m\x98#\xe8E\xe3\x0f\xe6\x8eU\
U\x8f\xc1\x15F\x09\xc0\x8bdx\xc3\xb0\xe8\x1a\xee\x12\
\x8d\xa3\x8d1\xd7u\x7f:\x0c\xc2\xeb\x01z\x0d\x986\
\x11\x88\x92@\x9f\xfc: \xfd\x07\x80\x85_\xf1\xfcJ\
\x80\x10\xb7#\xcb\xed\xe6#\x89 \x90\x00\xd9\xcc\xf2\x08\
\x04\x9e\x12D\xf7\x09C<\x5c.\x94w\x1e\x99:R\
_\xadq>\xf2\xc8#\xf4\xb5\xaf\x7f\x0d\x7f\xfb\xf9/\
\xbc\xa1R,~\xe1\xde\xbb\xee\xde82<\x88\x07\x1f\
z\x04\x93SS(W*\xe8\xaeTP,\x96P*\
\x9514<\x88\xd1\x91!\x98\xa6\x89\xdb\xbf}\x07n\
\xf9\xad\x0f\xa0\xd5l@P\x9c*\xd5\xd3\xd3\x83M\x1b\
7\xb2\xa6\xeb\x08\x82\x00\x8e\xeb`\xf2\xb9I\xf2}?\
\xb9\x06'\xf1\x09p\x08a\x19\x1f\x98?1\xff\x99\xd5\
\x1a\xeb+\x11%\x00+\xc4\xf89\xe3\xe4\xb9>\xcdN\
\xcd\xc8\xd2`\xe5\xd5\x1c\xc9W\x13\xe8l@L\xb0\xe4\
\xb3 y\x13\x80\xdex\xcd\x0d\x01\xe2\xeed\x86G\x04\
\x12 \xf6\x01j\x12\xc1'\x22\x07\x84#\x0c\x9e'\x0d\
\xcf\xe8\x9a\xfec&<W\xae\x94\xa6\xa4'[\xa5\xc1\
\x8a\xbf\x7f\xfb3\xa7,h\xc6u]\xd1j\xb5x\xd3\
\xb9\xaf\xfa\x99\xeeb\xf1\xef\xf7<\xf9\xd4(\x09\x89\xbb\
\xef\xb9\x1fs\xb3s(\x96\x8a(\x97\xca(\x16\x8b\xe8\
\xea\xea\xc2\xc8\xe8\x08\xee\xf8\xf6\xb7\xf0{\x1f\xfa ,\
\xdd\x80\x00A\x821<4\xcc\x17_|1\x09M\xc0\
u]8\xb6\x03?\xf0\xe1\xfb>\x0e\xec?\x00\xc7\x8d\
}}mC\xa0\xc3'\xc0\xa1O\x86\xfe\x1b\xb5\x99\xda\
\x97N\xd5\xd8\xcft\x94\x00\x9c\x22n\xbe\xf9f\xda\xe5\
\xed\xa2#\x8fNw\x85A\xa4\x0b\x82giz\xa8\x17\
\xf5\x82&\x85\xb4\x0c+\xaa\xda\x0d\xa3\xa0\x09\xdf(T\
\xdcC\xfb\x0e\x9cVQq\xccLD\xc4}\x03\xa3\xbf\
Z.\x99\x9f\xdd\xb7gwQr\x84\x7f\xfb\xc1\x8f\xe0\
:\x0e\x0a\x85\x02J\xa5\x12\x8a\xa52>\xf7\xf7\x7f\x87\
\xaf|\xfd\xabqA\xd5d\xf2\x8f\x8d\x8e\xf2k_{\
\x15@\xa0(\x8a\xe0\xfb>\x9c\xc4\xd7\xe1\xf9\x1e\x1c\xc7\
\xc1\xe4\xe4$<\xcf[\xf8\xa5L\x83\xaa\x90XB\x1c\
\x9d\x80\x81\xdf\xa8\xcf4\xbf\xfbr\x5c\x873\x0d%\x00\
\x8a\x17L\xf7\xc0\xc8\x87\xd7\x8d\x0c\xff\xc5\xf6\xc7\x1eA\
\x10z\xb8\xe3;\xff\x0aM\x130M\x0b\x9f\xfe\xf4\xff\
\xc6\x03\x0f\xdc\x9f\xd4\x0c\x10`0\xc6\xc6\xc6\xe4\xf9\xe7\
\x9dO\x85B\x81t\xc3\x04\x98\x11E!\x5c7\x9e\xf8\
\xae\x17;<\x1b\xf5:\x0e\x1e:\x84 \xf0s.\x94\
\x85\x9b\x95\x0c\x80)z\x86\x85\xfc\x95\xc6\xac\xadj\x0c\
\xbcD^\xf1\x81@\x8a\x17\x8e\xe7\xb4\x1e\xf0\xc0\xbd\x8f\
>\xfc\xc8\x95\xbf\xf4\xeewc\xcb\xe6M\xb8\xf7\xbe\x07\
\xf1\xc9O\xfe5v\xecx\x1c\x22\xdb\xe6\x03\x86\x87\x87\
xltT$%\xc6\x93\x0cB-K'\x8ewQ\
\x18\x92%t]\x87\xaekh\xb5Zqzu\xfa\x82\
\x9d\x01T\xa0~\x80\xaf0K\xfa\xff\xf3\x9dPE\x0b\
\xbe\x04\x94\x00(^\x14S\xfb\xf7\x7f\xff\xc3\x7f|\xdb\
\x86\xd9\xe9\xd9K\x86\x06\x07\xf0\x89\xff\xf6\xe7\xd8\xb7w\
o<\xa9A \x01\x0c\x0e\x0c\xa2R\xa9\x1032Q\
\x10B\x8b\x8b\x87h\x22WM(\xa9N\xc4\x0c\xd34\
ADh\xb5Z\xd9\xaeG\xa7\x12$\x220\x0a\xe0\xb5\
fQ\xfb\xa2\xef\x86\xe1\x92oR\xf1\xbc(\x01P\xbc\
(\x0c\xa3\xa5\xff\xe0{w\xff\xf3\xfe\xa9\xa97\x7f\xf3\
\x1b\xdf\x5c\x7f\xe8\xf0\xa1\xac4\x98\xaei\x18\x1c\x1cD\
\xa1Ph\xa7Ps{\xaf_$\x05E4M\x80D\
\x22\x18I\x16\xa1dF\xa1PH2\x0am\x00\xf9\x18\
\x81\xfcr\x80\x00\xd0\x04\x13\xbf\xc1w\x83\xcf\x9f\xd2\xc1\
\x9fA(\x01P\xbc`\xee\xb8\xe3\x0e\xb1\x7f\xff\x11<\
\xbd\x7f\xff\x8d\xadV\xf3\xbd\xbe\xef\x96\xb2:\x84D\x18\
\x18\xecG\xc1* \xbf\xd9\x19\xc9(\x89\xf3\x8f'\xb1\
\x96\xd6\x12H*\x09\xa5y\x11,\xe3\xe2i\xc5b\x11\
A\x10\xc2u\x9dv\x12R>n\x02i\x96\x82\xd8h\
\x96\xc4\x1b}'\xfc\xc7S}\x1d\xce\x04\xf4\x97\xfb\x0d\
(\xd6\x1e\xb6mc\xef3{\xf5V\xb3\xf9\x05]\x88\
~ \x97\xcbC\x14O\xfe,<\x99\xb2`\x1f\xd7u\
\x17\xa69\x13\xc14Mh\x9a\x06\x13i8\xb4\xcc\x8a\
\xab\xac[7\x06)#\xd4j5\x10\xf3\x22\x11H#\
*\x04\xeb\xd7w\xf5\x97\xbe\xde\x98\xb3\xdfyj\xaf\xc4\
\xdaG\xed\x02(^0\xccL\xc3\xebF_\xef4\x9d\
{\xc4\x02\x07]<)GGF\xd80\xcc\xec\x91t\
\xca\x0a\x22\xe8\xba\x81b\xb1\x88R\xb9\x84b\xb1\x84r\
\xb9\x9c\xad\xfb\xc30\x82\xef{p\x5c\x17\x8ec#\xf0\
}\x04\x81\x8f\xa9\x83\x07\xd1l4\x92\x17Yl\x09\xc4\
\xeb\x0b\x06S\xf8\xbf\xeas\xce\xef\xac\xfa\x058\x83\x10\
/\xf7\x1bP\xac=\x88\x88=\xcf\xbd.\xb5\xdc\x81\x85\
\xee\xb9\xe9\x99\x19\x8a\xa2hAVR\xea\xe9\x0f\xc3\xd8\
\xacw\x1d\x07\xae\xeb\xc0q\x9c,\xe7A\xd35\x98\xa6\
\x85\x82U@\xc1*@7\x0c\xe8\x86\x89u\xe3\xe3(\
\x96\xca\xe9\x89\x96zG\x00\x13\x88\x8d\xf7u\x0f\x94T\
\xe2\xd0\x0b@\xf9\x00\x14/\x0a\xd32\x7f\x81\x88\xae\xc8\
\xdf\x87S\x11`f\xf8\x81O\x85\xac\x01)\xb2%A\
VeYJ\xa4\xed\xcf\x88\x08\x9a\xae'\xe5\xc6\xd3R\
\xe3\xc8\x1c\x88\xf1\xb2\xc2\x82\xed\xd8\x88R\x87?uX\
\x00\xb1SP#\xd0\x95\x85\x92~\xc8s\x82\x9d\xab\x7f\
\x15\xd6>J\x00\x14/\x0a\xb3T8\x87\x98\xde\x92\xa6\
\x0d/\xec?\x04D2\x82\x8c\x22\x14\x0a\x85E!\xbd\
2\xa9- \x93\xc9\x9d>?\x15\x01\x91\xb62Kb\
\x04\x98\x19B\x130\x0c#\x8e\x11\x90YGT\xb43\
\xaf\xb2e\x81\x09\xd0\xf5\xc5\xb2\xf9\x90\xeb\xf8\xcf\xad\xfe\
\x95X\xdb(\x01P\xbc(\xfa\x07{\x0f\xf9\x9e\xf7\x9b\
DT\x00\x90\xaa\xc0\x82\xf9\x18\x04\x01@`\xd3\xb4(\
\xbd\xdb\xa7\xc4a\xbd2\xab\x81\x90\x96\x1d\xd7u\xbd\xdd\
qH\xa4\xd9\x80\xb1\x08\xe8\xba\x01]\xd7\xd1l\xb5r\
\xb5\x14\x90{\xd1\xec\x0f\x05\x80\xdfZ\xee\xb2\xbe\xe1\xd8\
~u\xd5/\xc6\x1aF\x09\x80\xe2E\xd1\xac\xb7\xeaf\
\xc1\x18$\x88\xab\x91Y\x009\x92_}\xcf']\xd7\
\xd90\xcd\x85\x0a\x80\xb6\x89\x0f\xf0\x82B\xaa\xba\xae\xc7\
\x81B\x22\x8d\x13\xc8\xda\x98\xc1H\x1a\x934\x1a\x8d\xdc\
\xf6`'\x04\x80\x8a\x92\xe5/]x\xe9\xe6O\x1d9\
8\xab\x02\x85N\x82\x12\x00\xc5\x8b\xc6\xf7\x82\x7f\xd3\x0b\
\xda5\x82\xc4\xa6%$ \x9b\xef\xae\xe7\x92eYq\
\xb9\xf5E\x22\xd0\xae\x09\x90\xc5\x08\xa4!\xc3\xb98\x01\
\x02 \xa3\xf88\xcb\x8aw\x0d\x9a\xad\xd6\xb2\x22 \x88\
J'\xa6\xe7\xdf\xbf~\xf3\xd8\xa7\xaa\xd3\xb5`\x89\x83\
^\xf1\xa8]\x00\xc5K\xe2\xc6\xb7\xff\xecO\x85\x08\xf7\
\xd3\xc9j\x0a'\xcb\x81\xd9\xd9\xe9\xb8\xb9jb\xad\xe7\
\xab'K)\xe1y\x1e\x1c\xc7\x86\xeb8h\xd96|\
\xdf\x8f\xcb\x90Q\xbc\xf6/X\x05\x14\x8bE\x18\x86\x01\
]7088\x88\xa1\xc1\xa1|\x91\xa4E0\x13t\
2\x06\x8e\x1e\x9e~n\xeb\xb9c\x95\x15\x1f\xfc\x19\x80\
\xb2\x00\x14/\x89'w<\xc9W\x5c~\xc5\xa7\x8f\x1e\
?\xfa\x1f\x05\x89\xae%\x0fJn\xd0\xadV\x13\xe5r\
9n\x22\xca\xf9\x82(I\xe1\x93\xa4\xfdZ\xea\x18\x8c\
\xa3\x05EV:-\xb5\x10\xd2\xe3\x0b\x05\x0ba\x18\xc1\
q\x9d\x8e\x9c\x81\x85\xe8B+\xcf\xd7[Tj\xad\x04\
\x00\x00\x0f\x9aIDATo\x19\x9e\x18\xfeR\xa3\xda\
\xf0Wr\xfck\x1d%\x00\x8a\x97\xcc\xc1\xa9\x83rh\
l\xe0\x1f\x5c\xc7\xbbE\x08QX.\xbc\xcc\xb6[(\
\x95\xcaY\x8f\xc3\xa4\x0cjG{\xb5$\xc6\x8f\xe2\x8e\
Mi\xc8p\xda\x9e\x1c\x8cd\xd9\xc0I\xc8p\x00\xcf\
s\x81\xe5D@\xd3\xc6\xedV\xebU\xc3\xeb\x86\xbe\xd3\
\xa86\xd5r A\x09\x80bEh\xcc7\xddRO\
\xf1\xee(\x94\xbf$\x88\x8c\x93MDf\xc0\xf3\xdc\xb8\
\xb31\xa5=\x16\x92\x02hi\xbf\x83\x5c\x9d@A\xd4\
\xce\x1b\xc8\x85\x10\x03H\xb6\x11\x01\xcb\xb2\xe0y\x1e\x02\
?\x99\xd7K\xbd6\x03B\x88m\xb6kw\x8d\x8c\xf7\
\xddU\xaf\xda\xca1\x08%\x00\x8a\x15dtl\xec\xb0\
\xed9S`\xbe\x91\x88\xb4\x93\x89\x80\x94\x12a\x10\xa0\
P*.\xf2\xdf1\xc7w\xf6\xd4\xccO'\xbc\xa6\xe9\
\x10\x9a\x16[\x0e\xa9\x08$\x96\x80\x10qN\x81\xe3:\
\x08\xb3@\xa1\xa5^\x99\x88@W\xb8\x9eo\xf7\x8d\xf4\
>\xd8\x9a\xb7O\xab\xaaK/\x07J\x00\x14+\xc6\xfc\
\xdc<\x86&\x86\x9ermW'\xd0\x1b(\x0b\x03\x5c\
L\x18\x86`\x06\xac\x82\x95m\x01\xa6\x0e\xbd\xb4\xe2\xf1\
B\x11\x10I\x8c\x80h\xef\x0c\x10\x81eg\xa0\x90\xdd\
\x11(\xb4\x10\x02\x11K\xbe^F\xf29\xd7\xf6v\xac\
\xfcUX[(\x01P\xac(\x8d\xb9\x86\x1c\x1d\x1b|\
\xa8\xe98\xe7\x08\x12\xe7/\x97m\xe6\xfb~\x9c\x09h\
v\xf4\x12H{\x1c\xc8\xb6\x00\x00qQ\x91T\x04\xf2\
\x19\x85RrVj\xdc4\x0d4\x1aMt\xd4_\xcf\
\x88#\x17\x05\xc9(z[\xf7@\xd7\x0e\xbb\xe1\xec]\
\x99\x91\xafM\x94\x00(V\x9c\xda|#\x18\x1c\x1f\xbc\
\xcbm\xd9o\x16B\x1f]\xeeX\xd7ua\x99&t\
\xc3h\x07\xf5\x01Y\x13\x94\xd4\x12h\xc7\x08hq\xb1\
\xd1\x0eK \x15\x01]7`\x9a\x06\xea\xf5\xc6\xc2\xf3\
\xe5HD\x00\xa1\x17\xbc\xbb{\xb0\xe7a\xbba?\xb3\
b\x83_c(\x01P\xac\x0a\xcd\xf9\xa6=0>\xf0\
o^\xd3~\xaf\xd0ts\xb9c\x1d\xd7A\xb1X\x84\
\xd0\x16~\x1d\xd3\xae\xc82g\x09\xa4wzm\x19K\
@\xd7\x0d\xe8\x86\x8eF\xa3yr\x11 @\x08\x0d\x81\
\xe7\xfdr\xa5\xaf\xeb\xc7N\xd3yveF\xbe\xb6P\
\x02\xa0X5\x9a\xf3\xcdj\xff\xd8\xe0\x0f}\xdby\x1f\
\x89\xe5\xbfj\x8em\xa3T*g\xf1\xff)i\x1d\x90\
\xbc\x08\x80bK _Q(\x13\x81\xc4\x89h\x1a\x06\
\x84\x10\xb9h\xc1\xc5\xafI\x04\x08\xd2\x10\x05\xc1\xdb\x8b\
\xbd\xc5\x1f\xbb-\xef\xb9\x15\x19\xf8\x1aB\x09\x80bU\
i\xd6\x9a\x87{\x87\x06w\x04\x9e\xfb\xee\xb8`\xe8\xd2\
0\xe2JC\xe5r\x19\x94u\x0eN\x1eKb\x03\xb2\
\x04 \x00 @\xef\xb0\x04D\x12f\x98\xc6\x08\x98\xa6\
\x09f\x86\xe38\xd9s:!\x00$4S\x86\xd1\x1b\
\xad\x8a\xf5\xa0g\xfb\x87_\xfa\xa8\xd7\x0eJ\x00\x14\xab\
N\xab\xde\xdc[\xe9\xeb\xa9Ea\xf8\xd3b\xb9(!\
f8\xae\x8br\xa9\xdc\xce.\x04\x90\x96\x0eO\xeb\x09\
\xb4c\x01\xda1\x02q\x0d\x01\x91\x8b\x11\x90\x00\xc7\xd1\
\x82A\x10\xc2\xf3\xbc\xec\x5c\x9d$\xbb\x0c},\xe5\xa5\
F\xc9\xb8\xd7w\x82\x99\x15\xbd\x00\xa71J\x00\x14\xa7\
\x04\xa7i?X\xac\x94\x06Y\xf2k\x96\xdb\x19`)\
\x11\x04\x01\x8a\xa5b\x12\xde\xdb>\xba\xd3\x12\x88\x9dy\
q\xf6`*\x02\xa95\x90V \x02\xc7\xc9C\x9e\xef\
#H\xfa\x0f.\x12\x81$\x9b\x91\x88\xc6!\xe5yF\
Q\xff\x9e\xef\x86\xad\x95\x1c\xff\xe9\x8a\x12\x00\xc5)\xa3\
\xd8U\xbcW2_H\x8cm\xcb\x89@\x14\x85\x90R\
\xc61\x02\x1d\x85F\xe2]\x81\xb43r\xfc\xb7,\x85\
\xb8\xc3\x1f\x90\x8a\x80 \x01\xcb2a;N\xae\xa2P\
\xc7\x8b\xb6\x8b\x9alb\xe6s\xf5\x82\xf6\xd5\xc0\x0bO\
\x92ft\xe6\xa0\x04@q\xcap[\xaeo\x95\xad\x07\
\x01\xba\x9a\x98\xd6-'\x02a\x10@\x08\x01\xd3\xb2\x12\
\x09\xc8\x89@.F M(\xc8\x8b\x80\xc8U\x15\xca\
D@h\xb0,\x13\x8df\x13,\xe5I\x9d\x82qx\
2\x9d\xc3,\xcf\x0f\xbc\xf0\xab+9\xfe\xd3\x11%\x00\
\x8aS\x8ag{\xf3FQ\x7f\x92@7\x10D\xef\x92\
\xa9\xfc\x09\xbe\xefC\xd7u\x18F\xba\x8b\x98\x1c\x9c\x04\
\x0a\xa5EBR7\xbf\x10\x0b\x03\x85\xf2\xcb\x01f\x86\
\x10\x1a\x0a\x05\x0b\xb5Zm\xc1\xe9\x16\x90\xd4(\x14$\
\xce\x13&.\x0c\xbd\xe8\x8c\x16\x01%\x00\x8aS\x8e\xef\
\x04\x07\xcd\xa28&H\xbc\x05,\xac\xe5D\xc0s]\
X\x96\x05M\xd7\xdb\x89C\xc9]\x7f\x81%\x90 D\
\x927\xb0(F@\xc61\x02\x9a\x06\xab`\xa1V\xaf\
\x9ft{\x10\x88-\x01Mh\xe7i\xa6\xd8\x14x\xe1\
\xb7Vd\xe0\xa7!J\x00\x14/\x0b\xbe\x1b\xfe\xc4,\
j:\x91\xb8\x8e\xf9\xe4\x0a\xc0\x00\x1c\xc7\x89\xb7\x07E\
>{\x10Y!\x90\xf6\xf6`\x12-\xa8i\x8b|\x02\
 \xb4E\xc00\xe2\xe5@\xbd\x91\x7f\xdaB\x08 \x08\
hB\x5c\x22\x0aZw\xe0\x06\xdf\x7f\xe9\xa3>\xfdP\
\x02\xa0x\xd9\xf0\xdc\xe0\x1e\xab\xa8\x9dC$.<\xe9\
\xad\x18\xf1#-\xdbF\xb9\x5c\xcaj\x04f\x1a\x90\x98\
\xf7R\xca\x05\xe5\xc1tmq\xa0P\xb6\x9d\x08\xcev\
\x0e\x9a\xcd\xe5\x03\x85\x00\x01!\xe8R\xdd\xd2\xfc\xc0\x0d\
\xee_\xa9\xb1\x9f.(\x01P\xbc\xacxn\xf0M\xab\
\xa8\xbf\x83H\x1b\xa1e\xd6\x02\xcc\x1c\x07\x0aU\xca\x10\
\xe9\xce@\x87\x080\xb7\x8b\x8b\xa6MJ\xb3b\x22\x82\
2G\x22K\x06\x03\xb0,#\x0e\x14\xb2\x9de\x96\x02\
\x00\x81tA\xe2*\xb3\xa8O\xfan\xf0\xc4J\x8e\xff\
\xe5F\x09\x80\xe2e\xc7s\x83\xcf\x98E\xe37\x09\xa2\
g9\x11\x003\x5c\xd7E\xa9\x5c\x8a\xf7\xed;D \
\xfd\xd9n&L9+@d\x05E\x18\xc8|\x07\x96\
e\x22\x0cCx\xae\xf7|\x22`\x02\xb8\xc1,\x9a\xf7\
\xf9\xae?\xb5\x22\x03?\x0dPEA\x15\xa7\x05\xfd}\
\xfd\x9b$\xa2Y\xce\xb5\x11_\x8a0\x08P\xadV\xd3\
\xbe\xa3\xc8\xcf\xda(\x8a\x10\x06\x01\x5c\xd7\x85\xeb:\xb0\
m\x1b\xb6mgEB4]\x87e\x9a(X\x05X\
\x05\x0b\x86a\xc24-\x0c\x0f\x0f\xa1T./S\x5c\
4\xfe) z\xc0\xb8\xa3w\xb0g\xfd\x8a\x0c\xfa4\
@Y\x00\x8a\xd3\x82\xf9j\x8d\x0b\xe5\xe2w$\xcb_\
'\x08s9\x11\x88\xc2\x10\xcc\x0c\xcb*\xb4M\xfe\x84\
\xac\x98\x88\xe4,\x84\x88D>F \xc9\x19 \x02d\
\xbb;Q\xc1\xb2\xd0\xb2mDa\x14\x9f\xe8\xa4\xc9C\
\xa2\x10\xc8\xf0\xd7\xb6l\xde\xf273\xd33k\xbe\xac\
\x98\x12\x00\xc5i\x83\xe7x\xd3V\xc1\xdc\x03\xc6;\x00\
\xd2\x96\x13\x81 \x0d\x142\xadEN\xbc\xac\x9aP\xba\
K\x00\xe4\xba\x0e\xc5\xcdF\x04\x08$\x16V\x14*\x14\
,\xd4\xeb\x8d\x8e\xaeC\x0b!\x024\x12\xc5\xb9Z\xf5\
\xb7\xc6\xb7\x8c~\xaa6]_\xd3\x05F\x95\x00(N\
+6l\x1a\xdd\xdbh\xda!\x01\xd7\x01\xb4\x5cU1\
\xf8\xbe\x17\xf7\x09\xe8,&\x82v\x89q$w\xf8T\
\x044M\x8b\x9b\x90f\xbb\x03\xb1?@r\x5cg\xa0\
X,`~\xbe\xf6<1\x02\x80\x10Z\xb1^m\xfc\
\xe6\xba\xf1\x91\xcf\xd6\xe6\xd7n\xa9q%\x00\x8a\xd3\x8a\
\xb9\x99\x1aO\xac\x1f|\xb8\xde\xb47hB\x5c\x84\x9c\
Oo)<\xd7]XL\xa4S\x04\xb2\xaeC\xb1\xbb\
+\xed8\x946!M\x83\x8c\x99%\x18\x80\xaek(\
\x14\x0a\xa8\xd5\x9e/P\x08\xd0\x84\xd6Uo\xd5\xdf4\
\xbc\xbe\xff+\x8d\xaa\xbd&E@\x09\x80\xe2\xb4\xa3:\
\xd7\x88FG\x07\xefl\xb6\xec\xeb4M\x9fX.F\
 \x0d\x14*\x95J\xc9\x84\xc6\xa2\xc3\xb9\xa3\xf5\x98\x10\
\x22\xae#\x90\xa4\x10\xa7\xed\x8aXJ0\x03\xba\xae\xc3\
\xb2L\xd4\xeb\xf5e\x1b\x8e\xc4\x22\xa0\xafk5\xed\xb3\
G'z\xbf\xb3\x16K\x8d+\x01P\x9c\x96\xd4kM\
oh\xbc\xf7\xbbN\xd3y\x8f\xd0\xf4\xf2\xbf+F\xa0\
\x5c\xce\x8a\x82\xe4\x1f\xcb\xffL\x97\x14Z>i(W\
_ u\x1e\x1a\xba\x01M\xd3\xd0j&Y\xc1'K\
\x1e\x02H\x90x\x95m\xfb\xe1\xab\xb6\x8d\xdfs\xfcx\
me.\xc0)B\x09\x80\xe2\xb4\xa51o7\x87\xc6\
\x06nw[\xce\xef\x90\xd0\x96\xdd\x1e\x043l'\xad\
(\xb4\xb0\x8e\x00r\x81B\x00\xb2\xc7\xb3\x06\xa4I5\
\xa14\xca0\xeeM\x10\xf7\x1a\x90\xcfSQ(I\x1e\
\x22\x02]>]m\xdc\x1bz\xe1\x9a\x8a\x11P\x02\xa0\
8\xadi\xd4Z\xb3}\xc3\xbd\xdf\xf7]\xef\xbdq\xaf\
\x91\xe5E\xc0\x0f\xfc%\x8b\x89\xa0\xd3\x12\x00\x92\x86#\
Z\xbb\xe1\x08b_A\xba\x95\x08\x8a\xbb\x0e\x05\x81\x0f\
\xd7\xf3\x96\xf1\x090\x08\xc2\xd4\x04z\x86\xd7\x0f\xfcs\
}\xae\xb9f\x1a\x8e(\x01P\x9c\xf6\xb4\xea\xf6\xa1\xae\
\xfe\xae'#?|\x17\x91X\xd6\x12\x90Q\x84(\x8a\
P(\x14\x80\x0e\x11X\xdc{06\xfdu\xad\xed\x0f\
\xc8\x8a\x89\xa0]\x8e\xbcP(\xc0u\x1d\xf8A\xb0\xac\
c\x90\x81\x0dA\x10\xfe\x8bk{GWl\xf0\xab\x8c\
\x12\x00\xc5\x9a\xc0i:O\x95\xbaK.Ky\x03@\
\xcbZ\x02a\x10\x80@\xb0\xac\xa4\xe1H\x87`\xb4E\
\x80\xb2\xad\xc0\xb8\xa4\x98X\x907\x90\x16\x13!\x12(\
\x16\x0bh4\x1b\x88\x22\xb9\x84\x08P\x5c\x94\x040\x98\
e\xd5s\xfd\x1f\xae\xec\xe8W\x0f%\x00\x8a5C\xb9\
\xa7\xfc\x08K9\x0c\x89\xcbcg\xde\xc9E\xc0\x0f|\
hz\xdc)hQ\x8c@\xdapDr\xdcv<)\
&\xa2\xe9\xf9\xec\xc1\x5c1\x11\xc4u\x06J\xa5\x12\xaa\
\xd5*\x00^d\x85PR\xa3\x00$\xfa\x06\xd7\x0f|\
\xbe1\xd7X\x13\x01BJ\x00\x14k\x06\xa7\xe9D\xe5\
\xee\xd2\xc32\x92\x17\x12\xb0\xf5\xf9,\x01\xdf\xf3`\x99\
\x164][\xb4\x9d\x97E\x0a\xa6\x8d\x07@\xf1\xce\x80\
&\x12\xc7`\x22\x04\xa0\xd8)\x18w\x17F\xa5\x5c\xc1\
\xdc\x5c\x15@g\xce\x02!^8P\x85\xa5\xfc\x8a\xd3\
t\xd6Dea%\x00\x8a5\x85\xd3r[f\xd9\xdc\
\x0e\xe67\x12\xc4\xc8r>A \x8e\x11(\x16K\x10\
Z\x1c\xf4\xd3>>\xfe\x87L\x84 \xde\x18\x88E \
\xdb\x1d\xc8\x95\x19\xe7\xc4\xc6\xd74\x0d\xe5r\x19\xd5j\
u\x91\xa8$F\x80\x0e\xe2{]\xdb{r\xa5\xc7\xbe\
\x1a(\x01P\xac9|\xc7\x9f\xb6J\xd6\x1e\x96\xfc3\
\x04\xb1l\x8c\x00\x00\xd8N\xbb\xebPj1\xa4k|\
\xa0m\x0d\xa4\xfe\x00\xa1\xeb\xd04\x1d\xa6iA\xd7\xf4\
\xb6\xcf v\x1b@\xd7\xe2h\xc1\xf9\xf9\xf9\xf8LY\
\xfaq\xfck\xc4r\xcaw\xfd5QAH\x09\x80b\
M\xe29\xfesfQ\x9f&\xd0[\x09\x1d\xad\x84:\
\xc9\x02\x85*\xe8\xf4\x1d\xb4\x8b\x89H\x10\x18!3\xde\
u\xf3\xcd\xf8\xc0\x07n\xc1;~\xfem\xb8\xe6\x9ak\
P\xe9\xaa`rr\x0aa\x18d\xdb\x8b\x86a$\x15\
\x85\xe2\xb2bi Q,\x12\xbc\xdfw\xfd\x7f^\xdd\
+\xb02(\x01P\xacY|7\xd8\xa9[B\x08\x12\
\xd7v\xf6\x0f\xc8C@\x5cL\xc4sQ,\x95\x169\
\xf0\xe2>\x03\x12\xbai\xe1\xe3\x1f\xff3\xdct\xd3[\
Q)\x97\xa1i:J\xa5\x22\xce=w\x1bt\xdd\xc0\
\xde\xbd{\x91\x16\x22 \x00fRL\xc4\xb6\xe3@\xa1\
l\xb9@8\xe8\xbb\xfe\x97Vk\xdc+\x89*\x08\xa2\
X\xd3\xb4j\xce\x7f\x09\xa4\xffOL\xb9r`\x1d\xa4\
u>\xe2b\x22s\xd9z>\xab,F\xf1\x8e\xc0\xd5\
W]\x85\xd7\xbf\xeeu\x89\xe7\xbf]QX\x10\xe1\x86\
\x1b\xae\xc7\xe8\xe8\x18\x0a\x05\x0b\x05\xcb\x82e\x15P\xb0\
\x0a\x18\x19\x19\x81i&e\xcb\x93%\x85\xec,U|\
\x1a\xa3\x04@\xb1\xe6\xb1\xeb\xee\xafF2\xb8\x9b\xb1\xbc\
\x080\xe2\xec\xc1Z\xad\x9e\xac\xeb\xd3\xe5\x00\x01$p\
\xd5UWv<+S\x08X\x05\x0b\x03\xfd\x030M\
\x13\x96e\xc5BP(\xa2\xabRAwwW\xfb5\
\x98ALGVq\xb8+\x8a\x12\x00\xc5\x19A\xb3f\
_+9|\x12\xc0IE\x00H\xbb\x10\xb7\xd0j\xc5\
I>\xe9\x9e\x7f\x9cI\x98\xd4\x10\xc8=;5\x14X\
J8\xae\x93\x94\x113a\x99\xb1%P(\x14\xe2r\
by\x04\xf6\xac\xf4\xf8V\x0b%\x00\x8a3\x06\x06\xbf\
%\xe2\xf0\x10\xf0<\x22\xc0\x8cz\xbd\x0e\xd7u\xb2\xda\
\x82$\x08\xdf\xf8\xfa\xb7!#Nb\x03\x10'\x11!\
>\xe0\xc0\xfe\xe707;\x97U\x162\x0c\x03\x86e\
\xc2\xb4\xacv\x19\xb1\xe4\xa9\xa6i\xdc\xb5\xdac])\
\x94\x00(\xce\x18\x9a\xf3\xf6a\x80\x7fQr4\x1fG\
\xeb\x9d|)\xce\xcc\xa8\xce\xcd!\xf0\xfdx\x19\xc0\xc0\
\xde}{\xf0\x99O\x7f\x16\x91\xe4d9\x1f/\x1c\xe6\
k5\xfc\xdf/\x7f\x15A\x10\xd7\xfc\xd0\x92\x16d\xa6\
a\xc04-4\x1a\x8d\xf8XbHDs\x95\x81\xca\
\x9a\xb1\x00\xd4.\x80\xe2\x8c\xc2w\x83)\xb3h\x9c \
\x88\xb7\x10\xa0/\x9bA\x0cdu\x04\xb4\xa4t\xf8\xce\
\x9d;\xf1\xd8\xf6\x1d`\x19a~\xbe\x8a\xfb\xee{\x00\
\x9f\xfe\xf4gq\xf8\xf0!\x88\xb4\xb4\xb8\xa0\x05AB\
O\xfc\xe4\x89\xc4Z`0\xc9\xaf\xce\x1e\x9a\xfd\xfa\xa9\
\x19\xedK\xe7y\xe2\xa8\x14\x8a\xb5\xc79\xd7\x9cCG\
v\x1c\xfe\x84&\xf4\x0fQr\x93\xe3e\xfc\xf2B\x08\
\x8c\x8f\x8d\xc7Y\x81\x9a\x80\x10\x1a4M\x87&4h\
\x9a\x80i\xe8(\x95\xca(W\xca(\x14\x0aIqQ\
\x0d\x0c\xe0\xe8\xb1\xa3\xb8\xe7\x9e\xbb\x000$\xb3\x84\x8e\
\xd7\xb6\xaa\xadGO\xc9@W\x00e\x01(\xce8f\
'gq\xd69\x1b\xee\xaa\xcf\xd7.\x16\xa4\x9f\xfb|\
w9fF\xcbn\xa1\xd2\xd5\xd5\xae\x0e\xc4\x80\xa0t\
o\x9f\x91\xf6+\x10YAQ\x01\xd7s\xf0\xc8#\x0f\
\xc3u\x1d\x00\x04I\xd1Sv\xcd\xfe\x93S0\xc4\x15\
C\x09\x80\xe2\x8cd\xee\xc4\x9c\x1c\xdb8v{\xb3^\
\xffy!\xf4\xc1\xe7\xb3u\x99\x19\xbe\xe7&\x15\x85r\
\x9d\x85\x91\x13\x01\x00H2\x07\x99\x19\xdb\xb7o\xc7\xf1\
cG\xd3T@\xdf\xec.\xbc\xd5\xad;k\xa6\x16\x00\
\xa0\x96\x00\x8a3\x9c\xb1\xcdC\xfd\xb5\xe9\xfa!C/\
\x16\x09|\xd2\xa5@\x9a\xcd[\xa9T088\x94\x94\
\x0f\x8f\x13\x824!\xa0\x09\x0d\xba\xa1'1\x00\x05<\
\xf1\xe4O0}\xe28\x12a\xe0\x90\xa2\xbfvj\xce\
\x1f\x9c\xc2\xa1\xad\x08J\x00\x14g<c[\xc6\xc6\xea\
\xd3\xf3\xcf\x18\x9aY\x02\x96\xf7\x07\x00@_o\x1f\xfa\
\xfa\xfa\xa0i\xf9nB\xb1\xe7\x1f\x00\xf6\xec\xdd\x03\xd7\
s\xdb\xe5\xc45\xfe\xa7\xbe\x91\xee\x0fL\xed9\xda\x5c\
\xed\xb1\xac4J\x00\x14\xaf\x08\x86\xd6\x0f\xf4\xb9\x0d\xf7\
\x1e\x82vA\x1a\xff\xb7\x9c\x0e\x0c\x0c\x0c\xa2\xa7\xa7\x07\
ZV(\x941;;\x83\xb9j5;\x86YB\xe8\
\xf49Q4?T=<;\xb7\xba#X\x1d\x94\x00\
(^1\xf4\x0cu\x0d\xc9@\xdeF\xd0\xdeK\xa0.\
`\xe1\x04\xe8\x14\x848B0-\x0d\xc6YR\x11\x83\
\x11F\x814\x8a\xe6\x9f0\xf0\x17\xb5\x13\xb5\xe8T\x8d\
a\xa5Q\x02\xa0x\xc5\xd17\xda{E\xe0\x04\x7f\x09\
\xc6\xd5\x1a\xe9\xed\x12!\xc9\xbf\x92\xb4\x7f o'\x10\
\x01\xcc\x888\x024\xdc^\xee\xab\xfc\xfa\xb1g\x8fU\
\xb1\xc6Q\x02\xa0x\xc528:0\xec\xfb\xfe\xfbe\
\xc4\xef$\xd0\x05I\x0a`>]\x98\x01D\x0c\x8e\x88\
\xf8\x19\xd2\xe8k}=]\xff\xe3\xb9g\x0f\xb7^\xc6\
\xb7\xbd\xa2(\x01P\xbc\xe2Y\x7f\xf6z\xd3w\xbc\xa2\
\x1f\xfa#\xa1\x8c.\x94\x12\x1b5 \x04\xe8\x88\x10t\
\x80\x89\x0f\x18\x9a97sdf\xcd\xa4\xf9*\x14\x0a\
\x85B\xa1P(\x14\x0a\x85B\xa1P(\x14\x0a\x85B\
\xa1P(\x14\x0a\x85B\xa1P(\x14\x0a\x85B\xa1P\
(\x14\x0a\x85B\xa1P(\x14\x0a\x85B\xa1P(\x14\
\x0a\x85B\xa1P(\x14\x0a\x85B\xa1P(\x14\x0a\x85\
B\xa1P(\x14\x0a\x85B\xa1P(\x14\x0a\x85B\xa1\
P(\x14\x0a\x85B\xa1P(\x14\x0a\x85B\xa1P(\
\x14\x0a\x85B\xa1P(\x14\x0a\x85B\xa1P(\x14\x0a\
\x85B\xa1P(\x14\x0a\x85B\xa1xa\xfc\x7f0\xd2\
\x81gl\xa4p\x8d\x00\x00\x00\x00IEND\xaeB\
`\x82\
\x00\x00\x88\xc3\
\x89\
PNG\x0d\x0a\x1a\x0a\x00\x00\x00\x0dIHDR\x00\
\x00\x01\x00\x00\x00\x01\x00\x08\x06\x00\x00\x00\x5cr\xa8f\
\x00\x00\x05NiTXtXML:com.\
adobe.xmp\x00\x00\x00\x00\x00<?\
xpacket begin=\x22\xef\
\xbb\xbf\x22 id=\x22W5M0MpCe\
hiHzreSzNTczkc9d\
\x22?>\x0a<x:xmpmeta x\
mlns:x=\x22adobe:ns\
:meta/\x22 x:xmptk=\
\x22XMP Core 5.5.0\x22\
>\x0a <rdf:RDF xmln\
s:rdf=\x22http://ww\
w.w3.org/1999/02\
/22-rdf-syntax-n\
s#\x22>\x0a  <rdf:Desc\
ription rdf:abou\
t=\x22\x22\x0a    xmlns:d\
c=\x22http://purl.o\
rg/dc/elements/1\
.1/\x22\x0a    xmlns:e\
xif=\x22http://ns.a\
dobe.com/exif/1.\
0/\x22\x0a    xmlns:ti\
ff=\x22http://ns.ad\
obe.com/tiff/1.0\
/\x22\x0a    xmlns:pho\
toshop=\x22http://n\
s.adobe.com/phot\
oshop/1.0/\x22\x0a    \
xmlns:xmp=\x22http:\
//ns.adobe.com/x\
ap/1.0/\x22\x0a    xml\
ns:xmpMM=\x22http:/\
/ns.adobe.com/xa\
p/1.0/mm/\x22\x0a    x\
mlns:stEvt=\x22http\
://ns.adobe.com/\
xap/1.0/sType/Re\
sourceEvent#\x22\x0a  \
 exif:PixelXDime\
nsion=\x22256\x22\x0a   e\
xif:PixelYDimens\
ion=\x22256\x22\x0a   exi\
f:ColorSpace=\x221\x22\
\x0a   tiff:ImageWi\
dth=\x22256\x22\x0a   tif\
f:ImageLength=\x222\
56\x22\x0a   tiff:Reso\
lutionUnit=\x222\x22\x0a \
  tiff:XResoluti\
on=\x2296/1\x22\x0a   tif\
f:YResolution=\x229\
6/1\x22\x0a   photosho\
p:ColorMode=\x223\x22\x0a\
   photoshop:ICC\
Profile=\x22sRGB IE\
C61966-2.1\x22\x0a   x\
mp:ModifyDate=\x222\
025-08-05T19:05:\
14-04:00\x22\x0a   xmp\
:MetadataDate=\x222\
025-08-05T19:05:\
14-04:00\x22>\x0a   <d\
c:title>\x0a    <rd\
f:Alt>\x0a     <rdf\
:li xml:lang=\x22x-\
default\x22>Zoom</r\
df:li>\x0a    </rdf\
:Alt>\x0a   </dc:ti\
tle>\x0a   <xmpMM:H\
istory>\x0a    <rdf\
:Seq>\x0a     <rdf:\
li\x0a      stEvt:a\
ction=\x22produced\x22\
\x0a      stEvt:sof\
twareAgent=\x22Affi\
nity Photo 1.10.\
6\x22\x0a      stEvt:w\
hen=\x222025-08-05T\
19:05:14-04:00\x22/\
>\x0a    </rdf:Seq>\
\x0a   </xmpMM:Hist\
ory>\x0a  </rdf:Des\
cription>\x0a </rdf\
:RDF>\x0a</x:xmpmet\
a>\x0a<?xpacket end\
=\x22r\x22?>\x16~\x8b\x09\x00\x00\x01\x81iC\
CPsRGB IEC61966-\
2.1\x00\x00(\x91u\x91\xbbK\x03A\x10\x87\xbf\
<\xc4\xa0\x91\x08\x0aZX\x04\x89V\x89\xf8\x80\xa0\x8d\
E\x82FA-\x92\x08Fm\x923\x0f!\x8f\xe3.\
A\x82\xad`\x1bP\x10m|\x15\xfa\x17h+X\x0b\
\x82\xa2\x08b\xad\xad\xa2\x8d\xca9g\x84\x88\x98Yf\
\xe7\xdb\xdf\xee\x0c\xbb\xb3`\x8df\x95\x9cn\xef\x87\x5c\
\xbe\xa8\x85C\x01\xf7\x5cl\xde\xdd\xf8\x84\x83\x06:\xb0\
c\x8f+\xba:\x1d\x19\x8fR\xd7\xden\xb0\x98\xf1\xca\
g\xd6\xaa\x7f\xee_k^J\xea\x0aX\x1c\xc2\xa3\x8a\
\xaa\x15\x85'\x84\xa7V\x8a\xaa\xc9\x9b\xc2\xedJ&\xbe\
$|,\xec\xd5\xe4\x82\xc2\xd7\xa6\x9e\xa8\xf2\xa3\xc9\xe9\
*\x7f\x98\xacE\xc3A\xb0\xb6\x0a\xbb\xd3\xbf8\xf1\x8b\
\x95\x8c\x96\x13\x96\x97\xe3\xc9eK\xca\xcf}\xcc\x978\
\x93\xf9\xd9\x88\xc4n\xf1.t\xc2\x84\x08\xe0f\x921\
\x82\xf8\x19`Df?>\x06\xe9\x93\x15u\xf2\xfb\xbf\
\xf3g(H\xae\x22\xb3J\x19\x8de\xd2d(\xe2\x15\
\xb5$\xd5\x93\x12S\xa2'ed)\x9b\xfd\xff\xdbW\
=54X\xad\xee\x0c@\xc3\x83a\xbc\xf4@\xe3\x06\
|V\x0c\xe3}\xdf0>\x0f\xc0v\x0fg\xf9Z~\
a\x0f\x86_E\xaf\xd44\xcf.\xb8\xd6\xe0\xe4\xbc\xa6\
%\xb6\xe0t\x1d:\xef\xd4\xb8\x16\xff\x96l\xe2\xd6T\
\x0a\x9e\x8f\xa0%\x06m\x97\xd0\xb4P\xed\xd9\xcf>\x87\
\xb7\x10]\x95\xaf\xba\x80\xed\x1d\xe8\x95\xf3\xae\xc5/\xfb\
\xabg\xb5\x8c\x9a\xfa\xbd\x00\x00\x00\x09pHYs\x00\
\x00\x0e\xc4\x00\x00\x0e\xc4\x01\x95+\x0e\x1b\x00\x00 \x00\
IDATx\x9c\xec\x9dw\x80$Gu\xff?\xaf\
z\xd2\xe6\xdd\xdb\xcb\xf9\x94\xc3)'\x84\x91\x10\x98 \
\xb2\x11\x88`\x0c\xf8\x87\xc9\xd8\xb2\x8d\x8d\xc1`\x93q\
 cc\x83\xb1\x8c\x0d\xc6\xd8\x06l\xc0\x04\x93\x11\x18\
\xa1\x80\x02\xca\xd2)]\xce\xbb\xb7ifg\xa6\xbb\xeb\
\xfd\xfe\xa8\x8e\xb33\x8b\xd2\xdd\xae`\xbe\xd2\xdc\xceL\
WWW\xf5\xf4{\xf5rA\x17]t\xd1E\x17]\
t\xd1E\x17]t\xd1E\x17]t\xd1E\x17]t\
\xd1E\x17]t\xd1E\x17]t\xd1E\x17]t\xd1\
E\x17]t\xd1E\x17]t\xd1E\x17]t\xd1E\
\x17]t\xd1E\x17]t\xd1E\x17]t\xb1\xb8!\
\x0b=\x80.\xba\xe8\x22\x85\xc2\x12\xe0\xb1@\x00\xfcP\
\xa0\xb1\xc0C\xea\xa2\x8b.\x8e\x04\x14\x9e\xa0\xb0GA\
\x15\xac\xc26\x85\xcd\x0b=\xae.\xba\xe8\xe20C\xe1\
L\x850\x22\xfe\xec\xeb\xa7\x0a\xdeB\x8f\xaf\x8b.\xba\
8LP8Faw\x1b\xe2\xd7\x88),[\xe81\
v\xd1E\x17\x87\x01\x0a+\x15n\xee@\xfc\xaaPU\
\x18<\x5c\xd7/\x1c\xae\x8e\x1f\x08\xd4\x19!O\x06N\
\xc4\x19;\xae\x13\xd8\xbd\x90c\xea\xa2\x8b#\x05\x85Q\
\xe0{8\x1a\xe8\x84\x7f\x04\xa6\x8f\xcc\x88\x8e0\x14.\
Q\xf0[\xb8\xdd\x09\x0b=\xae.\xba8\xdcP\xe8W\
\xb8a\x9e\x95\xdf*\xdc\xaa\xd0w8\xc7\xb1`n@\
\x85u\xc0\x16\xa0\xd2rh/\xf0$\x81\xdb\x8e\xfc\xa8\
\x1e\x19\x1cw\xd6q2\xbe\xff\x90\xe9[6lj\x07\
\xa7\x06\x83\xa6\xdfS\xec\xadx\xb5\xc9\x99\x93\xd4\x86\xa3\
\xd6\xb2\x12t@\x8cQ\xa0/\xfa\xcd\xc7\x04\x99Ph\
 :n\xf0\xb6-\x19\x1e\xb9k\xbc:\x89\x11\xa4T\
)6\x0fn=\x18.\xf4\xdc\xbax\xf8P(\x02_\
\x02\x9e=O\xb3\xff\x03.\x16\xa8\x1d\xce\xb1,$\x03\
\xb8\x10\xf8Q\x87\xc3\xb7\x02\xcf\x11\xb8\xef\x08\x0e\xe9a\
ax\xd9\xc8\xb0\x1f\xfa\xc7\x11r\xa6\xb5z.\xaa\xa7\
\x09l\x12\x91AD<QA\x04U\x90\xf8\xa6\x0b\xa0\
\xb97\xee\xbd\x82\xaa\xaa\xa0\xaa\x0a5\x0c\xbb\xd4\xda\xfd\
jtG\xc1\x98\xefK\xc1\xbb\xbaT.\xdd?\xb6s\
\xec\xb0>\x1c]<\xf2\x88,\xfa\x9f\x06^6O\xb3\
\x9f\x02\xbf!p\xe0p\x8fg!\x19\xc0\x99\xc0\xf5\xf3\
4\xb9\x15\xb8H`\xec\x08\x0d\xe9A\xe1\xe8sV\x17\
\x0f\xee\xa8\x9da\xfd\xf0\x85\xd6\xb7\xcf\x04Y!\xc8\xa0\
 \x8e\x84\x1d\x19\xa3\x08\x22\x82\xc4\xb7:\xbe\xe3\x9a\xbe\
WM\xa9_\xd0\xe8P\x9e+8F\xa1\xa0\x82E}\
\xb0\xd3\x88nE\xe4+\xc6\x93\xaf\xf5\x0c\xf4\xde\xba\x7f\
\xeb\xfe\xe0\x88L\xbe\x8b\x87\x04\x85\x12\xf0!\xe0\x0dt\
\xa6\xbd-\xc0\xd3\x8e\xd4\xe2\xb7\x90\x0c\xc0\x03\xae\x04\xce\
\x9b\xa7\xd9~\xe0\x04\x81CGfT\x9d\xb1\xfe\x94\xf5\
\xe2O\xf9\xa3\xd3\xd3\xd3\xcf\xb3~\xf8\xbb\xa8\x9cl\x8c\
\x11\x11\x03\xaa\x19\xd2\x051\x86\x82\xf10\x05C\xa9P\
\xa4P,\xe0y\x1e\x85B\x11\x11G\xd8\xee\xaf\xbb\xfd\
\x22\x06P\x82\xc0'\x08B\xac\xb5Xk\xf1}\x1f\xbf\
\xd9$\x08C\x12\x1e\x01\xee|$\xf9\xf5,\x1a*\xf6\
 b\xaf2\xc6|\xb6\xd2[\xbe\xe2\xc0\xce\xf1\x05\xbf\
g]\xe4\xa1\xf0'\xc0_\xd1\x99\xeef\x80\xe3\x8f\xa4\
!|AC\x81\x15\x96\x02\xdf\x01\xce\x98\xa7\xd9\x958\
u`A$\x81\x0d\xc7\xae\x1e\x1a\x1b\x9b|\xae\x86\xfa\
:\xb1r\x8e\x88\xc9/\xce\x801\x86r\xb9Loo\
/\xe5r9!\xf4X\xd6\x8f\x17\xfbV\x22\x8e\xffh\
\xf6\xf3\x9cv \x22\x04\x81\x8f\xef\x074\x9buj\xb5\
:a\x18`U\xe7\xfc\x80\x0aj\x09\xf7\x1aO\xbeS\
(z\xff4\xbcd\xc95\xf7\xdfq\x7f\xf3\xe1\xdf\x89\
.\x1e\x0e\x14\xfe\x10\xf8\x00\x9d\x83zv\x03O\x16\xb8\
\xfd\xc8\x8dj\x11\xe4\x02(\x8c\x00_\xc7\xc5?w\xc2\
7\x80\x17\x0aT\x8f\xc4\x986mZn\xc6\xab\xf5\xf3\
\x82F\xf0ZT\x9en\xc4[\xea\x8e8j-\x14\x0a\
\xf4\xf6\xf6288H\xb1X\xc2\x18A\xad\xa2m{\
\xd3\x1c\xb3\xd0\xdc\x9b\xcc9-T\x9f\xfd\x94\xd5\x1a\xe2\
vV\x15\xdf\xf7\xa9\xcf\xd6\xa8\xd6f\x09\x82 \xf3c\
&\x96\x06U\xf46\x8c~\xa2X,|n|\xff\xc4\
\xd4\x83\xbb\x13]<\x12Px\x05\xf0\xf7@\xb9C\x93\
1\xe0\x05\x02?8r\xa3rXp\x06\x00.\x18\x82\
_\xec\x0f\xfd\x16\xf0\x5c\x81\xfa\xe1\x1a\xc7\xba\x13\xd7\x95\
\x0f\xed\x1d\x7f\x86\x0d\xede\x1e\xe6\x5c\x11\xaf\x07\x9c\x8e\
^(\x14\x18\x18\x18`pp\x90R\xa9\x14\xd1\xb5F\
\xf4\xa8\xadt\x9e\x10\xea\xdcE_sL \xf9\x94\xe7\
\x0c-\xc8\xd8\x0f2\xb6\x03gcp\x1f\xfd \xa0V\
\xad2==M\x18\x86\x88\x91\x88\x0f8\xd5\xc4\xaa\xad\
\xe2\xe9\xd7\xfa\xfa{\xde\xbeo\xc7\xc1\xbb\x1f\xe2-\xea\
\xe2A \x8as\xb9\x08\xf8\x1a\x9d\xddyu\xdc\xe2\xf6\
?Gj\x5cY,\x0a\x06\x00\x89[\xf0f`\xb8s\
\x13\xbe\x09\x5c\x22\xf0\x88\x8a\xb4k\x8eZ]\x9e84\
q\x89\x84\x5c\x86\x98\xb3D\xa5\xa8j1\xc6\xa3\xaf\xaf\
\x8f\x91\xe1\x11z\xfb\xfa0bP\xb5\x91\xa3\xd6\xa2\xaa\
\xee\x05\xb9\x15\xbc\x13\xd1g\xed\x04)\xf1\xcb\x1cf!\
\x09c\xc9\x7f\xdb\x11\xd9C\xaa\x04a\xc8\xf4\xd4\x14\xd5\
j\x8d\xd0\x86\x98H\x17QQP=\xa4\x86\xcf\x22|\
`z|z\xd7\x83\xbdW]<p(\x9c\x0b\xfc\x04\
\xe7\xf6k\x87\x00x\x16\xf0mi\xcf\xf9\x0f;\x16\x0d\
\x03\x00P\xd8\x04\x5c\x01\xac\x9f\xa7\xd9\xe5\xc0\xeb\xc4\xdd\
\xbc\x87\x85\x0d\xc7l0\x07\xc6\x0f>\x0b\xdf\xbe\xc93\
\xde\xb9\x82\x14U\xc1+x\x0c\x0f\x0d3\xbad\x94J\
\xa5\x92\x10\xba\xb5\x8aU\x0bV\xb1\xaa\x093\xc8\xcf\xa1\
\x95\xc0\xd3\xc9\xb5\xcc5n\x94\x97\x022\xf6\x85l\x1b\
\xc0\x89\xf5\xad\x17\x8c!\x91\x93 \xf3\x95U\xcb\xcc\xf4\
4\x93SSXk\x13\x9b\x84\x88`\xad\xadR\xe2\xbd\
\x03K\xfa>\xb4{\xcb^\xff\x81\xde\xb3.\x1e\x18\x14\
\xce\x07\xbe\x02,\xef\xd0\xa4\x89\xb3\x0b|R\xc0\x1e\xb1\
\x81\xb5`Q1\x00\x00u\xe9\x8f_\x036\xce\xd3\xec\
\xa3\xc0\x1f\x0b<\xe4\xc0\x98\x91U\x83g\xd4g\xfc\xf7\
\x16M\xe1\xd7A\xca\xaa\x96b\xb1\xc4\xe8\xe8(\xcb\x96\
.\xa3\x5c.\x13\x86!\xaaJ\x18Z\xd4ZG\xf4\xd6\
&\xab~\xcc\x18\xdc\xb8\xf3\xc4\x9c|\x1f\xb7\xb5\x8a\x08\
\x84\xa1\xc5Zg\xd5\xb76D\x01#\x06\xe3\x19\xc0I\
\x09\xc6\x98\x88X\xf3\xae\xc0\xdcB\x9f9*\xaa)\xb3\
H<\x0bi;T\x99\xa9V\x99\x9e\x9a\xc2\xcf\xd8\x0a\
T\x940\xf4\xf7\x8bg\xde68:\xf8\xaf\xbb\xef\xdd\
\xd3\xcd=\x7f\x04\xa0.\x9a\xf5\x9b\xb8\x05\xad\x1d,\xf0\
.\xe0=\x0b\xb5\xf2\xc7Xt\x0c\x00@\x9dk\xf0[\
\xcc\xaf\x0e\xbc\x1fx\xdb\x83e\x02\x1b\x8e^?46\
v\xe0}\xa2\xe6%\x22\xdep\xac\xdf\xafX\xbe\x92\x95\
+VR*\x15\x09\xc3\x10\x1b:W\x5ch-6b\
\x046\x16\xf9\x13\xd1_\xf3L@\x95 \x08i\xfa\x0d\
\x1a\xf5\x06\xcdF\x93\xa6\xdf\x8c\x5c{\xd10E\xe6\xa8\
\xf2y\xa2u\xde\x03c\x0c\x9e\xe7Q,\x16(\x95\xca\
\x14\x8bE\x0a\xc5\x22\x9e\xf1\x88\x8d|\xd2\xc6\xab\xe0\xc6\
\xd2\x8e\x098\xb5eff\x86C\x13\x93$\xb1\x0a(\
V50\x1e_\xb4\xc6\xfc\xe1\xcc\xd8\xd4\xbe\x07s?\
\xbb\xc8C]\xe6\xde\xcf\x80\x0d\xf34\xfb\x10\xf0\xa6\x85\
&~X\xa4\x0c\x00@\xe118\x17\xa0\xe9\xd0$\x04\
\xde\x0c|\xf8\x81\xde\xc8\xe1\x95\xc3OmV\xeb\xffP\
\xf4\xca\x1b\x88\xf4\xec\x15+V\xb0a\xfd\x06z{z\
\xf1\x83\x00\x1b\x86\x84\xa1un6k\x13)\xc0\xe6V\
~\x9b0\x840\x0c\xa9\xcf\xd6\x99\x9c\x9c\xa0\xdeh\x10\
\x86a2\x01\xa7\xde\xb7\x88\xf7\xc9\x1f\x89\xa2\xfe$\x0e\
\xf3\xc9\xbcw,\xa2\xd5\x13\x10\x07\x14Uz*\xf4E\
.Gc\xbc\xb8\xab\xf4\xdei\xf6:\x99\x9b\x93\xf1E\
\xce\xcc\xcc011\x191&w-+\xcc\x94*\x85\
\xd7\x1c\xdaw\xe8\xf3\x0f\xe4~v\x91\x87:q\xffZ\
\xe6'\xfe\x7f\x04~o\xb1T\xfaY\xcc\x0c \xb6\xa0\
\xfe\x17\xceU\xd8\x0e\x16\xf8#\xe0c\xf31\x81W\xbf\
\xf3\xd5\xf2\xb9\x8f|\xee\x13\x9e\xcak\xc4x\xa8\xb5\x0c\
\x0f\x8fp\xf4QG1:\xba\xd4\x05\xde\x84\x96\xc0\xf7\
\x09B\x17\x88\x13\xaf\xda\xb1\xde\xafj\xdd{k\x09\x02\
\x9f\xc9\xa9)\xc6\xc7\xc7\x08\x830\x13\xdc\x1b\x8d\x5cS\
\xd1]\xe3\xf7J\xb2\xfa#\x82)\x16A\x84\xd0\xf7\xa3\
\xd8AA\xc2l_Y\xa3\xa2f.\x91^\xcb\x18\xa1\
P(0\xd8?H\xb9\xa7\x82\xe7y\xed\x1c\x05)$\
\xc3Z\x14|\xdfgrr\x92\xdal\x0d4\x0aN\x12\
\x084\xfc\xf1\xc0P\xcfK\xf7n?\xb8\xbd\xd3=\xed\
\x22\x0fu\x99}_\x04\x9e0O\xb3\xaf\x00/Z,\
\xc4\x0f\x8b\x98\x01\xc4P\xb8\x14g\xf8\xeb\x94\x13\x1d\xe0\
\x8c\x82\x97\xb7;\xb8\xf1\xe8\x8dK\xf7\xed\xdfwk\xc9\
+\xae\xb0\xaax\xc6\xe3\xf8\xe3\x8fg\xed\x9a\xb5\x14\xbc\
\x02V-a\x10\xbaW\x18\x10\x84\xa1S\x01lF\x05\
\xb0!\xbe\xefshb\x82\xf1\xb11\x9a~\xd6f\xa6\
\xf9%VA\x0a\x1e\xc5\x9e^\xfa\x97\xaf\xa4\x7f\xd5\x1a\
\x86\xd7nd\xd9\xd1\xc7P\xe8\x1b\xc0\xab\xf4\xd2?8\
\x82\xb5\x01\x14\x0a\x14*\xbd`}\x9a\xf5Y\xfcZ\x95\
\xa0:\xc3\xd4\xbe\xdd\x8c\xef\xdc\xce\xc1\xfb\xefef\xcf\
N\x82Z\x15\x7ff\x06\x820#E(*yf\xd0\
\xd3\xd3\xc3\xe0\xe0\x10\xc5b1j\x13Y\xff[\x0c\x87\
\x89j\x10e&\xd4gg9x\xf0@\x92\xa8\xa0\x80\
\xd5\xe0\x0e\xf5\xf8\xc3U+V\x7f\xe7\xee;\xee^p\
Qu1C\xa1\x07\xf8O\x9cE\xbf\x13\xbe\x8d\xf3`\
-\xaa\xfc\x8dE\xcf\x00\x00\x14^\x02\xfc\x0b\x9d\xeb\x17\
4\x81\xe7\x03_\xcfJ\x02K\xd7.{B\xf5\xd0\xf4\
w\x8b\x85\x92g\xd5\xb2tt\x94\xd3N=\x9d\x81\xfe\
~BkQ\xebD\xf8\xe4\x15\x84\x84\xd6\xa9\x00V\x1d\
\x03\xa8V\xab\xec\xdd\xbb\x87\xa9\xe9i\xc2 \xc8[\xe2\
5Z\xb9E\xf1zzYz\xc2\x89\xac=\xfb\x02V\
\x1f\xb7\x99\xc1Uk(\x0e\x0c\xa3\xc6$\xe7\x18\x9cp\
\x90\x08\xf9\x22\x91\xb0\xa0\x89\xd0 i\xc7\xee2a\x80\
_\x9b\xa115\xc1\xd4\xeem\xec\xb8\xf1Zv\xdfx\
\x1d3\xbbv\x22j\xddd\x13\xeb\xbe\x13\xe5=S`\
pp\x80\xde\xde>\x0a\x9e\x0b<\xeb\xe4<H&\x22\
\xc2\xc4\xa1CL\xcfLG\xed\x15\x15;k\x0a\xe6\x0d\
\x93\x07\xa7\xfe\xf9\xc1\xfdb\xbf:P\x17\xdf\xffE\xe6\
\xcf\xec\xbb\x15x\xac,\xc2\xbc\xfeG\x0b\x030\xc0\x0b\
\x80\x7f\xa3\xb3M\xa0\x8e\xe3\xb0\xff;\xb4r\xa9Q?\
\xf8\xfd\xb0\xd1\xfc\xb0\xf1<\xac\xb5\x9c\xb2\xf9\x14\x8e=\
\xfaX\xc4\x80Z\x22#_HhmB\xf8\xb1\xd8\x1f\
\x86!\xd3\xd3\xd3\xec\xdc\xb5\x8b\xe9\xe9)BkS\x7f\
\xbeFn4\x94\x9e\x95k8\xf6\x82'r\xf2S~\
\x83\x9e\xe5\xab\x91B1\x15\xbfc\xcb\x1b\x91h=\x87\
\x02\x15\x1b\x05\xeb\xa8db\x0946\xceA,Q\xa4\
\xe7\xbatB\x0d}\xaac\x07\xd8z\xcd\x8f\xb9\xf7\x8a\
\xef0\xb5\xed^\xf0\x03$\xb6\x0aF\x03\x101Q\xf0\
\xd2P\x94{\x90\xde\xd0\x16?Br\xcd\xdal\x8d\x89\
\x89\x09\x82\xc0yYU-\xd6\xe8?U'\xaa\xaf|\
0\xbf\xd9\xaf\x02\xd4-H\x9f\x04\xfe\x1f\x9d\x9f\xcb\xdd\
\xc0\xb9\x02\x8b2\xe6\xe2Q\xc1\x00\x00\xd4\xc5P\xbf\x01\
\xf8k\xe6\xd6\x10\x881s\xaf\xe7\xbd\xf2\x8c\xa1\xbe\x0b\
\xd5\xb7\xafwQp\xf0\xb4\xa7<\x95\xa1\xa1!\xe7\xca\
\xb3\xce\xad\x17\xda0\xd1\xfdC\x1bF\xa2\x7f\xc0\xf4\xd4\
4[\xb7nebj\x12\x1bf\xdd\xb3.\xb3\xaf\x7f\
\xe5\x1aNy\xd6\xf38\xf1i\x97@\xa5\x0f\x8d\x88G\
\xa2\xd5\xdb\xe9\xf8\x06\xc9\x10\xbe\x11\xf7t\xa8*\x9e1\
x\x9eq\x09@\xd1\xdd\xb7D\xf6\x05\x88\xd4\x8e0r\
9*66\x06\xc6f\x84X\xf8P\x051\xd8\xc0\xe7\
\xc0\xfdws\xd7w\xbf\xce\x8e\xab~\x80\x9d\x9a\xca\x18\
\x15cf\x22\x0c\x0e\x0e280\x94\xb8\x1bS&\x00\
\x89\xb2\x101\x8ef\xd3\xe7\xc0\x81\x03\x04a\x10\x1f&\
\xb0\xc1mKV,\xf9\xb5\x9dw\xef\x9c|\x88?\xe1\
/\x15\xa2E\xe9\x9d\xc0\x9f\xcf\xd3\xec>\xe0\xf1\x02;\
\x8f\xc8\xa0\x1e\x02\x1e5\x0c \x86:\xff\xe9\x9f\xd2!\
\xbajF\xa4\xf9\xbc\xdeJ\xe9*\xaf@\xa1X\xe4\xd2\
\xe7=\xcf\xd9\xd6mj\xc4\x0b\xb3\xab\x7f$\xfe\xd7\xeb\
u\xee\xbe\xe7\xee\xe8\xc1\x0f\xf3A5^\x81\x8d\xe7>\
\x96\xc7\xbd\xecu\x947\x1c\x0d\xc6e\xefi$\x7fG\
\xb9\xfe\x18\xc0\x13C\xb9`\xe8)\x16(\x17\x0a\x14=\
\x83\x11\xc1D\xc5\x00bW\xa2\x8d\xfa\x0f\xb3\xeeE\xa2\
\xe3\xf1\x5c\x15B\x14\xdfZ\x9a\x81O3\x08\xf0\x83 \
R\x0f\xd20\xe0xu\x0f\xc3\x90]\xd7_\xc9m_\
\xfdO\xc6n\xbf\x19\x1b\xfa\xb9_\xb8X,2<<\
BOOOz\x81\x04B\xab\x90p\xe0\xc0\x01j\xb5\
\x1ab\xdc\xf1\xd06o\xee\x1b\x18x\xd1\xfe]\xfb\xef\
x\xa8\xbf\xdf/\x0b\x14\xde\x84[\x8c:\xd1\xd0.\xe0\
Y\x027\x1e\xb9Q=x<\x1a\x19\x80\x00\xef\x88^\
m1)\xc2\x93\xd7\xac\xe5\xdc\xe7<;\xf1\xe1kD\
\xfc\xb1a/\x0c\xc3\xc4\xc0\xb7u\xeb6\xee\xb9\xe7n\
\x9a\xcdf.#_\xbd\x02'=\xe9\x19\x9c\xfb[\xaf\
\xa4\xb4l5N\xf0O\x1duDn\xb9\x02\x86\xfeb\
\x81\xc1\x9e\x12e\xcf\xe0\x89`3+\xb5F\xa2\xbc\xe2\
V\xf9\x94\x118\x06\xa0hT\x0f:e\x02\xc4\xed\xc8\
|\x1fI!\x16\xa5\xe9\xfb4\xfc\xa6c\x08\xd1\x0a\x1e\
\xc7\x0fH\x18\xb0\xff\xae[\xf8\xf1\xe5\x1fc\xea\xee;\
1Q\xa0\x99F^\x88r\xa9\xc2\xd2eK1\xc6\xe4\
\xd4\x8bT\x0aH\xdd\x90\xd5\x99\x19\xc6\xc6\xc7\x89\xed\x04\
\x10^#\x9e\xf9\x7f\x93cS\xbf\xb2L@\x9d\xbd\xe9\
?\xe9,\xf6\x07\xc0\x85\x02W\x1d\xb9Q=4<\xea\
\x18\x00\x80\xba\xac\xaaw\x00o\xa1\xc3\x1c\xaa==|\
\xec9\xcfa\xf7\xc8\x92\x84\xf0\x93\x97Z\x82\xd0R\x9f\
\x9d\xe5\xeak\xaearr\x22\xe99N\xb0=\xea\xb1\
O\xe0\xc2\xd7\xfe\x11\xa5\xe5+\x13\xbf\xbd\xcb\xc1O\xbc\
\xf8\x0c\x14\x0b\x8c\xf6\xf5P\xf1\x0a\x89\x88\xef\x085U\
\xdd\xd3\xf5\x5cr+\xbf\x8d\xb2\x07Ck\xb1\xa4\x92\x00\
\xb8bp1\xe3\xc8E\x1dF}\xdbD\xc4w\x08l\
@\xbd\xd1\xc0\x0fC\x04\xf0D\xf0\x8c \x9ea\xcf\xf5\
W\xf1\xd3\x7f\xfa[\x0em\xbd'\xa3\x1a\xb8\xf1\x8f\x8c\
,\xa1\xbf/\xcdQI\xed\x04yWd\xb5Vcl\
\xec`\xeaM\x10{\xb5\x8a\xbdt\xfaPm\xd1\x8a\xb6\
\x87\x0b\x0a\xcf\xc4\x19\xfd:\xa9\xa1>\xf0\x0c\x81\xef\x1e\
\xb9Q=t<*\x19\x00$L\xe0\xe3\xc0\xef\xd0a\
\x1ec\x83\x83\xfc\xc3\xc5Oc\xd7\x92%\x19\x97\x9e[\
\xfdw\xee\xda\xc9UW_\x83g\x12\xbb;(\xf4.\
_\xc13\xde\xfa~FN:\x15C\x18\xe9\xdd\x92\x14\
\xf0(\x8a\xb0\xbc\xbf\x87\xa1r\xd9\xb1\xffDU\x90D\
\xe3\x8eWz\x88VsM\xb5\xf1d\xd5\xb7n\xd5\xb7\
\x11S\xb0\xc4\xccAS\x06\xa0yF\x92\xf6\xa1\xc9\xf7\
$\xd7\x8b$\x09\x1b:\x03\x9e\xb5x\xc6\xc3\xf3\x0c\x8d\
\xc9\x83\x5c\xfb\xf9\xcb\xb9\xe3\xeb\xff\x8df\x02\x7f\x8c\x08\
}}\xfd\x0c\x0d\x0d%AF\xed\xe2\x0d\xc0\x85\x12\x8f\
\x1f\x1aGm43Oo\xc6\xe8\x99S\x07g~e\
\xea\x14*<\x15\xf82\xce\xed\xd7\x0e3\xc0+\x81/\
,\x86(\xbf\x07\x82G-\x03\x00x\xe1q\xc7\x14/\
\xbd\xef\xfe\xea%AX\xec4\x91\xbd##\xfc\xdd3\
\x9e\xc9\xc1\xde\xde\x84\x01\xdcx\xe3\x8dl\xb9g\x0b\xc6\
)\xb7\x8e\xc0\x0c<\xe6%\xaf\xe1\x8c\x97\xbc\x16\xf54\
2\xe8\xb9\xb5R\x10\x8a\xc6\xb0f\xa0\x8f\xdeR\x11c\
3\xd1|\xf1\x1a\x1f\xe9\xf81\xa1\xc6\xa2\xbe\xe2\xdc\x7f\
\xa2\x8eH}\xeb\x92\x8a\x12\xe2G\x5c,\x82\x92H\x07\
\x89\xa4\x10K\x0b9) \x95\x12 U\x17 \xbe\xb6\
Fa\xc2N\xbd1(E\xaf\x80'0\xb9w\x07_\
y\xef\x9b\x19\xdfr\x07\xa2\x9a\x8c\xbd\x5c.\xb3tt\
\x19b\xe2\xf2e\xf1\xdcR\x8d@U\xa9V\xab\x1c\x1c\
\x1fs\xf7E@\x8d\xbd}jlf\xbe\x14\xee_\x1a\
(\x9c\x8d\x0bO\x1f\xed\xd0\xa4\x09\xbcE\xe0#Gn\
T\x0f\x1f\x8fZ\x06\xd07<4 \xe8\xd5\x158\xe9\
S35\x9e\x1btN\x0e<04\xc4\xbb\x9e\x7f)\
\xbe1\xfc\xf0\x8a\x1f\xb2w\xef^\x97'\x1f\xc5\xcd\x97\
GFx\xf1\xdf\xfc\x1b\xc5\xe5+1F1\xa4u\xfc\
\x0a\xc0\xea\xc1~\x06\x8aE\x12];\xd3w\xfe\x06\x0a\
F\x94\xb2\x11\xca\x9eP0\xc6\x11\x22\xc2l\x182\xdd\
\x0c\xa9\x87\xce\x18\x19\xe0\xd4\x80\x90X\xfc\x8f\xf6\x85\x22\
U\x01l\xd4\x06Hl\x00h\x96!D$\x9c\x89\xfd\
M\xde\x8a\xf3>\x94<\xa1(n\xb5\x17q\x89F\xd7\
|\xe9\xb3\xfc\xf0\xf2\xbf\xc5\xce\xba\xfa*q\x00\xd0\xf2\
e+(\x96\x8aI\xfap\xde.@b\x1380v\
\xd0\xb5\x11\x05\xcf\xde:yp\xe6\x94\x87\xf0\x13>j\
\xa0.'\xe5N`\xc5<\xcd\xfe\x98\x07\x11\x96\xbeX\
\xf0\xa8\xdcsl\xc9\xda\x15\xa3\xea\xfb\x9f6\xca\x85\xbe\
Z\xa6\xce9\x973TY:\xd9\xdeC\xd5\xd7h\xb0\
y\xebV>\xba\xf5~\xb6\x8e\x1d$N\xc7\xb1\x08G\
_\xf8\x14^\xf0\xd1\xcfb\x06\xfa0\x06<\x0cF\x0c\
\x1e\xc2\xb2J\x89\xf5\xc3C\xf4\x18\xe3\x88'\x22\x22\x11\
\xa7/{\xc6\x11y\x7f\xc10Z\xf6\x18\xad\x18F\x8a\
\x86>O(Ea\xb7MU\xa6\xfd\x90\xd9\xd0\x12\xd8\
\xc8\xb8\x18\xaf\xee\x22Q\xa8p\xb4\xf2g\x08-\xf1\x04\
d\xdfgl\x08\x89\x1a\x00\xe4(4\x89\x14t\xe4k\
D\xf0\xc4\xe0\x19\xc1\x00F\x95\x0d\x9bOc\xd9\xb1\xc7\
\xb3\xeb\x8e[iLN&Ll\xba:C\xc1x\x14\
K\xa5\xc4\xc0\x09i\xe4\xa0\x00\xc5R\x89b\xb1\xe0\xbc\
\x03\x08\xa8,/\xf7\x97\xceh\xd4\x9a\xff\xf10~\xd2\
E\x0bu\x19}?\x03Vwhb\x81\xf7\x01\x1f\x90\
\x87\x91\x9d\xbaPx\xd41\x80\xa3N8\xa181>\
\xf6a\xa3\xbc\x04\x85\x0d\xeb7r\xce\xe3\x1e\xc7\xadG\
\x1f\xcd\xa6\xdd\xbb\x19\x99n\x1fl5T\x9f\xe5\xb8\xd9\
\x1a\xdf/\x16\xa9*P*\xf3\xe4\xcb\xde\xc6c^q\
\x19V\x14cbB\xf1\xe8\xf3\x0cG\x0d\x0f2R.\
G\xd2\x80I\x08\xdf\x88s\xf5\xf5\x16\x84\xa5e\xc3\xb2\
\xb2\xc7P\x01JF\xf0H\xbd\x03>\xca!\xdf2\xe3\
[\x02h\xd1\xe73\x22<\xce\x08\x98M\x19H\xbc\x00\
\x10\xf7\x98\xd8\x04H\xfap\xcc#\xcb\x0c\x92v8\xee\
#\x92\xa6\x18\x17\x0a\x05<\x11\x8c\x80\x0d\x95\xe5\xeb7\
q\xfc\xaf=\x9e\xbb~~-\xf5Cc\x89;\xb1\xde\
\xa8#\x22\x94K\xa5(w \xef\x1e\x8c\x99\x80g\x0c\
\xb3\xb3\xb3\xee\xb8rB\xa9\xafh\x9a\xb3\xcd+\x1e\xee\
\xef\xbb\x98\xa0\xae.\xc5W\x80\xe3:4\xb1\xc0g\x80\
7\xcb#\x5c\xa4\xe6H\xe1Q\xc7\x00\x9aa\xe3\xed\x9e\
\xcae\xa0fhx\x84\xdfx\xa6\x0b\xbf\x0e\x0b\x05~\
~\xdc\xf1\x1c\xbfm\x1bC\xd5\xf6\xa5\x037Z\xe5\xe4\
0\xe4\x87\xeb7\xf2\xf4w}\x84\xf5\x8f}\x02\x08.\
8\xc7\x18\x8a\xa6\xc0\x8a\xde2\xeb\x06\xfa)\x8a\x0b\xd6\
1F\x12?~A\x84\xc1\xa2\xc7\xca\x1eG\xf8=\xc6\
\xb9\xfc\x80$\xd1G\x04&\xfd\x901\xdf\xe2[2.\
@\x88W\x7fKF\xdf'&f\x920\xe1\x1c\xa1g\
W\xfa\xc4\xce\x90\xaa\x04i\xe0`&{0#\xad\xc4\
\x9fCU\x0a\x9eqi\xc6\xc6\x0d\xa020\xc4c/\
y!\x87\xc6\xf7\xb1\xf7\xae;\xe3\xaa\xe34\x1b\x0d\xc4\
\x98\x84\x09\xd0F\x12(\x95\xcbXU\x9a\xcdF|\xfc\
\xccJ_\xe5\xce\xc6l\xe3\xce\x87\xf3\xfb.\x16\xa8\xcb\
=\xf9\x02.+\xb5\x13\xbe\x0c\xfc\x96<\x02\xc5i\x16\
\x0a\x8f*\x06\xb0|\xdd\xca\xf3\x83\xd9\xc6g\x8c\x887\
44\xcc3.~:\xa5R)2\xd3\x09\xa11\xdc\
z\xf4\xd1\x9ct\xff\xfd\xf4\xcf\xce\xb6\xedc\x93*O\
_\xb5\x8e{^\xfe:\xa4Pp+\xbf1\xf4\x15\x8a\
l\x18\xece\xa4T&[\x94\xc3 x\x02CEa\
m\x8f\xc7\xd2\xb2\xa1\x1c\x89\xd3\x09\xc5\xab\xd3\xb9\x1b\xaa\
\xec\xa9\xf9\xcc\x84\xb1\xae\x0e\xc4DJ\xbaZ;\xc3\x9f\
\xe6$\x82\xdc\xfbD:p\xfd\xe7\xac\xff\x92\xf7\x02\xc4\
\xec!>.\x229c^\xac\x0a(\x10\xa8uL@\
\x0c\xc6D\xdf[\xe5\x94\x8b\x9eD\xff\x92%\xdcu\xed\
\x95\x10:'f\xa3\xd1\xa0P(\xb8\xc4\x22I\xac\x01\
i\xcd\x02\xa0R\xa9\xd0l6]AR\x95\xb2\xaa=\
c`t\xe0\x07\xb5\xe9\xd9\xc3\xbe\xa1\xc5\xe1\x84\xba\x10\
\xdfo\x01\x8f\x9f\xa7\xd97\x80\x97<ZW\xfe\x18\x8f\
\x1a\x06p\xd6Yg\x99]{\xf6\xdcR\x10\xaf\xa7P\
,r\xd1\x85\x8fg\xe9\xd2\xa5\xe9\xb2\x14Y\xa6\x9b\xc5\
\x22\xb7o\xd8\xc8\xc9[\xb6\xd0\xeb\xcf\xadt%\xc0\x92\
\xb1\xfd\xac\xd8v?w?\xf6\xf1P*3R.\xb1\
~\xa0\x97\x8a\xe7\xa5\xc62\x1c\xf1\xf7\x15\x845\xbd\x1e\
+*\x86RDX\xc45\xfd%\x22-\x11\x0e6\x02\
\xf6\xd5C\xa7\x04f,\xf8\xf1\xaa\x1f}\xed\xf2\x10H\
\x0dy\x8e\xdcR2\xce\x12\x7f\xba\xb8\xc7*\x81c6\
s\x19\x88\x13+\x8c\x11\x8c\x89\xd9a4\xc4\xec\xcc\x15\
B\xab\x14<\xc7\xf4\xe29\xda d\xc3\xc9\xa72\xba\
v\x1d[\xae\xbb\x1a\xdbt\xd9\xaa\xb3\xb3u*\x95\xb2\
K(\x8a\xd5\x81\xf8&F\xaaA\xb9\x5c\xa6V\x9b\xc5\
j\x08\xc8\xa8\x0d\x835KV\x8d~c\xe6\xd0\xcc\xa3\
\x920\xd4\x15\xef\xfc\x1cp1\x9d\x8d\xe4?\x03^,\
\x8b`\xbf\x8a\x87\x8bG\x05\x03Xy\xd4\xea\xe2\xbe}\
\xfb>\xe6Y\xb9@U\xb9\xf0\x82\x0b\xd9\xb4qS\xfa\
@\x02\xf1\x0akU\x99\xf4<\xdez\xf3\xcd<+\x08\
\x18n\x93\x06'\xaa\xac\xb8\xffnzkUf\x1e\xff\
$V\x0e\xf6S2ne\x8cu}O`e\xafa\
]\xafGO\xc1\xe9\xce\xf15\xa2\xcba\x22\xd9o\xeb\
t\x93j\x18\x11if\xb5\x8f\xd4\xfa\x9cH\x9f\x04\x02\
i\x5c\x08N\xe60\x01\x17\xec\x13\x13|\xdco\xaa\x0a\
\xc4\xf9\x01Q|\x1fj]t\xb21&Y\xf1%\xb9\
\xbe\xa6\xd2@$\xad\x84\xaa.P(\xb1k\xb8P\xe9\
U\xc7\x1c\xc7\xe0\x8a\xe5\xdc{\xc3\xb5\x84\x8d\x06(T\
kU\x06\xfa\x072\xfb\x1c\xa4\x7f\xc11\x92B\xa1@\
\xad6\x0b\xceNq\x5c\xd3o\xeen\xce6\x7f\xf6p\
~\xf3\x85\x80\xba\xd8\x92\xbf\xc6%\xf7t\x22\xfe\xdbp\
\xf5\xfb\xf7\x1f\xb1\x81\x1dF<*\x18\x00\x22/&\xd4\
\xf7\x8ab\xd6\xad[\xcf\xf9\xe7\x9d\x97\xcfn#\xb5\x94\
\x07~\xc8\x17\xff\xeb\x8bL\x84\x01\xdf*\x14x\x9e\x1f\
t\xac\xc7\xbc\xe6\xf6\x9b\x18\x9d\x99\xe2\xe0EOF\xc4\
K\x88\xa1d\x84c\x06\x0b\x8c\x96=G(19e\
\xf4j1p\xa8i\xd96\xed\xb7\x98~S\xab>\xb8\
\x90\xe0\xb84w\x18\xc5\x02\xcc\x0d\xef\x8dC|cq\
?2\xf0e\x83\x81\xa2N\xb3\x0c@#w\x821D\
\xcc+\xe7\xbd\x8f\xde\xb5\x04\xf7Dv\x86\xc0*E/\
\x96\x18\x22\xa1F\x855\xc7\x9eDyx\x88-W\xfd\
\x04\xb5.\xb2pzf\x86\xc1\x81\xc1\xe8\xa7\x88\x14\x80\
\x0c\x13(\x16]\x19\xb5f\xb3\x11\x1f9\xaf\xdc[\xfa\
fs\xb6\xf9\xa8Q\x05\xd4\x85\xf5\xbe\x1bW`\xa6\x13\
\xb6\x01\xe7\xcb\x22\xdd\xae\xee\xa1`\xd13\x80e\xebV\
\xae\x0f\x1b\x8d\xcf\x0a2\x8agx\xe1\xf3/\x05Z\xc2\
V#\xbd\xb8\xdeh\xf2\xa3\x1f\xff\x90\xb1\xb1\x83\x00\x1c\
B\xb8q\xd5\x1a^\xd0h\xe0\x05\xed\x0b\xdf\x0e\xdf~\
\x0b\xa5\xa9\x09\xc6.x\x22\xe2y\x0c\x14\x94\x13\x87\x8b\
\xf4x\xa6\xe5a\x8f\x1f~\xc5\x8a\xb0k&\xe0`#\
o\xfb\xc9\x8a\xfa\xd9\xc8@w,&\xf8\xd8\x16\x10K\
\x03\xd9\x10\xe14\x17\xc0F\x17\x8d\xc3~\xd3\xf0\xe24\
H(\xd2>\xf0\x92\x22\xa2\xee\xba\x99;\x93\xbe\x97\xac\
\xf8\xee&\xe3[u\xc9JI[7\x96M'\x9dJ\
qp\x90\xbb\xae\xfaQ\xc2\xce\xaa\xd5\x88\x09\x88\xa4\xd7\
\xc8tX,\x16\xa9\xd7\xeb.RP\xe9\x15\xc3\xca\xe1\
\xa5#_\xadNU\x17\xbdk\xcc)\x8f\xbc\x1d\x17Z\
\xde\x89&\xc6\x80\xa7\x88c\x02\xbf4X\xf4\x0c\x00\x8f\
\xff\xf0\xd4\x9c#\xc6\xf0\x84\x0b/b\xc9\x92\xd1L\xb4\
Z\x0c\xa7g_\x7f\xc3\xf5\xdc}\xf7\x16\xc0\x11J\xcf\
\xf0(\xcf\xfe\xcc\xd7\xd8z\xcec\xd9\xfc\xfdo\xb6e\
\x02\xa2\x96\x91[nD\x0b\x058\xff1\x9c<ZN\
\x02\x81\xe2%5\xab\xfb\xd6m$\xf2\x076yr\x12\
\x22\x8f\xfff\xb5\x0e\x89\xbd\x00\x99\x15_S\xdd\xdf\x22\
\x19\x91>j\x1bI\x0c\xd9p\xe2\xd4c\xa0\x09S\x10\
H\xbc\x14$\xdfd\xefJ\xfc\xd2\xc4V\x920\xb5\xa8\
E`m\x94\xb1\x98\x9e\x13Z\xe5\x98SOg\xb6\xe9\
\xb3\xed\xe7\xd7;;\x81Z\xfc\xc0\xa7\xb7\xb7/5\x08\
f.\xe9E\xeaGm\xb6\xee\xee\x89\xd5\x13\x02\x1b^\
\xd3\x98m,\xeaMH\xa2\x95\xffe8\xd1\xbf\xd4\xa1\
Y\x0d\xb7a\xe7\x0dGl`G\x08\x8b\x9a\x01\xac\xd8\
\xb0\xf2\xa4\xa0\xd6\xfc\x08\x02\xc7\x1fw\x02g\x9eqf\
\x1b\xe2w\xc4~\xef\xbd\xf7p\xdd\x0d\xd7%\x09+\xfd\
KWp\xc9\xbb>B\xef\xaa5L\xae\x5c\xcd\x8e3\
\xcf\xe5\xc4\x1f}\x97Bcn96Qe\xe9U?\
f\xe9\x9a\xe5\x04g\x9d\x05\x918\x9du\xed\x81s\xef\
m\x9f\xf6i\xc4N|I\x89\x1e\xb2\x8c J\xe4\x89\
d\xf6,\xd1\x86\xeaJyeW\xffV\xdb@6k\
0\xeew\xce\xf7B\xa4\xc7\xbb\x81\xcc\x15\xfd3\x8b=\
\x19\xaf\x80\x80`2\x12\x81D\xea@f\xce\xe2\x22\x10\
O<\xefql\xbd\xf3V\xc6vl\xc5 \xf8A\x80\
\xe7y\x94\x8a\xa5\x16{\x80C\xa9T\xa2^\xaf\x13\x84\
\x01\x22\x22\xaa\xf6\xec\xca@\xf93\x8dZs\xd1\x1a\x04\
\xdf\xe92\xfb>G\xe7jS\x93\xb8\xb4\xde\x9f\x1c\xb1\
A\x1dA,Z\x06\xb0d\xcd\xd2\xc1\xfa\xf4\xec\xff\x88\
\xca\xaar\xa5\xcc\x93\x9e\xf8$\xca\xa5b\xc6\xbc\x95\xea\
\xb3ah\xf9\xca\xd7\xbe\x9a\x96\xde6\x05\x9e\xfa\xfbo\
e\xdd9\xbf\xe6\x1exc\xa8\xae^\x87\x9e\xb0\x99\x8d\
\xdf\xf9:\x12'\xb4\xb4\xa0\xf8\xdd\xef\xa0+W\x12\x9e\
uvD\x08\xe9\xe6\x9b\x07\xea\x01\xbb\xaa\x01\x81f\x9e\
\xf8\xacu_\xb3_\xcf\xb5O\xa4\xa9\xbe\x19#`\xd6\
\x05\x98\xe9'\xcd#p\x883\x00m\xf4\xa5FQ\x88\
D\xed\xb2\xeaP\xd6\x02\xe1H=#\x09\xc4Q\x8c\xa4\
\xcc\xc0\xb93\x9dW\xa1\x10\xa9\x03)gS\xce}\xea\
\xb3\xb9\xe6[_\xa595\x89\x08\xf8~\x93JO\x0f\
\xc6\xf3R\xb6\x93\xa8HB\xc1+P\xadV\xe3\x11\x8c\
z\xc6l\xaf\xd7\x1a\xd7\xb5\xbd\xe1\x0b\x0cu\x05<\xbf\
Bg:\x08p~\xfeo\x1d\xb9Q\x1dYt\xcag\
^p4j\xf5\x97c\xf5t\x04.z\xfcE\x0c\xf4\
\xf5%\x22y\x16\xaa\xca\x15?\xbe\x222X\xb9\x83O\
\xf8\xadWp\xecEOM\xdc`E1\xac\xee\xebe\
\xe6i\xcf\xe4\xe7\x1f\xfe\x07r\xcbV\xbe3z\xdf\xf2\
f\xca\xff\xfd%\x8cFI<\x02{k>\xbbk\x96\
\xd0\xc6\xe2|D\xe4\x19\xb19\xe9\xa2\xe5]\x92\xa0C\
\xdc\xd6)\xf0n\x01\xcd\x97\xfeN\x88>\xb9F\xe6x\
,t\x08x&\xcf \xd2\x11d\xac\x0e\x8a\xab\x1e\xd4\
\xe2\x05q\xc4\xaf\xa4\x1a\x8e\xbbk\xa1\x1a\x9a\xa1\x9bW\
\xec\x1eT\xab\x04Vy\xdd\xc7.GKE\xe7A\x08\
C&&&Z9^\x82J\xa5LO\xa5'\xf9-\
\xc2 |\xd7\xc0\x92\xfe\xa1\xf67|\xe1\xa0p\x16.\
\xa7\xbf\xd3\xca\xaf\xc0kq\x0c\xe2\x97\x16\x8bR\x02X\
y\xc2\xda\x81\xe6\xd4\xec\xbf\x191C\xe5r\x85'\x5c\
\xf4D \xbbrI\x14\x10\x03{\xf6\xec\xe5\xda\x9f]\
\x83\xe0V\xd4\xc1\xd5ky\xe6;?\x8a\x22Q\xe8\xab\
\xb0\xbc\xaf\xc2\xf2J\x05O\x0c\xd3\xc7\x9fDc\xd5\x1a\
\x96\xfd\xe8{\x88\x9dk\x9f\x12\xdf\xa7\xf4\xf5\xaf\x11\x9e\
r\x0a\xe1q\xc7\xb3\xa7\x16\xb0\xbbf\xf3Yw\x1a\x1b\
\x1e\xd3\xf3RB\xcd\x13\x1c\xb9\xf3\x22\xd5@\xe24\xe0\
T*\xc8\xfa\xfds9\xffI;%.q\x16W\xf3\
\x15Uh\xe1\x89\x92\x19L\xba\xf2\x83\xc1$9\x0c\xb1\
\xb7#\xf6\x10x\xe2\x82\x9d\x88\xe3\x1f\xa2\x90\xe1\xb8\xa4\
Y\xcf\xe00K\x96,\xe5\xd6\x9f\xfc\x10A\x08m\x80\
W(PL$\xb2\xcc\x18D(\x16#)@\x15A\
\xfaL\xc1\x1cl\xd4\x1a\x8b\xa68\x86\xc2I\xb8\xcdh\
\x97uhbq\xc9=\x9fl\xd1\xf2~\xe9\xb0(\x19\
\x80(\xef\x105\xcf\x14\x11.\xba\xe8\x89,\x19\x1eF\
\x92\xd5?\xf5\xc57\x1aM~x\xc5\x15\xd4j\x91\xc8\
)\xc2+\xfe\xfe\xf3\x14\x06\x06\xddCn\x0c\xc3\xe5\x12\
k\xfbz\xf1D\x10\x5cy\xae\xe9\xcd\xa7\xe1\xf5\xf6\xb0\
\xe4\x9a+!lc\xa4\x0eC\xca_\xf92\x13\xa7\x9f\
\xc5\xdd\xcb6\xa0\xad\xc6\xbe\x16-\xc0j\xbeDw\x0e\
\x998}k\x9d\x07\xc1\x89\xff\x19\x95@RB\xcf\xb9\
\x02I+\x02\x111\x8d0&~b\x02%5\xf0E\
\x03\xca\x9a\x04\x85<\xb1K\x86\xb8]\xa2P\x1c\xea\x1c\
%\x0c\x19\x83\x17K\x07I4\xa10\xba\xf1\x18v\xde\
y\x0bc\xbb\xb6\x01B\x10\xf8\xf4\xf4\xf4bL\xd6\xda\
\xe0\xdey\x9eG\xa3\xd9\xc4\xf7\x83xLg\xf7\x0c\xf4\
~\xb2^\xab/x=|uq\xfd\xdf\xc3\xedH\xdd\
\x0e\x01\xf0w\xc0\xbbe\x01\xf7\xec;RXt*\xc0\
\xc8\x8a\xd1!\xeb\x87\xbf\x0b\xca\x9a5k\xd9\xb4aC\
\xea{O\xfeq\x0b\xeb\x0d7\xdc\xc0\xd8\xc1\xfd\x91\x0f\
\x1b\xce\xb9\xe4%\xf4\xacZ\x9b\x10\xbf\x87\xb0~h\xc0\
Y\xf5\xb3\x04`\x84\x91?{\x13\xfe[\xde\xd2y \
\xbe\xcf\x8a\x97\xbe\x88\xa1\x9bnt\xe6<\x8d\x85\xf2v\
\xc8h\xde\xd9\xb1&\xd6\xfa\xb8f\x00\x19\xff]\xdek\
\x902\x15\xcd\x08\x0d\xd1\x1bc\xb0\x0aA.\xa40\xb5\
+$\xd7\xcb\x0c\xae\x1d;\xd2\x849d\xd2\x9a#c\
b\xd9\x13*\xc6P\xf1\x0cEc\x92\x95\xddD\xd1\x8e\
\x95J\x85\xa7\xbd\xee\x8dx=}\xd1\xed\xf1\x99\x99\x99\
i{?D\x84\xa1\xc1\xc1(\x9cZ@e\x89\x88y\
A\xdb[w\x04\xa10\x80\xdbwr\xcd<\xcd\xfe\x15\
\xf8\x03y\x14f\xf6=\x14,:\x06\xe0\xfb\xcdW\x09\
2h\xad\xe5\xbcs\xcf\x8b\xf6\xc2\x9b\xabg\xfb~\xc0\
\xad\xb7\xdd\x02\x22\xa8\x85\xe5\xc7\x9e\xc8c~\xebU\xd1\
Q\xb7\xca\xad\x1f\xec\xc3\xb3\x9a\x1a\xbf\xa2\xd7\xa6\x01\x8f\
\xfe\x82!\xfc\xd3?\xc5\x7f\xc7;:\x8e\xc5\xab\xd58\
\xfb\x15\x97\xd2\xbf\xe5\x0e\xf2v\xf56hG\x09\x99\xac\
\xbe\xec\xe6\x1c:\xa7yd\xdc\xcb\x1eH\xda+\xa1\xb5\
\x04\x89\xe1Rr\xb6\x81\xd6\x80\xa8,Z\x8f\xa4\xc6\xba\
\xf4e\x80\xb2\xe7\x82\x9fz<\xe8\x15\x18(8F\x10\
\xab\x1cq\xed\x845\xc7\x9d\xcc\xe3\x9f\xf7\x12\xe2\x9a\x89\
\xd5\xea\x0c~\x14n\xdd:\x8cJ\xa5B\xa9TN\xa4\
\x880\x08\xde\xb2d\xf5\x92N\x95t\x0e;\xd4U\xf1\
\xf96\x9d3\xfb\xc0\x11\xff\x1b~\xd9\xc5\xfe,\x16\x15\
\x03Xw\xec\xc6>\x0d\xf45\x00\xe5J\x85e\xa3K\
\xdb:\xb6T\x95+\xaf\xba2\x22\x18\xb7u\xd7\xaf\xbf\
\xe6\x8d\x98\x81A$\x22\xfe\xe1r\x89\xe1R1\xe36\
t\xae\xb0\x91\xa2\xb0i\xa0\xe4z+\x14\x09\xff\xe4\xcd\
\x04\x97]\x06^{m\xa8tp?\xe7_z1\x03\
\xb7\xdf\x9c\x18\xe8r\xd0\xd6\x0f\xd9W\xfcu,\x09H\
F\x00\x90\xb9\xa7\xb6y\xf2BU|\x1b&6\x8f\x8e\
\xcf\xe6/|d\xa3\x0bDo\x932\xe6\xa2\x84a@\
OA\xe8\xf1\x5c\x9as\xafg\x18)\x15(d\xa2\x0b\
=q\x86\xc1\xf3/y1\xc3\xab\xd6\xe2vM\x0e\xa9\
\xce\xcc\x10K-\xad\x0cgpp \xd5PB\x8e\x0a\
}\x9d/\xb3\xee\xb0A]A\x8fo\xe2\xb6\xec\xee\xd0\
\x84o\x02\x97\x09\xb4\xcf\x22\xfb%\xc5\xa2b\x00\x87\xc6\
\xc7\x9f\x83\xca1\x00\x17>\xee\x02\xf7\xa5d\x08\x1fG\
\x04\xe3\xe3\xe3\xdc\xb3\xe5\xee8\xc6\x86\x15'\x9e\xca\xf2\
\xd3\xcfuV{#\x94<\x8f\x95\xbd=\xc4\x82l\xfc\
\x10\x97\x8dp\xdcp\x09\x8fX\xb4\x05\xcae\xfc\x0f|\
\x90\xf0\xf9\xcf\x8f\xca}\xcfEqr\x82\xf3^q)\
\xfd\xdb\xee#\xb3D'\xfff\xc5\xfd\xb6R\x82\xe4[\
\xa4b~\xc6a\x98Q\x01\xe2W\x084\xc20\x91 \
\xdc|\x85l\xcb9\x97\xca\xbc\x8f\xc7\x16\xeb\xf1\x92\xfb\
\x9c\xbe\x5c\xb5`K\x8f\xe7\xeeQQ\xa0b\x84\xe1b\
\x94\x1f\x11\x85C\x1b\x81\xe1U\xab\xb9\xe8\x85\xbf\x9d0\
\xa4j\xad\x9aH\x01\xad\xe8\xed\xe9\xa1P(\xc6\xccA\
4\x0c_\xbb\xfa\xa8UG\xf4\x99S\xe8\xc5\xd5\x8e\xbc\
h\x9ef\xb7\xe0\x92{&\xe6i\xf3K\x89E\xc5\x00\
\xac\x1f\xbeQD\x19\x1a\x1ef\xe3\x86My\xdd?\x82\
\x027\xdd|\x136\xb2\x93\x1b\xaf\xc8\xb3\xff\xf8\x1d(\
6\x12\xf5\x85\x8d\x7f\xd2<\x00\x00 \x00IDAT\
5\xfd}\xf4\x18/1\x94\xb9\x87W8j\xb0\xc0P\
\xc9$\xfdz\x12\x99\x14=C\xf3\x9f\xff\x99\xea\xf3_\
\xd8ql\x95}{9\xef\xe5\xcf\xa3\x94T\x10n\x1d\
\x95\xfb.\xbb=wz8f\x16\xdaB\xe8\xd9:\xbd\
\x9a\x13\x1c\xac\xc0l\xe0'\xde\x80<\xf2F?Z\xd4\
\x8b|\xab\xcc\xf7\xb1$\xa2\x99\xa3\xea\xcc\x8d\xd3\x8d\x00\
\xcf\x13\x0a\xc6\xbd<`\xb0\xe8Q\x89s!\xa2\xa0#\
Q\xe5\xf4'?\x9d\x15\x9b\x8es\x9e\x970\xa4Z\xad\
\xc6\xb3\xcb\x8fR\x84\xde\xde^\xe2\xcdS\xd4\xea3\xa6\
\xa7\xa6\xd7\xb7\x99\xd0aAt\xb7?\x82\xdbZ\xae\x13\
n\x06.\x10\x98:2\xa3Z\x5cX4\x0c\xa0w\xa4\
\xff\x14\x94\xd3\x148\xed\xd4\xd3(%\x1b\x5c:\xc4\xab\
`\x10\x86\xdc\x7f\xff\xfdH\xf4\xe0n<\xff\xf1\xf4m\
<\x0eQ\xb7\xaa\xf7\x18\xc3\x92R1\xe3\xe7v\x0fb\
\xc5\x83u}^n\xe5\x83T\x12\x08\x0bEnx\xd7\
\x07\xd9\xfb\xec\xe7w\x1cc\xdf\xb6\xfb\xf8\xb5\x17>\x8d\
\xf2\xf8\x01\xf2\xc6\xbat\x94Y\x92N\xc6\xdd2\x07G\
\xfa\x12\x93E\xa4\x16\xa4D\xad(\xb3A@`\xd3d\
 H\xeb\x0b\xcc]\xfb\x1f\xb8\x1d\xc0\xf1\x99\x94\xe1\xc4\
\x95\x8d\xad\x08\xd3\xbeu\x9e\x80\x88\x91z\xc0p\xc9\xcb\
\x18\x0e\x05\x11C\xef\xf0\x08\x8f{\xee\x0b\x93|\x85j\
\xad\x96n\x8b\xdez\xcf\xfa\xfap\x95\x89\x04Q\xfa\xb0\
\xf2\xf4\x8e\x83}\x04\x11M\xed\x83\xb8*\xbd\x9dp\x07\
\xf0\xfc_U\xe2\x87E\xc4\x00lh_*\x22\x05U\
\xe5\x84\xe3N\x00\xe6\x1a\x96\x14\xb8\xf5\xb6[\x92-\xab\
,\x86s.}9*6\x89\x89_\xdd\xdf\x87\x10\x05\
\xf1\x90\xba\xbc\x8e\x1f.\xa5Ur\xe2~%e\x06[\
\xa7}\x1a}\x83\xdc\xf9\xbe\x0f3\xfek\x8f\x9f{\xf1\
\x08\x83[\xee\xe0\xb1/}.\x95}{\x89\x891\xd6\
\xf0\xdb#Z\xe9\x13\x22\x17\xd0\xb8.`L\xdd\x89\x9f\
\x00\x15\x98\x0dC\x1aa\x9c,,\xc9\x8a\x9d\xb0\x99\x87\
a\xa2\xca\xc9T\x92\xcd1\x80\xf1z3\xa76 \xd0\
\xe3y\x94=\x93\xaa\x0a\x22\x18\xe3q\xe2\x05\xbf\xce\xd0\
JW&/\x0c|fgg\xd3{\x91\x19_\xa9X\
\xa4R)\xa11\xcbS^\xb8b\xc3\xca\xb6\xbb:=\
RP\x17\xdc\xf3F\xe02:?\xe3\xfbpb\xff\xa2\
\xceU8\xdcX\x14\x0c`\xc3\xb1\xc7zX~\xd3\x00\
\xa3\xa3\xa3\x14\x0a\x85\x94\xfeR\xbb\x15\xbe\xefs\xdb\xad\
\xb7\x11\xfb\xd6W\x9cp2\xcbN<\x05\xb1\x8a\x11a\
\xa8Xb(\x0aN\x89\xdd~*0\x5c\x12V\xf4x\
d\x894\x91\x0eP&\x1a\x01\x07j!\x82\xe2\x0f\x0d\
s\xddg\xff\x9b\xc9S\xcf\xe88\xde\xa1\xdbo\xe1\xec\
\xdf\xff\x1d\x0a\xd3\xad\x0bG\x86\x09\xb4F\xe0E\xf2z\
\xac\x06hD\x12\xc9\xe4\xa2\xd3\x1bj\xa9Ez\x7f\xfc\
\xbdJ\xb6\xd1CGzK\xb3\xaa\x00i>\x82\x08\x13\
~\x90\x8b\x124(#\xa5L\xd8odL\xed]\xba\
\x82s\x9e\xf6\x1c'\x05\x88P\x9d\x99I<\x1d\xad#\
\xed\xed\xedM\xef\x8c\xe5\xec\xe6l\xed\xe8\x87=\x99\x0e\
\x88\xc4\xfe\xdf\x04>@\xe7(\xbf\x09\xe0q\x027\x1d\
\xaeq<Z\xb0(\x18\xc0\xe4\xe4\xd8F#\xb2\xda\xa2\
\x9cp\xc2\x89\xf9U\x8aD:f\xd7\xee\xdd\x91\xbe\xe9\
\xe8\xeb\x82\x97\xbd.)\x84\xe1\x19ayo%*\xcc\
\xe9\xa8[\xc4U\xf9=j\xb0\x98\xba\xc0ZVj\x05\
\xb6N\x87\xe4\x9cl\x85\x02\xd7\xfd\xeb\x979tvg\
\xa3\xf5\xd2k\xae\xe41ox9\x12\x86\xc4\x8f|\xbe\
\x0cH\xda?\x91\xb12\xa9\xf9\x17\x1fKtq\xa7%\
\x87(SM?)\x18\x1aC\xdaI\xfd\xbf\x00\xb9Y\
jj\xec\x8b\xf7\x0d\xc8(\x02Q\x13\xf7y\xac\x9e\xee\
'\x18\xabO=\x9e\xa1\xecEA\xc4\x91\xcaT\x10\xc3\
\xe6\x0b\x9fB\xa1\xd2\x83\xb5\xea\xb6)\x8b]\x82\xf1\xc4\
\xa3W\xa5\x5cI$*\x11z|\xdf>\xf1\xc1\xcd\xe6\
A\xe1\xa5\xc0\xa7\xe69>\x05<\x1d\xb8\xf70\x8e\xe1\
Q\x83E\xc1\x00\xfcF\xf3\xe5q\xbe\xda1G\x1d\x93\
9\x92a\x02\x0a\xb7\xdcz3\xaa\x8eTG\xd6m`\
\xed\x19g;q_\xa0b<\xfa[\xec\x06\x820\x5c\
\x86%e\xa1\x85$\xe2^9\xd4\xb4\xcc\x04)uI\
D\xa5\xfe\xd00?\xff\xe8\xa7\x98:\xf9\xd4\x8e\xe3^\
~\xe5\x15\x9c\xff\xba\xdf\xc2\xab\xd5\xa21fI*\xcf\
\xc64\x8e\xff\xd7\xcc\xf1X\x12\x88B\x9b\xa7\x9a>a\
V&\x17\x99K\xf7Jd\xc4l\xcf\x11Zg\x99e\
@\x12\x1b(36\x87\xd8\xf6\x18\xab)\x010k5\
q\xbe\x08\xee!\x19,\x15rj\x91\xe7\x19\x96n<\
\x9aM\xa7\x9d\x0d\x08\xd6*\xb5Zm\xee\xb8\x84Lm\
AA\x5c*\xe43\xd6oZ\xdf\xd9p\xf1\x10\xa1\xf0\
,\xe0c\xb8\xca>\xedP\x07^)p\x95<\x12\x22\
\xd5/\x01\x16\x9c\x01\xac<fm\xc9Z\xbd\x14\x81\xfe\
\xfe\xfeh\xaf\xba\xb9\xb6l\x11a\xf7\xae\xdd\xc4\xc6\xb7\
\xcd\xcfx\x1e\xb6\xe0\xd2\xb7\x8d\x08K{*\x18\xd2\x04\
\x9eX\xf7?v\xb8\x1c\xed\x00\x94d\xf5'\xb0\xaal\
\x9d\xf2\x89\x14\xf2H\xb5P\x88\xb2\x00g\xd7n\xe0\xba\
O}\x9e\xda\xda\xce\x86\xebU?\xf86g\xbe\xfd\x8f\
(\xd4\xdaU\x22\x16\xe2\x8a\xbf\x88D\xee0\x93\x18\xe2\
b\xa2\xb4(\xd50\xa4\x16\xd8\xbc\xe6\xa0\xb1\x9a\x90\xda\
-2\xac\xaa\xcd;Z\x1b\xc5zw\xd4KlOH\
\xeb\x09f\xf71\x04\xf7\xf9@\xddO\xdbG\xfd\xf7\x15\
\x0c\xc5Xg\x88\xd4+S,p\xee3\x9e\x9b\x5c\xae\
6[kKU\x02\xd1\x8e\xc4N\x02\x115gkA\
{\xdb4}\xc8P8\x17\xf8,\xce\xe7\xdf\x0e\x16x\
\x9d\xb8}\xfd\xba\x88\xb0\xe0\x0c\xa09S_'*\xc7\
\x08\xca1\xc7\x1c\xdb1Qo\xfb\xce\xed\xee\x8d\x02^\
\x81\x93~\xfdi\x11y\x09%cXR.%\x93\x89\
\xd7\xcd\xfe\x22\xf4\x17\xa5\x0d\xe9;L4,S\xcd\x98\
\x042\xd0\x94 f\xd7\xac\xe3\x8ao]\xcd\xec\xca\x0e\
\xfbB\xa8\xb2\xe1\xcb\xff\xc1i\xef{\x1b\x92\xf1\xd9\xc7\
\xfdd%\x00\xf7U\xb6\xb2\xaf\xcb!h\xa82\xd1\xf0\
\xe7\x09<O]\x01\xd9yH\xf6x\x0bD[\x18C\
l\xfd\x97\xacyB\xa3\xff\xa3\xe8\xc2h\xde\xd3~\xe8\
r\x1bbK\xa0\x80\x87\xd2[H\x83\xa5\x04\x97D\xb4\
\xf6\xb4s(\xf6\xf5\x03\xd0\xf4}\xac\xb59\xd5\xc25\
\x16\xc7\xd8c\x09D\xcc\xb2\x99\xa9\xe9\x93:N\xf7A\
B\xe1d\xe0J:\x13\x7f\x08\xfc\x1e\xae\x86\x7f\x17\x19\
,<\x03h6\x1e'B\x01\x84M\x9b6\xb5y\xcc\
\xdds\xb3\xe5\xae\xbb\x12\x17\xda\xe0\xaa\xd5\x94\x97,K\
\x92d\x06Ke\x8a\x92\xa6\xb9\x12Y\xabW\xf5\x15;\
f;\xa9*\xdb\xe3}-SzM\xc4\xe1,\xc2\xbe\
^\xae\xfa\xdcW:3\x01`\xd3\x17>\xcb\x99\xef|\
S\xfa\x90G=\xc6\xabk\x1c\x05\xe8VaI\x12t\
T\xe0P\xa3\x99\xc6\xf9\xd3\xee\x0e\xcc\xfd\xae\xed\xf1h\
\x029oA;\x97\x81d\xdeD\xdaD\xba\xc9\x88\xa3\
\x96\x19\xeb\xa4 \x93\x18\x03a\xa0\xe4\xb9\xe4\x9fH?\
0\xc6\xd0;\xb2\x84u'\x9d\x12\xf5&\xd4\xeb\xb3m\
\xc7\xe7\xc5*\x00 \xa8X\xabOm3\x85\x07\x0d\x85\
\xe3\x81\xaf3\x7fZ\xef_\xf1+\x90\xd9\xf7P\xb0\xe0\
\x0c@C}\xa6\x08x\x85\x02\xa3\xa3K%\xf7\xe8\xc4\
\xf2\xa7\x08;v\xec\x88-Yl~\xeas\x92B\x18\
F\x84e=\xe5|p\x0b.g~E\xc50\xf7Q\
t+o\xc3\xc2x\xc3\xe6b\xf4\xf3-\xdc\xdfX>\
\x98>\xfa8~\xf6\xf1\x7f\xa19\xd2~oH\xb1\x96\
\xa3\xbe\xf09N\xfd\xe0\xbb1Q\xe9\xb1\x94\x15\xc4N\
\xbe(\xac'\x13\xe7?\x1d\x04\xcc\x86\xad\xc4\x9f\x15\xc0\
\xdb\xac\xeeq\xe7\xc9\xf1\xb9\xec\xa0\x8392\x13\xa8\x94\
\xdf\x97 1\x0dDL\xe4P\xddO\xed\x00\x91:U\
1.g \xfeMD\xa0X(p\xce\xb3\x9f\x97\x18\
\x16\xab\xd5Z\x22idGlpY\x82qh\xb6\x0d\
l\xe7\x80\x8b\x07\x08\x85\xe5\xb8\xcd;6\xce\xd3\xec\xe3\
\xc0;\xe4W \xb3\xef\xa1`A\x19\xc0\x86\x136\x94\
T]|\xf8\xf0\xf0\x10\xc5B\xc4\xc4\xe3E\x06\xf7@\
\xd6jU\xeaQ\x99j)\x159\xee\x82'a\x22\xcb\
yQ\x84\x9eB\x01\x11M\x5cW\x880Tt\x19n\
\xad\x88\x09bO5\x88/\xd5\xf6x\xfaE\xfa\xcd\xf8\
\x99\xe7\xf0\xd3\x7f\xf9\x12~\xff@\xdb\xf9H\x18p\xe2\
\xa7\xfe\x86c?w9D\xb1\x0ay\x024N=\x89\
l\x0c\x16\xe1\xe0lT-+v\x11$\xe7\xe4\x0b\x89\
d\x07\x9a\xf2\xbaN\x0b\x9a&\x04\xdd\xfep\x1a\x8a\xec\
>F\xd9\x8e\x197\xde\x94\x1f&\xfc\xd7D/\x0f\xe8\
/\x98\x9c\xf5\xc1\x18\xe1\xa83\x1f\x03\xa6\x80*\xd4\xeb\
QM\xc0\x0c_\x8a\x19Q\xa9T\x22\x0ee\x16e\xdd\
\xa6\xcd\x9b\x1e\xf2\xf3\xa7n\x97\xde\xef\x03\x9d\xad\xb4\xf0\
\x1f\xc0\x9b\xe4W$\xb3\xef\xa1`A\x19@\xbd^\x1f\
\x15\x955\x02l\xdc\xb0Ic\xdf\xbdC\xfa\xf4l\xd9\
\xb2\x05\xa2Ggp\xc5j\x06V\xad\x05\xdc\xe0\x87K\
\x95\xd4\xba\x1d\x89\xb4F`U_\xec\x11\xc8j\xca\xee\
\x01\x0f\xac\xb2\xb7\x16\x80\xa6\x8bB6\xb5\xb6\xbd\x80\xed\
p\xe8\xd4\xd3\xf9\xf1\xbf\x7f\x83\xb0\xa7Cb\x9b*g\
\xfc\xc5\x9fq\xfcg>\x95|\xce\x8c.\x19Q(\xb0\
\xb7\xde \x846RH\x1b\xd2\xd5\xd6\x0f\xf3K\xb3\xd2\
rXZ\x0fJ\xdaK\x22\x09\xc4\x06Bu\xa9\xc7\x0d\
\xd5\xcc\xb8\xdd}\xed+\x9a\xc4\xd0\x1a[W*\xc3\xc3\
h\xa9\x14M\xd7m\xc1\xde:>A\xe8\xebK\x0b\xb4\
\xabe\xb8:=Y\x99w\x12\x1d\xa0P\xc1\x95\xe9\xda\
<O\xb3\x1b\x80\xff'\xb0\xe05\x08\x163\x16\x94\x01\
T\xa7\xeb\xa7\x82\xf3\xbc\xad^\x9d\xd5\xaf%\xf9\xab\xc0\
\x8e\x9d;\x12BZ{\xfaY\x88\xe7E\xfa\xa9a\xa4\
R\x82\xe4A\x8d\xa5\x02\x18)\x19\xda\x9b\xfe\x94\xa9\xa6\
2\x9bW\xff\xd3\xa3:w\x97\x9e\xe8@\xb2\xe8N\x9c\
t\x0aW\x7f\xec\xd3\x84\xe5\x0e\xde&UN\xfd\xf0{\
8\xee_\xff13\x9b\xcc\xbf\x22L\xf9\x01\xd3~@\
gf\xd3\xc9t\xd9\xba\xf8\xc7\xa2R\x07\x96\x90\x1cn\
1\x19\xb60\x9d\x5c\xc1Qu\xa5\xc7g|\x9b\xaf\x22\
\x04T\x92\xfd\x10\xa3\xf9\x88\x10\xa80\xba1\x8d\xed\xf1\
\xe3\xad\xda\xb3\x02\x8c@\xa9TL\x98\xb0\x80\x09\x1b2\
_jn[\xa8s\xf1}\x0e8{\x9ef\xff\x07\x5c\
(\xce\xed\xd7\xc5<XP\x06\x10\x06\xc1c\x11E\xad\
e\xd9\xf2\xe5s\x1bD\x16\xeb}\xfb\xf6\x13\xfb\xc47\
\x9c\xfd\xd8H\xdcw\x851\xfb\x8a^\x92\x15\x18\x87\xf7\
\x0d\x14#]\xb5\x0d\x01YU\xf6\xcf\x06\xc4$\x91\x06\
\xe1:\xfc\x22+Q\xbcb\xee\xfe\xf5\x8b\xb9\xee\xaf>\
\x8e-\xb4\x8fj\xf5\x1a\x0dN\xff\xe0\xbb\xd9\xf8\x8d/\
\xa7[\x01G\xaaM(\xb0\xaf\xeeg\x08Q2b}\
\xfc\xa6S\xf1\x91LG\xf3H*i\xcb\x94\xf1d[\
'V\x88|\x11\x82\xc4&\xa0\xaaL\x07a\x86\x15\xbb\
w\x05QJ\x91je\xc4\xe9\xf6\x05\x11Nx\xcc\xe3\
\x92+\x04-\xd9\x8113\xf5\xbc\x82s\xc9F\x83\xf1\
\x9b\xcd\x07\x95\x1e\xacN\x0b\xf9\x04\xf0\xbcy\x9a]\x0b\
\xbc@\xa0\xfd\x0e\xb1]\xe4\xb0\xa0\x0c\xc0Z{\x1e\x0a\
\xc6x.Z\x0chUv}\xbfI\x108_\xbdx\
\x05V\x1c\xef\xa4>\x11({^*\xea&\x99\x83\xc2\
\x92J!e\x0aiW\xc9\xaa7^\x0f\xd3\x07?Z\
\xf1\xe6\x88\xffm\xa9O\xc9\xba\xf8\xb6?\xfb\xf9\xfc\xec\
\x03\x7f\x8f-\xb6/'_\x98\xad\xf1\xb87\xbe\x8a\xb5\
?\xfe\x1eX\x9b\xec\xbe\xbbw\xb6I\xd3\xb6#p\x01\
\x9dSe/\x9a\xde<\xc4\x9e\xf2\x97\xfc\x17\x9d>k\
D\xd0\x19\x9bC\xbc\xd9H\xbcs\xb1U\xa8\xfa6\xd9\
~L\xa21\x08\xd0\x17\xb9\x03\xe3X\x22\x11a\xed\x89\
\x9b\x13\xf5\xad\xdeh\xa4*\x95\xa6\x17\x15\x11</\xad\
S\xac\xaa\x9b\x97oZ\xf6\x8b\xb9\x98\xeb\xa6\x08\xfc%\
\xf0\xdb\xf34\xdb\x0e\xbcH`\xef\x03\xe9\xb3\x8b\x85\xf6\
\x02X=_\xc0\xad\xfe\xaa9\xcaKV\xda\xdd\xbb\x13\
#\x95\xd7\xdbG\xdf\xd2\x15\x80{\xe8\x06\xa2\xc8\xbf\xac\
\xd1Y\x04\x06K\xf1\xb4\xb2\xe1\xae\xae\xd1l\xa04m\
z\x9d,2\xcfjN?\x9es<\xf3i\xfb3/\
\xe1\xa6\xb7\xbe\x07\xedPK\x00\xe0\xa2\xcb~\x9b\xb5\xff\
\xf7\x03\x10h\xa2\x8c\xd5\x9b\xe9Er\x0c\xaf\xb5\xa0\xf8\
\x5c\xa2\x96\xdc\xc7\xd4p\x97?\xa7\x95\x85HtJ\xd6\
$\x19\xc5#dT\x9dD\xf5\xc11\x82f\xe8\xd4\x02\
\xc9\xf5$\xf4\x14\xd3B!\x1aI#\xcb7\x1e\x8d)\
\x95\x01W/\x909Wt0\xc6K\xe6\xa2\x96\xe3\x06\
Ox\xc0\x05\x83\xff\x10W\xa8\xb3\x13\xc3\x98\x04\x1e/\
p\xff\x03\xed\xb0\x8b\x05d\x00\xfd+\x86\x06\xc4\x88\xa7\
\xc0\xc8\xc8H\xd63\x96\xc3\xfe}\xfb\x13\xf1up\xc5\
\xca\xcc\x88\x85\xdeB1\xb3z\xbb\xbfF\xa0\xe2e\x05\
\xde\x0c\x0bP\x98\xf6mZ_?\xd1\x9b\xdd\x8748\
\xa7\xb5\x5c\xb7\xfb\x94\xc6\xe8k\xda\xbf\x08w\xff\xd6+\
\xb9\xf5\x8do\x83\x0e\xab\xb4\xd7lr\xc1[\x7f\x97\x95\
?\xfb){jM\xc2\x96\xd57\x8bl\xc1\xd1\xbc\x14\
3\x8f=\xa0\x03\xe6\xb0\x86\xb9\x06\x8f\xac\xf0\x9f\xf0\x94\
\xf8\xfe\xf8\xaa\xa9\xed@R5\xa2\x14\xed'H\x14{\
\xa1@\xa9\x7f\x80bo\x9fK\xd9\x0e\xc2\xd6\xcb$\x12\
\x98\xe7\x99l|\xc2\xda\x99;f:\xed\xc6\x93\x1d\xf6\
e\xc0_\xcc3\xdd=8\xe2\xdf\xfa\x8b\xfa\xea\x22\x8f\
\x05c\x00be\xb9`D\x81\xc1\xc1\xc1\x8e\xea\xeeD\
\xa6\x00\xc7\xf2\xa3\x8e#v\xf3\x89@\xb9\x90\xa4\xfe$\
\x0frQ\xa0\x14'\xb9\xb7@\x81i?5\xf2e\xbf\
'Kls\x883\xfb.\x22\x83\xec\xa3(\xc2\x1d\xaf\
\xfe}n{\xfd\x1fw\x9coe|\x8c'\xfe\xc1+\
\xe8\xbd\xe5\xe7m\xb5{\x89f\x22\xd9\x15\xbdE\xb4\x9f\
\xf3\xf4\xb7J\x10m\xfa\xec$\xc1d\xa5\x9b\xc4f\xaf\
\xa9\xb3\x5c\x81P\xa1im\xea^\x8d\xaeU$e\x18\
\x1a\xd9f\xbc\xde>\xcaC#\x00\x846\x1b_\x91Q\
\xb5pv\x80d\x0c\xca\xcaf\xbd>oejM\xb7\
\xed\xea\xd4n\x1c\xf8m\xe9f\xf6=$,\xa4\x0a\xd0\
'P\x11\x94\x81\xfe\xfe\x8e\x8djQ\xa2\x8d\x00\xcb\x8e\
:\xd6Y\xfa\xd5e\xa3\x15b:L2\xcd\x9c\xf1/\
\xde\xdd&oEw\xab\xfc\x8cos\x04\xae\x19i \
~V\xb3N\xac$\x84'\xb7Z\xce\x85\x8ap\xeb\xef\
\xfd\x09w\xff\xe6+:\xaa\x03=\x87\xc6y\xf3\xab\x9f\
\xc7\x9a\xfb\xb60\xd7,\x17\xf7<\x97\xa0\xe3t\xe0\xf8\
\xba\x9dH\xde\x9d=\x97m\xc5RN6\xb6b\xce\x89\
\x9a\x99+$\xd2P3\xa3\x96$\x1e\x01\x5c5\xa5,\
\xe34\xa5\x02\x83\xcbV\xa0\xaa\x846\xcc\xdd\xaf,<\
/e\xda\x02#}C\x03m\x03t\xd49+\xcf\xc6\
\x19\xfd:\xb9\x0b}\x9c\xab\xef;\x1d\x8ew\xf1\x0b\xb0\
p\x12\x80\xd2\x0b\x18U\x18\x18l\xaf\x07*0;\xeb\
\x18\x80\x05V\x1f{\x5cd\x8c\x82\x92\xe7\xe5\x17a\xdc\
\x83=R6 \xa9\x0b0\xcb\x04,0\xebg\xc8[\
\xf3\xc4\xd2\xfajw,{\x9e\xb6<\xe4\xeay\x5c\xff\
\xe7\x7f\xc9\xfd\xbf\xd1\xb9\xb4X\xc1o\xf2\x07\x7f\xf4\xdb\
,\xdb\xb95\x7f?:\x9e!\x89\xdb\xafu\xbe\xf9\xd1\
\xa5\x9f\xe6\x18\x10\x93VyoCrf\xa60H|\
 n\x1b\xa8\x13\xf3\xb3\x0f\x8a\x11g\xf9\x8f\xfbpL\
\xc1c`\xe92\xd7y\x9cM\x98\xeaXI[\x93\xec\
g\x08\x0aA\xd0hv\xda\xbd\xfd<\x9c;\xafS\xd2\
\x90\x0f\x5c\x8a\x0b\x03\xee\xe2!b\xc1\x18@\xa8\xe1\x86\
\xb8:\x8fS\x01\xf2$\x17\x7f\xaaUkn\xd5\x17C\
O\xff0q\xf0I\xd6\x03\x10o\x99\x0d\xd0_2$\
Y}\xe4u\xe8Pa6\x16\x002\x97k\xdd\x883\
\x1d\x05I\xb1\x0c'!HD\x882\xe7\xc1\x8e\xd7I\
\xf5<\xae}\xcf\x87\xb9\xef\xb9/\xea8\xf7\xe1\x03\xfb\
x\xc3\x9f\xbe\x86%\xfb\xf7\xb4\x1cI\xd9U\xfa7\x22\
\xe9\xf9\xbc\x00\xed\xa4\x86\xd671\x17!O\xec\xa9\x17\
0ej\xf1\x89V!\x08-D\xae\xbbXf\x11\xa2\
\x8dI\xa3Y\xc7\x1a\x97)G\xc1Qm]\x94\xae_\
W\xe6=R\xe3@\x9a\xf5`\x8e\x1fU]f\xdf\x97\
\xe9\xbc\xf27\x817\x03_\x93n\x88\xef\xc3\xc2\x821\
\x00k\xc3$r\xc4\x98v1\xfb\xa0\x91.\xa9\x08x\
\x1e\xa6\xd2\x93\xb8\xa3J\xd1v\xd4q\xf2Ol\x96\xee\
)\x98D%HX@d\xe0\x0b42\xe4\xb5\xaa\xd9\
\x19\xe2\xcfn\xd1\xd5\x09q\x91\xcb\xf8\x9cd\xd3\x90(\
\xb2\xd0\x16K\x5c\xfb\x8e\xf7\xb3\xfd\xc9\xcf\xe8\xd8\xc7\xea\
\xadw\xf3\xc6\xdf\x7f\x09Cc\xfb\x93\xdeZ\x14\x96\xcc\
\x17\xad\xf6\xfc\x96v\x1d\x91\xf50\xb4\x99G\xc4\xcc\xda\
I?\xf1}iZ%\xce\xffI^\xaan\xa7\xa5\xc8\
J\xe9\x02\x85\x94\xca\xc0`rU\xdbf\xdb\xb5\xe8\x82\
\x99!\xa9\xd7l\xce\xe6F\xa6p,\xf0y:\xef\xdc\
c\x81\xf7\x03\x1f\xed\x12\xff\xc3\xc7\xc2\xa9\x00.\x91\x83\
B\xa1H\x18\x86\x92#(\xdc:5[\xaf#\xc6$\
!\xaa\xa5\x9e\xbed\xc5\xf1\xe6,2n\xa5.\x88d\
\x96\xf3H\xbf\x8fZ\xcc\x06\xa9\x89\xab\xe3C\x9f\xf9\x9b\
\x0b\xd2i!\xcfN\x84\x17\xa7\xd6\xfa=\xbd\x5c\xf9\x81\
O2q\xec\x89\x1d\xef\xc1\xf2\x9d[\xf9\x937\xbc\x80\
\xbe\xa9\x89\x9c\xcf\xa2\xf5F\xb5~\x9b\x95\x12\xb2\xac\xae\
\xddh~\x11\x8bHf\xd2z\x03\xd4\x09<\xd6\xa6\xab\
||=#\xae\xae\x80\x22\x89M@\x10z\xb2\xb5\x1c\
\xe6\x1dR\x9c{ \xbe\x22#\x99CC\xb8m\xbb\xe6\
+\x19\xf6\x11\xe0\xed\xf2\x8b&\xd6\xc5\x03\xc2\x820\x80\
\xa36\x1f/Y'\x97\xe7y\xb9\xe4\x94\xf8\x8f\xb56\
\xda\xf5W3b\xa7{\xe8\x8a2Wj\xc8\xe9\xaa\x9a\
\xfd\xde\xa1i\xf3\xa4\x1b=\x8b\xc9\xb3\x1f\xaf\xfeY\xfd\
\xda\xa9\x00\xad\x95yZW\xff\xbc\xe8\x1c\xbf\x0d*=\
|\xed\xbf\xbe\xcd=\xa7v\x8eZ]\xb6k;\xaf\x7f\
\xcb\xab(G\xb6\x8e\x07\xf2\x5cg\xd5\x9a_t\xbc\xbd\
\xec\xd0z\x8d\x0c\xe5gU\x06u\x1b\x93\xcca8\xe2\
\xf2\x1a\xa5\xe5\xf40\xc3`\x13\x95\xa5e\x88YMF\
\x5c\xe0C)\xeab\x05p50_\xd9\xf0\x7f\xa6K\
\xfc\x8f(\x16\x84\x01\x94z\x05\xa3\xa6$*\x84a@\
1\x0a\xa7m\x95\x05\x8b\xc5\x02~\x10dlI\xae\xca\
\xaf\xc1\xd5\xae\x8f\xedL\x91\x94\x8f\x00\x05\x81\xd6p\x9a\
\x98P]\xb4[*\xf2\xe6U\x81\x96gJ\xdb\x14\xb6\
\x88\xfbjs~\xdbc\x02;l\x81\xbf{\xdf'\xd9\
r\xda9\x1d\xef\xc7\xd1\xb7\x5c\xcf\xab\xff\xec\xf5\x14\x1b\
\x99Mi\xe6%\x9c\xdc\x91\x8e\xfd\xe6[<0i9\
;\xfe\xb8\xe0J\xecvMl\x00\x99\xfb\x9d\x84\x5c\xa9\
s\xff\xb9yK\xa4\xe6\xb7Q\xeb\xb2\xf7\x5c\xf0\x0a\xc5\
\xc2\xa4\xc2\x12\x5c5\x9f\x13\xe6\x19\xda\xd7q\x15}j\
\xf3\xb4\xe9\xe2AbA\x18\xc0\x9d\xd7\xde\xa9*\xea\xbb\
\x87\xc4\xa45\xe5[\x09J\xd3\xca\xb9\xd6Z\xbcr9\
z\x08[V\xdd\xc4\x8a\xad\xb4V\xd0\xcc\x1a\x03\xb3E\
7\xe6\xae\xfc\xa9i:W\xddv\x0e\x91g\xfb\xb6I\
;\x8d\xfaH\x86$\xe0\xa3\xec\xad5\x98\x1e^\xc2\xe5\
o\xff\x08\xbb7\x1d\xdb\xf1\x9e\x9ct\xed\x8fy\xcd[\
_\x9bH\x02\xad\xabk\xd2o\xdb1\xcd\x0fm\xf3\xbe\
\xdd9\xad\x0cX!b\xb4\x91>\x10q\x00\x95,C\
\x8a\xab\x09)\x9e\x86\x89\xe4\xe0\xca\xb0\xcdE\x18\xd9\x06\
\x22\x86n\x9e\xe0n\xe1\xe5\xc0S\xe6\x99\xc2\x0fp\xf1\
\xfd\xdd\xcc\xbeG\x18\x0bf\x030Fj\x90\xf7[\xb7\
\xaefa\xbc!\xa6\x00V]]\xb96\x0b^L\x1c\
\x05\x11T\xa5\xed\x0a)\x02~\x18G\xfb\xcd\xd5\xfb\xe3\
\x0f\xb1N\x1d\x13\xbf\xa6\x9f\xda\x10M\x5cEg.Y\
\xa9\xc2T3`6*\x915\xb6|5\x1f\xf8\xd8\xe7\
\xa9\x0ev\xaaZ\xe5\x98\xc0K\xff\xea\xcdxQ\xa5\xe1\
\xac\xf8\x9e3y\xcco\xdb#\x7f4+\x8a\xb7*\xfa\
\xedz\xc8\xce\x18J\x05\x93H\x03\xc9\xe5\x93\xfa\x86\x91\
\xda\x15\xe9R\xd5\xc9\xc9\xb8A{\xaf\x85H\xc2\xec\x05\
\xf0T\x83\x7f;0u9\xf0\xdcy&q'\xf0\x1c\
\xf9\x15\xdb\xb3\xefHa\xc1\x18\x80Z\xeb\x1eIM\x09\
\xb8U\x0c/d\xa2\xc6\xbcR\x89\xda\xc4\x04\x09\x89\xb6\
\xe8\xde\xc9\xa3\x9e\xa8\x00s\xc9\xd6&\xe7\x90\x1c\xc9\xad\
\xf2\x92?\xcbf\xe8';\xbe\x98\xe85\xd3\xd9\x1cr\
\x12\xd81S\xc7jJ\xbc\xd3\xc3\xa3\xbc\xfb\xf2\xaf\xb1\
\x7f\xcd\x86\x8e\xf7\xe5\xcc\x1f|\x83\x17}\xf0m\x18\x9b\
n\x0c2\x07s\xa8\xbeu?\xa2d\x08\xf9\xc9\xcdc\
2l'\xed\xa0.\xb2\xd2\x9d\x9eaB\xea*l$\
\x86\xcb\xe87\xdc\xb7}+\xe0*\x06\xc7\xae\xc0\xd8f\
\x13\xcf$.\xe3V\x14\xe1C\xf5\x86\xe9Q\x9d\xafD\
\xf8n\xe0b\x81\x99y\xdat\xf10\xb0pn@H\
J\xce\xd4f\xab\x19\xc3}Jf\x22\xae\xa44\x0aj\
\x95\xd9j\x9a\xe1\x19\xb4\x8a\xea(\xbe\xc6\xd1ny\xe2\
\x8f\xc4M<\x93\x1a\xfa\xacf\x896\xc3\x11\x88h\xda\
f\xe4\xdd\x9cY0\xbb\xe2\xb7\x88\xd7\x19.\xe0\xa3L\
e\xd2i\xe3\x86c+\xd7\xf0\xa9w\xfd-\x07W\xad\
\xebxo\xce\xff\xfa\x17\xb8\xe4o\xde\x9b\x84\x05\xe7\x0d\
y\xf9\xb1\xb4CJ\xe6\xf1\x1c\xe6\x1c$\x11\xdd3-\
\xf3g\xbb\x93\xcaFr\xa7\xc5\xac5\xab\x92X\x9c\xbb\
\xb6>q\x10pe\xc2\x84\x84\x07\xe4`C\x8b\xa8\xf2\
\xc6z\x83W\xfa\x81G\xe7g\xf0~\xe0<\x81m\x1d\
\x8ew\xf1\x08`\xe1T\x00\xcc~\xc5\x19\xf4j\xd1\xe6\
\x92\x09b1]\x95b\xb1\xe0\x1e\xa20`\xb6:\xed\
\x0e\x03\x81\x0dS1>Z\x81\xc28h\xa7\xe5Z\xf1\
3\xe8\x89\xa0\xd9\xed6\x13&\x92>\xf46\xb2\xfag\
c\xe2\x89\xce\xea\xa4K\xc7c\xc8\x1e;\xd8\x08\xd06\
\xb7W\x80\xed\xc7m\xe6\x1f\xde\xf5qj\xfd\x83m\xef\
\x8d\xa8r\xe1\x7f}\x96\x8b?\xfd1\xbc\xa8\xb4\xd8\xdc\
^\xe67\x05\xb6\xaf'\xd8\x22\xd2\xb45 \xe6\xcf\xe9\
\xcb\x94\x00\x8b\xffZ$\xc7@\xad\x82\x0d}\xac\xef\xc6\
\xeay\xf9=\x04\xd2\x93\xddV\xe4\xafi4\xf9\xd3\xc6\
\xbc\xea\xfc>\xdc\x9e};\xe7k\xd4\xc5\xc3\xc7\xc2\xe5\
\x02\x88\xee\x17u\xa4^\xad\xb6\xa9\xdd\xa0\xce=h\xbc\
8r\x0cf\xf6\xa5i\xde\xa1M3\xd5Z\x19A\xf6\
;\xf7\xde\x11t\xd1\x18\xe7\x05\xd0\xec\xf1\xd8+\x90F\
\xfc\xe5D\xfdV\xc2\xcf\x84\xff\xda\x8c\x04\x92\x94\xf4S\
P\x03\xfbk\xcd\xecT\xf2\xaa8\xb0\xed\x84Sx\xff\
'\xbeH\xa3\xd2>\xd2U\xac\xe5\xe2\x7f\xfe\x1b.\xfa\
\x8f\xcb\xdb\x1cm\xbf\xf6\xcf\x95\x0dR\xfbG2\x88\x0c\
\xf7k\xb3\xedH\xae\x17\xabJOA2\xed\x1dB\x9c\
$\x15\x17b\xb5\xaa\x84M\x9f\xc6\xd4\x04\x88P,\x16\
\xe2+\xb7\xf4)<\xabZ\xe3\xddQ\xdd\xc0\x0e\x08q\
\xc4\x7fC\xe7&]<RX8\x1b\x00\x1c\x8c\x17\x91\
\xa9\xa9I\x89W\xe3\xecJ*b(\x97\xcb\xc4\xfe\xbe\
\xd9\xc9C\xc4\x0fq3tkrl\x87\xd7X/5\
\xd2z\x9d\x84\x84+Q\x9d\x80T\xf4M\xffZ\x22\xf5\
@2n\xc2\xe4\xdf\xec\x7fQ\xbfY\xe2\x8fN\xc8\xf6\
5\xe9\x079I\x03m1\xe2\x09\xec\xddp\x0c\x7f\xf7\
\x81\x7f\xa26\xd0>\x17BTy\xe6?|\x90'|\
\xfe\x1f\x93\xb0\xe7y\x08g\xce\xfa\xde:\x8b\xb9\xf7\xa5\
\xb5%\xe9D\x04\xfa\x0b\xe2\x0c|\x92'e?\xcc\xbb\
\x14\xad\x82\x86\x01\xf5\xc9q\x00J\xa5rRF\x8c\x0c\
+\xb8`j\x8a\x8fW\xab\xcc\x93\xff\xdb\x04\x9e-\xf0\
\x93y\xa6\xd9\xc5#\x88\x85c\x00\xaa\xdbTUT\x95\
\x99j5\x93\x07\x9f>\x8a\x22BOOo\xbc,s\
p\xd7\xb6D\x87\xf73\x1bP\xc4+\xbaU\x92\xddu\
\xdc\xfa&\xd1\x16\xd6\x8e\xa8\x8d\xa6D\x9c\x16\xbe\x88\xfe\
\xceI\xf0I\xd5\x90\xcc\x98\x933\xb3*@\xf27Z\
\x11'\x9a!\x99\xad?s\x02{nm\x16\xe1\xee\xd3\
\xcf\xe3\xdf\xfe\xe4/\xa9\xf7\xb6\xcf\x891a\xc0\xd3?\
\xf5A\xce\xff\xea\xe7\x91dl\xf3\xb1\x81\xec\xd5d\xce\
\xbf\xb4\xebA\xa5\xe5;\xb7\xda\x0f\x95\x0b\x99\xefR\x11\
&\xdd\xc1\xc8\xdd\x09k\x95\x89\xbd\xbb\x91(\x09\xa8X\
\xcc\x87\xf7\x0b\xf0\x98\x99\x19>\xb8c\x07\xe59\xa9\x88\
\x09\xaa\xc0\xab\x80\xff\x9dgr]<\xc2X0\x06P\
\xa9\x94\x0f\x8aP\x07a||\x9c\xdc\x1a\x94\x89\xeeq\
\xae?\x01\x11\xf6\xdd{\x97\x137U\xf1\xad\xcd\xc5\xed\
\xc7D9\xe5[\x02\x84\x00'\x118\x22o\xbf\xda\xc5\
\x22\xbf\x8d\x18F\x9c\xc2\x9aW\x1f\xa26\x16R\xb7_\
\xa6\x9f\xe8\xdc\xf8\x04\x8br`\xb6\x19\x1d\xeb@\xae-\
4p\xe3E\x17\xf3\xd9\xb7~\x10\xeb\xb5Oy/6\
\x1b\x5c\xf2\x91wp\xfc5?r\x86\xc1\x0e\xf4/\xda\
\xcaf \x91\x7fZ\xcb\x04\xb7\x9e\x9b\xfd\x1b}XZ\
\xc9TV\x96T\xad\xaf\x06arcBk\x09Q\xee\
\xbf\xe9z\xc0%m9#`d\xf9\x178\xbaQ\xe7\
\xaf\xb7o\xa7\xc7v\x0cF\x0a\x80w\x09|V\xe6\xdc\
\x9d.\x0e'\x16\x8c\x01lZ\xbdi\x1ctV\x80\xe9\
\xa9)\x12\x15\x80,u\xc1\xaa\x95.'DP\xa6\x0f\
\x1e\x88\x88\xd61\x81\xec\xea\x1f\x13\xf3TS\x09Q|\
u\x9e\x82@]a\x8bP\x85\x82q\xee\xa9,\x91\xe7\
\xa5\x88\xbc\xab,\xab\xe3\xb7\x0b\x06n5\xfc)\xae\xe0\
\xe7D\xd3\x15\x1dM\xa3\x9d\xdd\xd1N\x96q\x10n\xbe\
\xe0)|\xfa\xdd\x1f',\xb4\xdf\xe0\xc6\xf3}~\xe7\
O~\x87\x93\x7f\xf2\xbd\xcc\xd5\xf2\xd0\xcc\xde}\xd9\xbe\
\xf3m\xd3\xf9;\xbb\x5c,\xdfg$/\x5cM\x85\x91\
\xb2\x97t\x91\xb5\x04T}'7\xc5\xea@\xa8\xca\xd6\
\x9f_\x0f@\xc1\xf3\xa2\xe4.w\xce`h\xf9\xc4}\
\xf71\x1c\xb43f&\xf8s\xe0C\xf35\xe8\xe2\xf0\
`\xc1\x18\xc0\xf5\xd7_\xaf\x16\x02\x84|\x1d\xf9\x96\xe7\
zd\xc9(qz\xef\xcc\x81\xfd\xb9\x14\xe0Fh\xf3\
*\x00\xcad#@\xa3\x94?\x8bc\x06\x96\xc8p\xa5\
J\x5c\x91\xcejvc\xccl\xfa\xb0\xe6\x88;\x91\x04\
D\xd2\xd4\xe0\xf8{\x89U\x8dT}\xf0\x11\x9a6\xfd\
\x9c\x92\x9at\x5c\xb9\x01\xac1\xfc\xfc\x82\xa7\xf0_\xbf\
\xff\xf6\xceL \x08x\xf1{\xfe\x90\x93~\xf2=\xda\
u6\xd7\xbe\x9f\x95@R\x16\x96\x93\x13\xb2\x06\xc2\x0c\
z\x8c\xd0\xeb\xcd}<\x9a\xaa\xeeG\xc3yJg\x03\
\x1fk\x95\x83\xf7\xde\xe9\xce\xeb\xa9D\xfa\xbf\xb0\xc6o\
\xf2\x85-w\xb1\xbc\xa5Jpv\xda\xb8\xcc\xbe\x8fH\
7\xb3oA\xb0\xa0EA\x8d\x91kT\xc1\xf7}f\
\xb2\xae\xc0\xcc\xd2:88\x88Da\xa5\xb61\xcb\xe4\
\xde=\xd8(\xae\xbf\x19\xba\x95V3\xe7\xcd\xf86\xda\
l#\x15\xef]\x1a\xb0\xa2\x02\xe5\x82$j\x81;%\
+\xf6g,\xfe\x92\x95\x0e\xf2\x11\x84Y\xa8\xd3\x01\xdc\
1\x11\x0e\xd6\x9b\xd1\xa2\x9a\x0d\x82!\x89O\x88\xba\x9e\
\x03\x01\xd4\x18~\xfc\xdc\x97\xf2\xcd\xdfy#\xd6\xb4W\
\x07*3\xd3\xbc\xf0}ob\xd3M?\xcb\x8d\xc2\xcd\
\xa5\x95\xd4A~\x81\xe8\xdf:\x86x\xacK*E\x0a\
s\xc6*L\xf9\xa9\xf7\x05\xa0\x1e\x86L\x8d\xef\xa76\
~\x10\x05\xfa\xfa\xfa\x10\x84\x15\xbe\xcf\xfb\xb7nee\
\xb3I;(P\x15\xf92\xf0\xe7\xd2\x0d\xf1]0,\
lU`\x91+\x14Pk\x19\x1b\x1bK\x5cp\x19k\
\x00\xbd==\xd1\x8e2\x82\xa8e\xcf\xdd\xb79\xc3\x13\
J#\x0c\xd1\xd8\x1d\x18\xf9\xf3gCMJn\xa7\xab\
\xb5c\x18\x82\xd0\x1b1\x00\x95h#\x8c,\xa1'W\
\x858\x16\x01Zj\x04Dob\xe6\x92\x85E\x99\xa8\
G\xdb\x8d\xc7W\xce\x19\xbd\xa4\xcd*--G\x85\xef\
\xbe\xf4u|\xf3\x95\x7f\xe8v\xe8m\x83\xbe\x89q^\
\xf9G/c\xd9\xf6\xfbr=\xa5\xb3\x9d{\x95<\xda\
\x8d#/\x08\xac\xea+\xcd9\x0e0\x19\xab7\xb8\xa2\
\xa1\x81\xc2\xae;o\xc3\xd6\xeb\x88\x08\xbd=\xbdT\xd4\
\xf2\xdem[9\xa9\xd69o\xe7{\x05\xaf\xf6\x8c\x0d\
\xab_\x22\xce\xf2\xdf\xc5\x02aa%\x80\xb2\xb9Z\xd4\
=\xe7;wl\xcf\x1c\xd1D\x0aPUV\xac\x5c\x19\
}g\xd9}\xdb\x8d\xc4[v\xd6\x83\x900j\x1b\x0b\
\xf0\x81\xbaM?\xadMw\xbaIj\xde[e\xa0\x1c\
\xc5\x15 \xb9\xb8\x81\xe8\xaa\x89\x8d!.\x1c\x92\xb5\x03\
$+=-\xe7D\xe3\x0c\x81Z\x12\xfd'\xa9\xd4\xdf\
\x86\x06\xdb\x91eV\xdd\xf8\xfeo\xbe\x86\x1f\xbc\xf8\xd5\
\x1d\x99@\xb9V\xe5\xf7^\xf3\x5cV\xdf}[r\xa6\
\xf3\xf7g\xbd\x0f\xad\xebw\xfcOV\x12\xd19\xeez\
\x03\x8c\x94\x5c\xc5\xa5lL\xbf\x15a&6\x00\xa2\xce\
\x15k\xe1\xb6\xef~\x03lH\xb1P\xa0\x08|\xe4\xbe\
\xfb8s\xa6s\xf4\xeew\x0b\x05^\xd5[\xfe\xf1\x8f\
\xb6\xee\xea\xae\xfc\x0b\x8c\x05e\x00\xe5B\xf1^\x15\x9d\
\x02\xd8\xb7o\x9f\xb3\x05h\xbar\xc7\x14\xb1n\xed:\
\xe2\xa7s\xd7m7\x11\xfa\x8e\xc0\x1b\xa1\x8dJW\xa7\
\xc4+\xaa\xec\xaf6\xf3\x16}\xeb\x08:\x04z\x8b\x9e\
\x13\xef5%\xe5<A\xc7V\xf3\x94L\xe2\x90\x99\xbc\
\xd7!U3\x92\xf6\xe2\xdc\x93\x09%)\xcc\x89\x88\xcb\
a.\x81\xc6&\xba\xb0X\xe4k\xaf\x7f3W=\xfb\
\xc5\x1d\x99@\xef\xe4!^\xf6g\xafg\xe5}w%\
\xd7\x93V\xf6\xa4\x9aa\x0a\x9a\x9f,9~\x10o\x19\
\xc8\xd2r\x81Rl\xac\xcc\xb4\xaf\x86\x96\xc0\xa6\xd6\x85\
j\xa3\x81j\xc0\xbe\xdboBEY\xd6\xd7\xcb\xbb\xb7\
o\xe7\xdc\xe9\xe9\x8e\xe6\x8e\x9b=\x8f\xd7\xf7V8h\
\xe4\xaaynL\x17G\x08\x0b\xca\x00*\xbd=\x87\x10\
\xee\x03\x98\x9c\x9c\xa06\xdb^d\x5c\xb1r%\x85B\
\x01Qer\xe76\xaa\xe3c(\x10XK=\x08s\
\xd6#U8P\x0f\x5c`\x8fU\xac\x8dw\xbbq\xf1\
\xea\x958\xbdU$\x17\xf4c3z\xbe\xeb'e\x0e\
1\xb1'\xd7h\xf9\x1c\x7f7\x1d\xf9\xff;\xd7\x0br\
hK\x1c\x92}\xebD\x075\x86/\xbd\xe9=\x5cw\
\xf1%\x1d\xfbZ\xba\xe3~^\xfe\xd6\xd72xp_\
\xae\xdfx\x04\xae\xaf\xbcm\xa3\xe3\xa5\xa37\xeb\x07*\
\x09W\xcbn\xd72^\x0f2\xec\x10\x9aA\xc0\xfe\xfb\
\xef\xa1>1NY\xe1Ok\xb3\x5c<>\xde\x91\xf8\
\xb7\x18\xc3\xb3\xfbz\xd8\x0bV\xd1k;N\xaa\x8b#\
\x86\x05e\x00;\xb7\xecl\x22\xfc\x1f@\x10\x06\xec\xdd\
\xbbw\x0e\x01\x02\xf4\xf7\xf51::\x0a\x80?=\xc5\
\xae[or+\xbaU\xaa~@\x12\xc6\x8b[\xc1C\
\x15&\x9b\x8aZ\xe7\xa7\xb6V3:\xbb\xd2S4\x09\
\xa1\xaa\xe4\x89\xdd]\x9b\x0c!+\xd8\xd4\xc7\x9en\xa3\
\x9dg\x16\x8a2\xd9\xf0\xf3\xc6\xfe\x16JhO\x18q\
Y\xad\xf4hV\xfa\xb1\xc6\xe3\xdf\xdf\xf6\xd7\xdc\xfek\
\x9d\x93\xe6\x96m\xbf\x8f7\xbe\xecbz'\x0f%\x12\
\x87h\xac\x02d\xc5}\xf79\xef\x89\xcc\x0f\xb8,\xc2\
\xf2\xc8\xfd\x97\x1b\x87H\xe4\xdet7\xc8\x0fCB,\
w\xfc\xf0;\xd0\xf4y\x9b\xef\xf3\xf2\x83\x07;\x8eq\
\xb7\x08O\xee\xef\xe3\x90\x08Vm\xe0\x15\xbd[:6\
\xee\xe2\x88aa\x8d\x80\x80\x88|_\x9d\xb5\x8c\xfb\xef\
\xbf/g|\x8b\x97Yc<\x8e:\xea\xe8\xc8\x87o\
\xb9\xebG\xdf\x06\x14\x8b\xa5\x1a\x04IL@V\xeb\xdd\
1]\xcf\xe9\xef6\xd2\xedUa\xa4\x5c \xb1\xde\xdb\
v\xc4O\xfa\x9d\xc6\xef\xd30\xe5\xfcN\xbb\xa9\xaaQ\
\xcd\xf9\xba\xe7\x97\x02r\xed2F\xc3vv\x03\xeb\x15\
\xf8\xdc\xbb\xfe\x86{\xce\xec\xbc\x97f\xdf\xc4\x18\xaf\xbe\
\xec\xc5\xf4\x8fg\x89P[\xb8N~Ls\x19\x92\xb2\
\xae\xaf\x94\xbf~\xa4\x0a\xd5-\xf8\xb11\x05'\xfeK\
\x18r\xfb\xb7\xbf\xca\x9b\x9au~w\x9e\xe4\x9eC\x9e\
\xc7\x8b\xfb\xfa\x98H\xcb\x84\xdd\xd7\xd7[\xd9\xdd\xf1\x84\
.\x8e\x18\x16\x9c\x01`\xccu\x8a\xcc\x80\xb0w\xcf\xee\
\x84h!%@\x11e\xfd\xfa\xf5I\x80\xc9\x9e\x9b\xaf\
\xa3Q\xadbUi\x84\x01uks\x22\xbc\xa82^\
\x0fh\xe2\x8a\x8a\x84\xea\xbc\x06\xb1QpiOZ\x82\
,V\x03\xa0=\xf1\xc7\xec!%Q\xc9|\xce2\x05\
R\xefC\xd4G\xca\x8e\xda1\x03\xc9\x11\x19d\x0cn\
mL\xf4\xb3}\xfd|\xea#\x9f\xe1\x9e\xb3\xce\xefx\
+W\xdds\x07/z\xe7\xef\xd1;y(\x13Z\xdd\
\xdaYV\xd7\x90\xec\xe2O\xc9\x08\x1b\x06*i\x0c\x7f\
D\xfc\x16\xd8Wk\xa4\x8cO`\xbaQ\xe7\xe0}[\
x\xee\xbe=\xbc\xa5\xd1\xa0\xd4!\xc4\xb7a\x0c\xbf\xb3\
d\x09?\xf7LZ\xc1\xd9\xc8\xd7\xf6n;\xf0@9\
d\x17\x87\x11\x0b\xce\x00\x06F\xfb\xf7\x89\xe1zp\xbb\
\xca\xee\xdb\xbf/w\xdc\x91\xa7000\xc0\xd2e\xcb\
\x11\x81fu\x9a\x1d7]\x17Y\xeb-\xd3\xf5\x06\xd9\
\x08}G\x84\x86\x03\xf5\x80 \x8a\x1a\x0c\x22+}\x08\
\x18l\xb2\xb3M\x5cv\xbcUwO\x12\x93\xe6\xda\xcd\
\xbfd^4\x00\x00 \x00IDATr\x86\xc0\x98\
H\x02\xd2\x02\x9a\xed\xb3\xec\xf2\xb3\x8a3\xf4ZHr\
\xce'\xcd|\x13\x96*\xfc\xcb_}\x8a\xed'\x9f\xd1\
\xb1\xe7c\xae\xbb\x92\x97\xbc\xed\xb5\x14\x9b\x0d7\x92\x16\
\xc2\x8ci\xb0u\xf5\x17\x84\xb5\xfd%*\x85\xb4\xacY\
<\x8d\xbaU&\x1aa\xf2\xb9a-ah\xe9\xfd\xfb\
\x0f\xf3\x0f\xb5*\xe5\x0ec\xa9y\x1e\x97\x1ds,W\
d\xf6\x0aT\xab\xbe\xe7\x99ot\x9c@\x17G\x14\x0b\
\xce\x00\xf6l\xd9\x1d\x16\x0a\xc5\xcf\xc5\x85'o\xb9\xa5\
\xcd\x16o\xea\xaa\xcc\x9er\xea\xa9\xee\xb3\x0d\xb9\xfaK\
\x9fs\xd1|\xd62\xd9h8w d\xa8U\xd93\
\xdd\x88\xc2\x805\x0a\x1e\xd2D\xf4_Z)D\xd6\xf5\
\x8cn\x1f\xaf\xee-D\x937\x00\xb6\xa6\x07\xbb\xef\x1c\
\xa3\x89\xbfm%\xe9N\xd5y\xb3N\x82\xf6\xd6\xb9\x16\
!\x81\xd9\xfeA>\xfd\xc1O3\xb9\xacS\xd9|\xd8\
t\xe3\xd5\xbc\xea\x0d/\xc4k\xd63\xfdge\x93\xb4\
O\xc1\x95\xf9.\x02\x9b\x06z\x22\x86\x97\x0f\x97>0\
\xeb\x13\xc6\xda\x84\xc0d\xad\xca\x8a\xef\xff/\xef\xb9\xf2\
\x8a\x8e\x06?+\xc2{6n\xe2\xeaJ\x99\xd0\xa6\x85\
Q\xac\xe8X\xb1T\xec\xee\xe3\xb7H\xb0\xe0\x0c\x00\xc0\
\x94\xe4+\x8a\xfa\x82\xb0m\xdb\xf6\xdc\xaa\x9bU\x08\xd6\
\xad]G\xb9R\xc1\x88p\xe0\xf6\x1b\x99\x19\x1b\xc3Z\
g\x90\x9a\x0dB\xac\xda\x5c\xd9\xaf\xd9\x10\xa6\xc3\x88\xf8\
!e\x02\xaa,\xef-\xba5?\xe7\x12l\xb1\x07@\
K\xb0P^=\xc9\xbe\x02\xcd'\x1d\xc5\xce\xb2\xb9+\
mz\x9d\xd40\xd7\xce~\x9f\xff\x94\xfdvfx\x09\
\x7f\xfb\x8f_f|u\xfb\xaaB\xa2\xca\xba\xdbn\xe0\
\xf9\xef}#\x85f\xac\x9bg\xa2\x12\xa3kf$}\
V\xf7\x15\xa8DOC\xa2\x89\x08X1\x8c\xcd\x06\xc9\
|\x9aa\xc8\xd0\xcd7\xf2\xa2\xbf|[G\xb1_\x81\
\x0f\xad\xdf\xc0\x0fFF\x18\x1b\x1fOn\x88\x02b\xf8\
\xc6\xf8\x9e\xf1\x89\xb6'vq\xc41\xef\xce\xacG\x0a\
\xb3\xd3\xb3\xb3\xa5\xbe\xd2\xd3De\x9d\x00KFG\x19\
\x1e\x1aJ\x0bYDVr1\x82Ze\xcf\x9e\xddx\
\xaa\x84\xe2\xb1\xf6\x8cs\x11\xb7\x1b\x18\x83\xe5R\xbaQ\
E$\xe7\xd6\xfc\x90\xd1\x9eB\xaa\xefG\xcc\xc5\x08L\
6\x02\x17\xb7\x1f\xcb\xf28f\x10o\xfd\x95[\xe9\xc9\
\x13\xa3S\x1f\xd2\xe3\xd5\xd02\xde\x08\x12R\x96\x0cy\
g\xad\x01\x09\xe9\x09\xc98\x93c\x11Ef\x090\xed\
\x83\x0c\x01C\xbd\x7f\x80[.\xba\x98\x13\x7f\xfaC\xfa\
&\x0f\xb5\xbd\xaf+\xee\xdbB\xff\xc4\x18\xf7\x9e\xf7x\
\xd4\xf3\xd2\xd2\xdeB\x92\xaf/\xb8\xc2\x9fg,\xeb\xa7\
\x18e]f\x85\x92\x03\xf5\x80)\xdf&\xe3\x96[o\
\xe4\xc5ox9C\xd3Sm\xafi\x81O\xac[\xcf\
\x7f\xaeXN#\xf09x\xe0\x80\xbbQ\x22XU[\
\xac\x14\x7f\xb7>S\xefV\xfaY$X\x14\x12\x00@\
\xa9\x5c\xfa+G\x87\xca\xcf~vu\x9e\xc045\xbf\
m>y3\xc6sV\xfc[\xbf\xfe\xef\x04\x8d:\xa1\
*S\xcd&\xcd\xac/?\xa2\xf4\xd9@\x99lZ\xa7\
.$\xaa\x00\xa8\x8d\xc3]ccW\xc6\xa0\xd7F\xef\
\xcf\x9a\x03\xb3\x92~l+\x08\xa2\x1dt\xf2\x9cb\xae\
\x86\x1f\xf7%\x9a?\x94\x12]\xab\x98>\xd7\xa2\x10\xcb\
\x0f\x13+\xd6\xf0\x99\xbf\xf8$\xd3\xa3\xcb\xda\xdeS\x80\
\xb3\xbf\xf2y\x9e\xf6\xd1w\xe2Ebx\xecr\xcc2\
\x95\xa3\xfb\xcb\xf4d\x0aw\xc6hX80\xdbL.\
Z\xd9\xbd\x9dK_\xf3\x12\xfa\x0e\x8d\xb7\xbd\x96\x15\xe1\
\xab+V\xf2\xf9U\xab\xb0b\x98\x98\x98\x8c*;G\
\xf2\x93\xeaN#\x85\xdb;\x0e\xb6\x8b#\x8eE\xc3\x00\
\xd6.[\xfbuEgA\x98\x9c\x9a\xc6\xf7\x9b-\xfa\
\xb6{l\xbdB\x91\xd3O?\xdd\xad\x86\xbe\xcf\x0d_\
\xff\x12V\x95\xc0\x86\xec\xaf\xcd\xa6i\xc2@\xbc\x8c\xef\
\x98jF\xf6\x02Mm\x02(\xfd\xc5\x02\xa5\x8c\xed\xc0\
1\x9d\x16c`\xe6o\xab\x14\x80\x92D\xe9\xa5\xaeH\
\xe6Z\xf7\xdbM8\x96n\xe2\xfe\xe6\xea\x0a\xc9\x95b\
I /q\xbb\xd1\xec=\xeax.\xff\xf0g\x08\x8b\
s\xf6\xd8Lp\xf6W>\xcf\xaf\x7f\xe2\xfdH\xb6\xcc\
z\xf4g\xb4\xe4\xb1\xbe?\x8d\xfb\xcf\xce\xe1\xc0l\x13\
\xdf\xbav\x85\xea\x14O|\xd5\x8b\xe8\x1f\xeb\xec\xeb\xff\
\xf6\xd2e|h\xd3&\xac1\x88\x11\x0e\x1d\x8a\xea<\
H4v\xc3\xf7\xfa\x97\xf7Nw\xec\xa0\x8b#\x8eE\
\xa1\x02\x00\xec\xdb\xb7O\xcbC=G\x89\xe5\x0cAi\
\xfa>\xeb\xd6\xad\xcfk\xc8ngJ\x96-]\xce\x1d\
w\xdc\x8eZ\xcb\xae\xdbo\xe4\xe4\xe7\xfc&^\xc1\xd0\
\x0cC\x86{{\xf0\xb2\xfa\xae\xc4E,\x95\xde\xa2I\
VT\xc5\xe9\xca\xc5\x82\xc7x=L.\x92z\x12b\
\xad7\xfd7\x1aDJ\xfc\x90\x1c\x9d\x0e-S\xcd0\
i\x93\x8c[\xf3\xa2\xfc\x1cq>\xab\x02d\xd8q\xba\
\xe7^\x96\x9f\xcc\xdd=\x18`ft9w\x9f{\x01\
\x9b\x7f\xf4-\x8a\x8d\xfa\x9c{+\xaa\xac\xbf\xf9g\xd8\
R\x89\x9d\xa7\x9d\x8d\x18\xe7\x92\xf3\x80\xf3V\x0dP\x8a\
\xb6\x5c\xcb2\x86\xa6\xc2\xf6\x19\xb7\xfa\x17\xeau\x9e\xf0\
\xca\x17\xb0\xe2\xb6\x9b\xe7\xf4\x1d\xe3{\xcb\x96\xf1\xfe\xa3\
\x8f!\x88\xdc\xaa\xd5\x99\x19&\xa7\xa6\xa2\xb9\xb8\xfbZ\
\xee\xaf\xbcj\xcf\xdd{\xba\xfe\xffE\x84E\xc3\x00\x00\
\x96\xadXvU\xa36\xfb\xc7FD\x0e\x1e\x1c\xe3\xec\
\xb3\xce\x8etr\x87DG6Boo/\xdb\xb7m\
u\xab\x9aW`\xf5)g \x02A\xa8\x0c\x94Jn\
3\xcb\x8c\xce\xdc\x08C\x06\x8a\x05g\xf8\xd3\x94\xc0\xcb\
\x9e\xe1P\xc3Y\xb9\xb3\xd2\x06d\x98\x81\x92\xcb\x1aL\
\xa4\x85\xa8\xb5\xe26\x01\x99\x092\xb5\xfcc\xc2\x97V\
\x22\x8eZ$z~\x1a\xa7/\xe9$\x89k\xf1f]\
v&C\xf6Y\x06 \xc0\xf4\xf2U\xec=\xfaD\x8e\
\xbf\xe6Gm\x99\x00\xc0\xa6\xeb\x7fJc`\x80]\x9b\
\xcf\xc4\x88\xe1\xf8\xa12\xcb\xcbQ\xd2o\xcbf\x1e\xdb\
g\x1a4\x14J3\xd3\x5c\xf4\xfa\x97\xb2\xea\xda\x9f\xb6\
\xedS\x81\xebGF\xf8\xcbc\x8f\xa7\xe69[\x8b\xb5\
\x96={v\xe3\xfb~2Pk\xb5V\xe9-\xbf\xa9\
:Y\x9d\xb72H\x17G\x16\x8b\x8a\x01L\x1f\x9a\xaa\
\x95z\xcb\xcf\x14\xccj\xd4\x22\xc6\xb0bE\x5c\x11\xc8\
!&\xaa\xe1\xa1\x11v\xee\xdcA\xadVe\xef\x1d7\
q\xe2\xd3\x9eO\xb1R&\xb0!}\xa52%\xe3\xf6\
\x11\x94\x98\xd8\xc40\xd3\x0c\x18,\xbbb\x1b\xa9\xe1_\
\xe9)z\x1cl\xc4\xcfeJ\x049\xf1?\xcb\x00Z\
\xc4u\x15\x18k\x04\xd4B\x9b\xae\xd21\xe1k\xfa\xde\
}\x9d!lI;K\xc2\x81\xe31g\xe6\x9b2\x90\
\x96\x1d\x82b\xd7\x1c\xcep9\xb6n#\x077\x1e\xcb\
\xe6+\xbe\x99l,\xd2\x8a\xa3\xae\xfd\x09\x93\xab\xd7\x12\
\x9e\xbc\x99\xcdK\xfa\xc8\xed\xfd\x17u<\x19X\xf6\xd5\
C\xc4\xf7y\xcc;\xfe\x98\xf5\xdf\xfbf\x87_\x0cv\
\xf4\xf6\xf2\xc6SN\xa3Z\xf0\xa2\xdb\xa9LMM\xb9\
2o\x89T\x05\x16\xfb\x83\x91e\xc3\x9f\x9d80\xd1\
\xdeu\xd0\xc5\x82`Q1\x00\x80\xe1UK\x7f\xdc\xac\
\xcd\xfe\xae\x18a\xef\xde}\x9cq\xda\xe9\x00\xb9\xd5I\
\x00\xf1\x84eK\x97q\xd7]waB\xcb\xc1\xdd\xdb\
8\xe6B\xb7\xbd\x5c=\xf0\x19\xaeTZ\xdc^\xceB\
\x1dX\xa57\xa9\xbd\xe7\xbe/\x1aC3\xb4\xd4\x12g\
wK\xd1\xcf\xac\xc5.z\x9bc\x0e\x0a\x13M\x9fz\
\x98\x19_|Z|\xa6d\x88?7\x9f\xd8k\xd1\xda\
6\xfa\x9ca\x00y\xcfB\x0a\x93a\x0cc\xeb\x8eb\
\xdf\xd1'r\xea\xf7\xfe\xa7\xed\xfd\x15U\x8e\xb9\xea\x0a\
\x06O\xd9\x8c\x7f\xc2\x89)\xd3\x89\x06\xd0T\xd8Q\xf5\
\x09\xacr\xde\xbb\xdf\xcc\xb1\xff\xf5om\xfb\x01\xb8\xaf\
\xbf\x9f?8\xed\x0cf\xa2\x0aF\xce\x90\xaal\xdd\xba\
\x15kS\xb5\xea\xff\xb7\xf7\xdeqv\x5c\xe5\xc1\xff\xf7\
\x9c\x99\xdb\xf7n\xef\xea\x92-\xdbj\xee\xb8b\x5c\xc0\
`\x8c\x8d!8!\x84\x92\x84\xe4%\x84\xbc\x81P\xf2\
\xbe\x81\x90\xd8q\x08\x90\xdf\xef\x0d\x04\xe7M\x08\xdd\xa1\
\x84b\x03\xc6\x98j\x8c\xdc@\xc66\x96\x9b\x9a%Y\
\xda\xd5j%m\xbf{\xcb\xcc\x9d\x99s\xde?fn\
[\xdd\xbbr\x91V\xbb\xd2|\xfd\x91\xb7\xdc\xd9\xb9g\
\xe6\xce\xf3\x9c\xe7<\xe7)h\x8d0\xc5'\x0e\x0d\x1c\
\x0cK}\xcf3\xe6\x9d\x02\xc8MN\x8fE\x12\xb1k\
\x05r\x91\xd6\x0a)\x04\xbd=}UBQy\xfc\xe3\
\x89\x04Z+\x0e\x1c\x1cfzh\x80\xceU\xabiY\
\xbc\xb4\xbc\x1f\x9f\x8aD\x02+\xa0\x84\xc0Q\x1aC\x0a\
bRV\x99\xf4\x9at,\xc2\x98\xe5PZ\xc5W\x04\
|F\xa1PQ\xdf+?\xedz\xe4]U\xb3\xee\xaf\
1\xfbE\xed\xec}\xd8R\x00@\xe8\x8a@\x06\xc7\x95\
\xdc\x02\xd5\xbe\x82\xda\xbbP\xadp|3~t\xc9J\
&\x96\xac\xe4\xd4M\xbf\xac\xdbXDz\x1e\x1d?\xbd\
\x1b\xeb\xb45X\xabO+o\x09j\x01\xfb\xf3\x0e\xb9\
\xa2\xc79\xffr\x0bg|\xed\xf3\x15\xc7\xe1\x0c\x86\x12\
I\xfe~\xddz\x0e\xc6b\x08\x84\xdfnEk\xa6\xb3\
\xd3z||\xac\xe6\xa3RZ\xd3\xdb\xdf\xf3\x07\x13\xa3\
\x13a\xf1\x8fy\xc6\xbcS\x00\x00\xed}\xdd\xf7\x14\xf3\
\x85\xf7J)\x19>p\x803\xcf\xdcP\xd3_\xae,\
LB\xd0\xd6\xd6\xc6\x81\x83\x07\xc9\xe7r\x0coy\x8a\
UW\x5c\x83\x11\x8bc{.\xb1\x88IL\x1aU5\
\xea\x01\x04\x96R\xc4\xa4\xc4\xa8J\x93\xf5\xe3\x08\x22\x8c\
\x07\x19}\xa5Y\xbe\xb4\xfe\xaf6\xb6\xeb\xc5\xbfd]\
\x8f\x9c\x13\xf8\x00\x04\x81y.\xea\x08z\xe9\xb73\x84\
\x9f\xd2,\xack|\x17\xd5\xaf\xd5(\x8f*\xeb\xa2d\
m\x88\xf2\x92Gr\xf0\x945\xa8h\x94\xe5\x8foB\
\xaaJ(n\xf9.(\x8f\xe6{\x7fJa\xdd\x06\x8a\
A\xa2\xd5\x94\xa3\x18\xc9\xdb\xac\xfe\xc6\x978\xeb3\x9f\
D\xd6\xedJ\x04S\x91\x08\x1f=\xf3l\x9eK\xa5\xca\
\x16\x11h\x1c\xd7a\xef\xde\xbd\xc2\xf3\xaaf\x7f4J\
\xab\x81CC\x87\xfe\xb9\xee\xc9B\x8e+\xf3R\x01\xe4\
&3\x93\x91d\xecR\x89X\x89\xd6Le2\xacX\
\xbe\xb2\x1cP\x02\x15\x810#Q\x9a[Z\x19\x18\x1c\
\xc0\xcaL1=r\x80\xe5\x17_\x81\x10`\xb9.\xa9\
h\x14\xb3\xdc\xdf\xae\xb4\x03 \xb1\x95\x22n\x88\xa0H\
h\xe0x\xd3\x1a\xd30\xc8\xb8U\xed\xc3f\xda\xdb\xe5\
\xb3\x94\xed[\x00\x0a\x9e\x22\xebx5f\x7f\x8d\xa0\x97\
V\x17\x87Y\x02U3~\xf0\xbf\x8a\xd9_m\xbb\x1c\
\xbe\x03Pm%\x04\x1b$e_\x82D0\xb8\xe1<\
\xbcX\x8cU\x8f<P\xf7>\xcbb\x91\xd6\x9f\xfc\x90\
\xc9ko\xc0n\xef`O\xb6\xc8\xb2\xbb\xbf\xc7\xc5\x1f\
\xfe\xcb\x863\x7f\xc14\xf9\xf3\x0b.b \x10\xfe\xea\
b\xaa\x07\x0e\x1e\xf0+<W\x0d.XB}\xdd\xb1\
\x9d\xc6\x8e\x84\x90\xe3\xc6\xbcT\x00\x00=\xabz\x7fT\
\x98\xca}HH!\xc6\xc7'8e\xd5*\xa21?\
\xed\xa4<\x1b\x06_\x9b\xd2\xcdH!\x19\x1e\x1ebz\
\xff>\xe2-mt\x9ez\xba\x9f\x04\xa4<\x92\xd1\x18\
\x12YcZ+-(jM\xd4\x90H(g\x0a\xc6\
\x0cIQi\xac\xaa\xc6#\x94\xbf\x8a\x9a\xef\xaau\x83\
\xa55\xd3\x81#\xb1vu_\x11\xca\xda\xad\xbdj\xfb\
\x80Jt\x1eu\xfc\x1d\xd4\xfe]\xed{\xf8\xff*\xbb\
\x1e\xa2\xfc\xbd\x14\x9a\xe1\xb5g\xa3bqV<\xfaP\
\xdd\xfb,\x1c\x87\xb6\xef~\x9b\x1d\x17^N\xe7C\xf7\
q\xd1G\xfe\x12\xd9\xa0\x84w\xc14\xb9\xe9\xcc\xb3\xd9\
\x9dn\x0e\xee\x89\x0e\xee\xa5\xa2P(\xe8}C\x83\xa2\
\xd4\xfd\xb7\x84\xd6h\x19\x91\x7fW,\x14w\xd5=i\
\xc8qe\xde*\x80\xcc\xc8T!\xde\x9cL\xa0\xf4\xa5\
\xa0\xd9;\xb0\x97uk\xd7W\x0e\xa8\xb2\x044\x9a\xee\
\xee\x1e\xa62\x19\xc6GG\x98\xdc\xb3\x93\xee\xd3\xd6\x93\
\xea\xec*7\x10ID\x22e\xe1*\x89\xb1\xa7\xc1Q\
\x10\xabj\xc8\xa1\xd1$\x0c\x83\x9c\xabj\x83{\xa8l\
\x01\xd6\xc3\xd6\x8aLY\x01\x88Z\xe1\xd7UBN\xad\
/\xa3\xb2D\xa8\xac\x07D\xd5Y|%\xe7\xfb\x06\xaa\
\xcfS\x1a\x91\xff{\xbf!G\xf9\xfa\x84\xbf\x03\x22\x85\
\xc04\x0c\xd4\xf9/\xa3S;\xa47?V\xee8\x5c\
\x8d\xb4,\xfa\x7fv7\x8b\xef\xfd\x09\x91z}\x1a\x01\
GJ>\xbdv=\x9b\xba\xbb\xab\x96M%e(\xf4\
\xd6m[}\xd3\xbfrQ\x00x\xca\x13+\x97\xae|\
\xe7\xa1C\x87\x0e_\x87\x84\x1cw\xe6\xad\x02\x00\xb0\xf3\
\xf6=f<\xf6\x1e\x03\x91r\x82Y\xa9\xaf\xa7\xf7\xf0\
 \x9a\xe0\xe7eK\x97\xb2w`\x80\xcc\xd8(SC\
{\xe8\xdd\xf02\x22\xc9$E\xcfC\x08HD\xa2\x94\
\x0f\x0f\xfe\xc6\xd1\x9a\xa2R$\x22A\x15\x1c\xed\x9b\xd2\
\xf1\x88\x11\x94\x18o\xbck\xa5\xab\xfe\xe7(\xcd\xa4\xed\
\x96\xad\x92\xf2\xf8\xaa&DI\xd5\x9a\xbdl\x0d\xe8\x19\
?\xcf\x98\xe1\x83\xf1\xd4X\x01U\xc7\x96,\x0bY\xb2\
0|\x9d\x81D\x10\x91\xb08\x15eyk\x92\xa9\xcb\
\xaf\x22\xbe\x7f\x88\xa6-O\xcd\x0c)\x04\xc0\xcc\xe70\
\x1a\x14\xf5\xd0B\xf0\x99\xb5\xeb\xf8E\xff\xa2`\x01T\
\xc9\x98\xd4\xc0\xe8\xd8\x88\x9e\x98\x9c\xa8\x1dx\x80\x12\xea\
\xd9\xa1\xc1\xa1O7\xbc\x89!\xc7\x95y\xad\x00\x00Z\
:\x9b\x1fs\x8b\xde;\xa4\x10\x0c\x0f\x0f\xb3l\xd92\
\xe2\xf1D\xcd\x8cY\xfa\xa2\x85d\xd5\xaaSx\xfa\x99\
g\x98>4\x8c=5I\xdfY\x17bF$\xb6\xeb\
;\xa6|K\xa0vu\xedj\xbf\x9ao\xdc4\xfcf\
\x98hL\x04\xa6\x14\x14<Un1V\xfbtWm\
\xf0\x0b\xf0\x84`\xa2\xe0\x96\x05\xde\x17\xf6\x8a\xd0\xca\x9a\
\xaf\xb5e\xb9\xcaN\xbd\xe0\xdfLk\xa1\xac\xe8t\xc9\
\xcc?\x5ci\xc8\xf2\x12B`\x08_\xf8W\xa4c,\
n\x8a\xfa\x01DB0y\xd5\xab\x89\x0d\x0f\xd1\xf4t\
\xe3\x88\xbe\x99h\xe0\xdf\xd7\xad\xe3g\x8b\x97\xfaa\xcf\
\xe5lK\x7f\xa0\xb9lV\xef\xda\xbdK2\xc3\xf4\xf7\
\xffV\xa3\xa5\xfe\x8ec9a\xfe\xff<e\xde+\x80\
|&\xff\x5c$\x11[-\x10\xeb\x05\x82\xa1\xa1\xfd\xac\
^\xbd\x1aa\xc8\xb2\x18\x0bQq\xcbI\xc3\xe0\x8c\xd3\
\xcf\xe0\x99-[\x18\xdf\xf3,\xc2S\xf4m8\x1f!\
5\x96\xe3\xe2)E\x22\x16\xabyV\x85\xf6\xc3\x85s\
\xaeGD\xfa\x02\x04\x10\x13~\xe1\xd0\x82\x9a\x11\xe7\x7f\
\x98c\xd0\xf7!L\x15\x1cj\x9b\x82\x0a$\x1a\xa9+\
{\xf5\x95\x93P\xe3\x93(y\xf0\xa5\xa8\x98\xf8\xb2j\
1!\xa0*\xb0\xa92\xeb\xcb*\xe1\x97\x02\x0c\x01\x11\
)8\xad5FW\x22\x82,\xed\x9e\x08@J&/\
\xbe\x8c\xf8\xe0\x00\xa9\xedG\xce\xc9\xd1\xc0wW\xae\xe4\
\xf6U\xa7\x06\xbaI\xd7DE:\xc5\xa2\xde\xfd\xdcn\
\x1c\xb7(\xea\xdd\x13\x00\xc34>i\x17\xec0\x01h\
\x9e2\xef\x15\x00@$\x16\xd9\x88\x10\x7f(\x84h\xb2\
\x8b6\xd9\x5c\x8eeK\x97\xfa/V\x05\xd4\x94\x04\xca\
0\x0d\xd6\xad]\xc7\xd6\xad[\x19\xde\xf28\xa64\xe8\
Z{6B\xf8ME-\xc7!\x19\x8b\x95\xbd\xe7\xd5\
q\xff\x05\xe5G\xf3E\x83\xea\xc1\x09)\xf1\x94\xc6:\
\xcc)^mG\xf8\xbb\x13S\x05\x07\xa5K\x82\xe9+\
\x96\x99B<\xd3L\xaf\x08ve\xd6\xaf\xc4.T\x05\
\x09\x89\xca\xdf\xca\xaasI\x19\xfcN\x08\xa4\x10\xc4\x0d\
\xc1\xba\x8e8i\xd3\xac,u\xaa\xac%\x1d\x8f\xb3\xfb\
\x92+i}\xf8!R\xc3C\xb3\xde\xf7_,^\xc2\
\xe7\xd6\xae\xaf\xf5\x83\x94\xca\xae\x81~v\xe7\xb3\xe4r\
\xd3\x15\xd1\xaf\xde\x1c\xc1w\x00\xa6\x9a\xe2\x7f\x9d\xcd\xe4\
\xa7f}\xa3\x90\xe3\xc6\xbc\xc9\x06\x9c\x8d\xfcTn\x5c\
J\xf9G\x9e\xf2\x94@\xb0g\xcfn\xb6n\xddZi\
\xd9U\x1d\xa0\x1f`\x98\x06\xaf\xbf\xe1\x06R\xc9\x14\xbf\
\xf9\xef/\xf0\xe8\xe7?\x85\xa7\x04\xaeR\xe4\x1c\x87\xa1\
\xcc\x14\x05\xcf\xc3\x0b\xb2\xffJ\xebZ\xa5`\xca\xf1\x98\
t<t`bw\xc7MZ\xcc\xb2X\xfboPc\
\x09\xf8B\x18\x93\xa2b\xe2\xeb\xaax~\xaa\xff\xa4d\
\xfe\xd7F\x00Be;\xaf\xfa\xf4\x15\xcb@\xd4\x0a~\
\xf0O\x080\xa4\xc0\x90\xd0\x16\x15\x9c\xd5\x99$\x16d\
\x15UV\x15\xfe\x7f\x0a\x18\xb1<r\x05\x9bh\xe6\xc8\
2\xd9W\xc8\x93(E\xf4\x89 \x1e\x22\xe856\xb4\
\x7f\x88Lf\xaa&\xab\xb9z\xf7\xc2\x7fW\x951[\
b\x8d\xd3\x07C\x8e;\x0b\xc2\x02\x00\xe8Z\xd4\xb5\xc7\
\xb1\x8a)\xa5\xb9Xh\x18\x1d\x1b\xa5\xbd\xbd\x93tS\
\xba\x22\x93\xd5n\x01!\x88D\xa3\xf4\xf5\xf7362\
\xc2\xde\xcd\x8f294\xc8\xf2\xf3/AK\x89\xa7\x15\
\x05\xd7%b\x1a~\xd7\xe0\x19\x14\x95\xa6\xe0z\xc4L\
\x03S@\x93)q\x95\xc2V\xfe\x1a\xbc\x8c(\xf9\x1f\
4\xb6\xa3(\xba\xba,\xb05\xb3u\xe9\xf0\xaa\xb5=\
\x82r\x00O\xc9\xf4\xaf=\xb6\xe4\xe4+\xdb\x02\x15\x0f\
\xbf\x14H\x09\x86\x10\x98\x02\x966EY\x1e\xa4\xf5J\
Q\xbb\xab\x00\x02\x07\x18\xb1\x15N6\xcfU\x7fr#\
\x1d\xcf\x1c\xb9*Ww\xa1\xc0\xba\xf1q~\xb9x\x09\
\x8ar\x9a\xb4(\xe4\x0bj\xc7\xb3\xdbe\xb5\xb8G\xa3\
Q_\x07WUIUB\xedmim\xf9\xcc\xc4\xa1\
\x890\xfe\x7f\x9e\xb2`\x14@f<\xa3\x9a\xbb;6\
\xbb\xc5\xe2Y Vy\xae\xc7\xc8\xe8\x08}\xfd\xfd\xc4\
c1\xa8~\xe8\xa9\x08Q<\x1e\xa7\xbb\xbb\x97\x91\x91\
\x11\x0el\xdf\xc2\xd8\xc0s\xf4\xaf?\x073\x91\xc0\xd3\
\xbe5 \xa4 Z\xca\xa7\xaf\xf2\x90{\x08\xa6\x1d\x17\
\x0f\x88JI\xda\x94\x98R\x93+\x17\xff\xab-\xf9\xe5\
)\x8d\xed\xaa\x9a(\xc0j+\xbcz\x82\xacQ\x02U\
_K\x0b\x06Y\xf6\xecW\x9c}R\x80!}\xe17\
$\x18R\x920\x04\xab[c\xb4\x06\xbb\x18\xa2\xacE\
\x82e\x8d\x80\x9c\xa7\x19/z(\xcb\xe6\x92\x0f\xffO\
\x16\xdfw\xcf\xf3\xbe\xef\x9d\x85\x02\xa7MN\xb2\xa9\xa7\
\x07W\x0a\x0a\x85\x82z\xea\xe9'eu\x96f$\x12\
!\x19\x8f\xe3xn\xd0\xe9\xd9GI\xb6\x1e\x1a8\xf4\
\xa5\xe7\xfdf!s\xce\x82Q\x00\x00\xf9\xa9l>\xde\
\xdc\xf4\xa4\xf6\xbc+At\xd8\xb6\xc5\xe8\xc8(\xcbW\
\xac\xc0\x90\xb2<[\x96\xa8V\x02+V\xaedxx\
\x98\xfd;\xb61\xb9w\x17]\xa7\x9fE<\xdd\x84\xc2\
\xef1\x98\xb5\x1cb\x11\x13\xa3\x9c\x94\xaf\xcb\x81\x87E\
\xe5w\xc15\xa5\xa4\xd5\x94\xc4\x0dA\xde\xd3\x95\x8eD\
%\xa7\x9d\x94\x14l\x07\x90\x95\x5c\x00Q2\xfb\x0f\xdf\
\x11\xa8\x0e\x0c\xaa\xf8\x01j\xb3\x18\x0dQ\xe5\xe4\x93\x22\
\x10~AD\x0a\xfa\x93&K\x9b\xa2D\x831W\x97\
\xf9B\x08\x5c\xad\x99r\x14\xd3\xaeB+\xcd\xc57\x7f\
\x90S\xbe\xf7\xcd\x17t\xcf\x05\xd0\x97\xcf\xd1V\xb4\xd9\
\x94J\xe9gv\xee\x10\xb6m\x97.\x0dCJ\x9a\xd3\
M\x08\xfc.\xcfJ\xa9\xf2u+\xd4o\x1d\xdb\xf9\xd6\
\x0bz\xc3\x909eA)\x00\x00;W8\x18M\xc6\
w\xa3\xd4k\x85\x90\x89|!\xc7\xa1C\x07Y\xbd\xfa\
4\xb4Ve!*Q\xfaN\x1a\x06\xabW\xafF)\
\x97\x1d\x9b\x1fg\xd7\x83\xbf`\xf9\x99/#\xda\xda\x09\
\xf8+\xd6B0\xdbG\x0c\x83\xd2~~i\x1d\xedj\
\xc8\xb9\x0a\xcbU4E\x0c\x9aM\x89\xad4N\xb0\xfb\
\xa5\x01$\x14\xaa\x8a\x82\xc8\xc0\xc4\xf7\x7f\xaa\x0e\x01\x9e\
\xe1\xfc\xa3\xca)Xv\x04\x0a\x0c!}s\x9f\x8a\xc9\
oJA[\xcc`qS\x8c&\xa3\xd6R(\xc5\x1c\
+\x049O3\xe9(,\x0d\xd2s9\xeb\xd3\x1fc\
\xddW\xbf\xd0\xf0\xbefb1\xf2\xd1(\x89\x06Q\x80\
\xab2\x19\xcc\xd1Qq\xa7\xe7\x96\x8b\x96\x99\xa6A[\
s)*\x10\xecb1(\xca\xea\x8fC\x0b~\xedX\
N\xfd\xb4\xc4\x90y\xc1\x82S\x00\x00E\xcb~6\x96\
\x88\x1f\xd0Z\xdd \x84$\x97\xcb24\xb4\x8f\xd3N\
;=8\xc2\x7f\x00K3aI\x09h\xad\xe9\xed\xeb\
\xa3\xa7\xb7\x87\x81\xdd;y\xec\x07\xdf\xa205\xc9\xd2\
3\xcf\x07\xc3D\x09M\xd1\xf5\xb0]\x17\xd300\xaa\
W\xb9\xda?\xa3\x0bd\x1c\x0fOi\xdab&q\xe1\
\xa7\x12\x97t\x8eSZ\x02T\xad\xef\xd1\xa2f\x090\
s\xbd_\x8a\xda\xab\xf6\xe8\x1b\xc2\x17\xf8\xd2\xefM\x01\
\xcd1\x83\xbeT\x84\x96\x88Q\xd9\xf7\xaf\xf6$\x0a\xbf\
\x8e\xdfDQ\x91\xf3T\xb9\x12\xf2i\x9f\xfbW^\xf6\
\x1f\xffR7\x0a\x10 \x1f\x89\xf0\xd1\xab^\xc5\xfd\xcb\
\x96q\xf1\xe0 1\xaf~\xd0\xde\x1a\xc7a\x91V\xfc\
\xd4\x8c`FLZ\x9a\x9a\xca\xcdZ\xd0P\xac\xb6\x00\
\x00-\xf5S\x8e\xe5|\xff\x85|\xb6!s\xcb\x82T\
\x00\x00E\xcb~\x22\x9eN\x1e\xd2\x9ew\xad\x94\x92\x5c\
.\xc7\xde={9\xf5\xd4S\x11\xb2:\x1a/\xf8Z\
\xf5\xec7\xa5R\xf4\xf5\xf7\x91\x99\x9cf`\xf3o\xd8\
\xf5\xf0C\xb4\xf4.\xa6\xb9\xb7\x1f!\x83\xc0\xa0\xa2C\
\xa1\xe8+\x82\xd2C^\x0e\x06\x12\xa5\xe0!\xbf\xe1h\
\xca4\x91\x80\xd6\x0a)\x05\xb6\xa70\x82\xf0\x5c\xb4/\
\xe0\xa5=\xb2\xeaY\xbf\xe4\xf5/)\x00\x01\x18TL\
})\x04\xa6\x84\xd6\x98AO*JsDb\x0aQ\
\xb3m\x88\xf0\x1bx:\x1a&\x8b\x8a\xac\xeb\xb7H\x07\
\xb0\x95\xc7\x8a\xdb>\xc7\x15\x9f\xfeX\xc3\x02!S\xf1\
8\x9f\xb8\xfcJ\x06[[\xc8\xc4b<\xdd\xd5\xc5%\
\xfb\x06\x89\xd49^\x00\xeb<EJ\x08\x9elo\xc5\
0\xfcV\xeb\xa5{\xecz\x1e\xae\xe7\x95\xd5\xaf\xd2\xde\
\xa4c\xbb_y\x11\x1fo\xc8\x1c\xb1`\x15\x00\x80\x9d\
\xb7\x1em\xeal\x19p\xed\xe2\xeb\xa54\xb0\xac<\x83\
\x83\xfbX\xb2x1\x91h\x84\x9aM\xe9\x00\x11\x84\xda\
\xc5\xe3\x09V\xac\x5c\x8e\xeby\xec\xdd\xb1\x8d]\x0f\xde\
\x8b\x97\xcb\xb2\xe2\xac\x0bP\x81)\xed\xe1\x07\x0f9J\
c\x98\x12)\x83Z\x00\xa2r6\x0f\xb0=\xbf\x1f\x81\
!$\x11C\x92/\xba\xcc\x14\xf6r\x1c?b\xc6\xcc\
O\x95\xd9/\x03+@\x10\x93\xd0\x96\x8c\xd0\x99\x8a\x92\
\x8a\x18\xc1\xb6_I\xa1\x89`[N`kM\xa6\xa8\
\x98v4\xc5\xa0\xb2\xa8\xa7=2v\x91\xc5w\xde\xce\
\xb5\x9f\xf8\x08f\x03\xb3>\x1f\x8d\xf2\xd9\x0b/fk\
ww\xf9w\x13\x89\x04\x8f\xf5\xf5\xea\x0b\x07\xf7\x89z\
\x96\x80\x04.p]\x1c\xd3\xe0\x89x\xa2*UZ\xe3\
\xb9\x0a?d\xdb\xbfF\x85\x1evl\xe7\x8b/\xe8C\
\x0d\x99S\x16\xb4\x02\x00(L\xe777\xb77?S\
,:o\x90R\x1a\x96U\xe0\xd0\xa1\x11:\xbb\xba\x89\
'\xe2\xf8\x0f\xe3\x0c\xd3WW\x04\xae\xbf\xaf\x8f\xb5\xeb\
\xd6\xea\x91\x03\x07\xc5\xceG\x7f\xcd\xa6o\xff\x17\x91H\
\x84\xbe\x15\xa7 \x22Q<\xfc\x99-Wt\xb0]\x0f\
a\x88\xdam6J>\x07Q\xa9<\xac4\xa5\xdd\xc2\
\xd2v`u\xe8p\xd9\xe4\x17%\x0b@\x96\xf7\xf2\x9b\
b&\x9d\xc9\x08-q\x93\xb8\x11l\xf9\xd5\xec\x06\xf8\
J\xc7R\x9ai\xd7#\x17\xcc\xf8\x1a\x01Z\x93sl\
\xc6r6\x89\x87\xee\xe3m\x7f\xf3\xe7\xc4\x1a\xe4\xf4k\
!\xb8\xf5\xd2\xcbx\xbc\xbf\xbf|-\xa5\x0d\xbc\x89h\
Llii\xf1.\x19\x1c\x94\x8dj\x0d_\x5c\xb0\xc8\
J\xc9\xe6D\xbc\x1c\x99\xa8\xd1Xv\xb1Z\xef\xba\xeb\
\xd7\xad\xff\xcc\xf0\xf0\xf0\x0b\xfdXC\xe6\x88\x05\xaf\x00\
\x00\xf2\xd9\xc2\x96x*\xfe4\x9a\xd7\x08D\xbcP\xc8\
3<\xbc\x9f\xbe\xde>_\x09T\xe5\xe8WSr\xde\
I)\xc4\xf2\xe5\xcbimmer|\x9c\x9d\x9b\xee\
g\xd7\xc3\x0f\x12\x8b\xa7h\xeb_\x8a4\xfd\xc2\x99\xae\
R\xd8\xae\x8b\xa5<\x5c\xed{\xfdKz@\x07VC\
IX\xddr\x5cR\xd0hK\x04Y}%O\xbd\x14\
\x08\xe9\xe7\x1b\xc4#\x06-\xf1\x08-\x89\x08\xc9\x88$\
\x12\xac\xfd\x09\x84^KP\x02\x8aJ\x91\xf5\x94\xef\x8c\
\x0cJ\x9c\x97\x96%y\xbb\xc8Xf\x9a\x83\xbbws\
\xe8\xa6\xbf\xe2\xa6/}\x86\xa4\xaeo\xf6\xbbR\xf2\xb9\
K.\xe5\xd1%K\xaa\x82\x0e*\xa1T\xd3\x99\x8c\xfa\
\xf13O\x19\x9b\xd1\xdc\xe08\x0d\x1f\x92\xf3-\x8b)\
\xc3`K\xd56\xac],\xe2\xb7r\x03\x0d\xa9\xc9\xec\
\xe4\xadv\xde\xaa_\xa54\xe4\xb8sB(\x00\x80b\
\xc1\xde\x16MDwh\xf4%\x02\xd1l\x17mv\xec\
\xd8N{{\x07\xcd\xcd-\x94\xb2\xd7\xfdy\xb8v\x97\
@\xe0\x0bcKK++W\xadDk\xc5\xbe];\
\xd9\xf1\xab\x8dl\xb9\xef\xe7\xc4\xa3q\xba\x16-BF\
\xfcF\x22J\x83\xe3\xf9\x81DE\xcf\xc3Q\x1aO\xe8\
\xf2l/\x048\xae\xe7\x9b\xc7\x81TIt\xf95C\
\x0a\xa2Q\x83T,B:\x1e!\x1110\x0d\x89\x14\
\x1a!%\x9e\xf0\x9bl\x14\x95\xc6V\x9a\x82\xa7(\xb8\
\x0a[\xfb\x0dNt`E(\xad\xc9\x15\x8a\x1c\x1c\x9d\
b\xebC\x1b\xf9\xe9\xa7n\xc6\xf9\xd2\xad|v\xcfN\
\xda\x1b8\xfc<)\xb9\xfd\xac\xb3\xd9x\xca\xa9\xe8j\
'\xa7\x10xJ1\xb4oP=\xf9\xc4f\xc3q\x8a\
\xec\x94\x92\x1d\x86\xe4:\xc7\xad\x1b2j\x02\x17\x17\x0a\
\x0cF#\xecJ\xc4\x91R\xe28.n\x10N\xad\x05\
\x22\x12\x8d\xdeS\xc8\xe6\x9f;:\x9fr\xc8\xd1\xe6\xf0\
E\xf2\x02\xa7}Q\xe7\x85V\xa6pW\xc44;\xb5\
\xd6\xa05K\x97.\xe3\xe5\x97^\x168\xad\xea_t\
uzk\xa9\x7f\xe0\x93O>\xc9\xb3;wb\xdbE\
R\x1d\x9d\xac\xb9\xf2\x1a\xd6\xbf\xea:\xda\x96\xad,y\
\xf6 \x10|\xdf\x1a\x10\x18Z\xfb\x91\x85\x1a\x1cO\xe3\
i\x7f\x0f^\x97\xa2\xe4J\xeb})1\x0d\xe9\xc7\x1d\
\x04\x0e\x01\x1dt0.\x97?\xabq\xf8\xf9\xcaEk\
\x8d\xebz\xe4r\x16C\xbb\x9e\xe5\x99{~\xc8\xce\x8d\
?\xa185\xc6r\x0d\xdf\xcf\xe7X\xee8u\xef\x8d\
\x16\x82\xbb\xd7\xae\xe3;g\x9fS\xd5C\xd1wd\xe6\
\xf3\x05\xbdm\xc76\xbd\x7fh\x9f\xac\xbeGR\x0a\xfe\
\x04\xc1?LN\x11o\xa0T\x14\xf0\xfeE}\xdc\x9b\
N\x93\xb7lF'&\x11\x81\x82\x12\x11\xf3\x9f\xa6F\
\xc7?\xf2B?\xc7\x90\xb9\xe1\x84S\x00\x00+\xd7\xaf\
N\x1e\x1a:p\x8f\xf4\xb8\xa8\xb47\xde\xd6\xd6\xc6\xcb\
\xce\xbf\x90\xee\xee\xae\xf2^|\xe5\xff\xba&\x95@S\
Q\x08\xd9\x5c\x8e\xed;\xb6\xf3\xec\xb3;q]\x17a\
D\x88\xb6\xb4r\xcek\xdf\xc0\x9a\xcb\xaf\xa2\xa5\x7f\x19\
2\xa8@\x5c*8&t\xa5\xae\x80\x9f\xa6\xe0\xff\xa2\
\xfa\xfc\x04\xef^\xda\xfa\x0b\xd6\x05\xe5\xef\xcb9\xfe\x04\
-\xcd\x94\xc6\xb5\x0a\x1c\xdc\xbd\x8b\xad\x0f\xfd\x92]\x0f\
\xddKf\xff^\xdc\xa2M4\x12ai{\x07?\x19\
\x1c\xa0\xbbPhx_~\xbaf-\xff}\xeey\xe5\
\x00&\xe5/\x11\xf4\xd0\xbe}\xec\xd8\xb1\x8dl.W\
Z\xadPY \x09Z\xd2I\xdeY\xb0\xf8\xbb\xb1\xfa\
=\x08\x01\x1c!x\xcf\xf2\xa5\xfc&\x99`\xe8\xc0\x08\
\x96S\xe4\xfcs\xcfc\xba\x90;\xb8m\xd7\xb3\xaf\xcf\
\x8eL<\xfc|>\xbb\x90\xb9\xe5\x84T\x00%\xda\xba\
\xdb?\xe0\x16\xdd\x8fIDL\xe3\x87\xac\x9e{\xce\xb9\
\x9cz\xeai\xa0=\xaa\x17\x03\xa5\xc7\xbd\x9ar\xfa+\
\xbeB\x18>0\xcc\xd6\xad\xdb\x18\x1b\x1b\xc3u]d\
4F\xb2\xbd\x93\x8e\x95\xa7\xb0\xe6\xb2W\xb2t\xfd\xd9\
4utc\x98\x11\x7f{N\x95\xdcj~+2\xaa\
\xcf\x07\x88 b\xd0\x10\x02\xa4\x84@\xe8\xcb#R\x9a\
\xfc\xe8A\xf6\xefx\x86\xdd\x8f\xfe\x9a\x81'\x1fel\
p\x0f\xca\xb1\x11@*\x99b\xe9\xb2\xa5\xac\xef\xec\xe2\
o\x7f\xf5\x10\xcb\xc6\xeb\xf7\xec\x03xx\xf9\x0a\xbet\
\xf1%X\xa6YN|\xb2m[=\xf9\xe4\x13\xe2\xe0\
\xc1a\xa1Ty\x93sFR\x9f\xaf\xa0\xda\xd2M\xfc\
\x8f|\x81\xff56\xde\xf0\xa1\x994M>\xb8|\x19\
\xf7\x14\x8b\xbc\xfe\x867\xf0\xd6\xb7\xbf\x83m\xdb\xb6r\
\xf3?\xfe\xc3s\x07FG/\xca\x8d\x8e\x1f|\x9e\x1f\
]\xc8\x1cqB+\x80\x95\x1b\xd6\x89\x91\xfd\x83W\xe1\
\xea\xff#\x10\x1b\xfc\xd9T\xd1\xd2\xd2\xc2\x15\x97_\x15\
$\x12Uu\x1e\xaas;J\x96\x80\x0a$\xd7\xd3\x8a\
|!\xcf\xe8\xc8\x08\x03\x83\x03\x8c\x8e\x8eQ,:\xbe\
\xb9\x1b\x8d\x12mj\xa1\xa9\xad\x8d\xbeSNg\xf1\x19\
\xeb\xe8?e\x0d\xda\x88 #\x11\xe2\xe9f\x22\xf1\x84\
\xbf\xc4\x08\xc2w\xdd\xdc4\xaeU@\x17-\xa6F\x0f\
1y`\x98\x83\xcf=\xcb\xbe\xadO\x91\x1f\x1f%?\
5\x8eP\x1e(\x0f)$\x89D\x92\xe5+V\xb0h\
\xd1\x22\x92\xc9$\xc9b\x91w?\xf0\x00g\x0e5n\
\xb8\xfb\xe4\xa2\xc5\xfc\xeb\xe5W\xe0\x1a\x06\xdawD\xea\
]\xbbv\xb1}\xdb\x16Q\x0c\x96\x0b\xe5\xe0\x9d\xaa\xbf\
+\xdbH\xc2\xbf7]\xcdM\xfce6\xc7\x9f\x8fO\
4L#\xcd\x19\x06\xf7}\xf4\xa3$.\xbf\x82h$\
J\x22\x11\xe7\xde{\x7f\xc1\xa7n\xfd\xcc\xe3\xfb\xf7\x0e\
\x9c\xf3<?\xba\x909\xe2\x84V\x00%\xbaV-\xea\
.LL}\xdeP\xc6\xf5\x10X\xe4hV\xad\x5c\xc9\
\x99\x1b\xce\x22\x95J\x96#\x86JN\xc1\xd2l]\xc2\
\xcf\x83\xaf\xac\xe5K\xc90\xb6S$3=\xcd\xc4\xe4\
\x04c\xa3#\x8cOL\x92\x9d\xce\xa2\x94\xaa\xfc\xbd\x10\
\x81\x03\x11\xbc\xa2\x8d\x8c\xc6\x00\x81\xe7\xba\x98\x86\x044\
\xcaq\xd0\x9e\x87\x90\xa5e\x81$\xdd\xd4D\xba9M\
Ow\x0f\xed\x9d\x9d\xc4\xa31\xbf\xaf\x1f\xbeO\xc0\xf4\
<\xde\xfd\xe0\x03\x9c\xb7wo\xc3k\xdf\xd1\xd3\xc3'\
_y5n\xe0\xff\x18\x9f\x18\xd7\x8f>\xfa\x88\xc8\xe7\
\xb3\x94\x5c\xff\x81\xc7\xbe.\xa5\xbbRJA\xeejI\
s\xcb\xc4$\xbf3\x95i\xa8\x04\xbc\x96\x16v~\xfe\
\xf3\x0cvt\xd1\xdc\xdcL\xd44\xb8\xed\xab\xb7\xf1\xb5\
o}\xf3\xd1\xd1\xa1\xe1\xf3\x8f\xf0q\x85\xcc!'\x85\
\x02(\xd1\xb1\xb8\xeb\xaab\xd6\xfa\xba@\xf6\xf8\xf9\xaa\
\x8adS\x13\x1b6\x9c\xc5\xaa\x95\xab\xa86~\x05U\
\xb3\xa2\xae2\xdf\xab\xb4B\xc9\x94\xaeV\x0a\x00\xae\xf2\
\xb4m[Lg2\xa2`Y\x14m\x1b\xdb\xb2t\xa1\
`\x89\xa2S,9\x0c\xb5@`F\x22D\xa3\x11!\
\x85$\x9eH\xe8T*%\xe2\xf18\xd1h\x8c\x88i\
\xce\x887\xf0G&\x00Ck\xde\xb3q#g\x0f\x0e\
4\xfc\x10\x0f\xb4\xb4\xf0\x0f\xaf\xb9\x86l4F.\x9f\
\xd3\xbf\xfd\xedcb|l\xb4\x22\xf1\xcf\xe3\xd3\x9fi\
\x05\x98\x86Agk\x9a\x7f\x1c\x9b\xe0w&\x1b\xd7\x14\
p{z\xd8\xf6\xd5\xaf\xb3\x0f\xe8\xechGJ\xc1\xad\
\xb7\xde\xaa\xbf{\xd7\x0f\x1e~\xdd\xd5W_\xfa\x8d\xaf\
\x7f#,\x12:\x0f8\xa9\x14\x00@swk\x9bv\
\xf5GQ\xfaO\x85\xa6\xa9t\x07\x0c\xc3\xe4\xcc\x0d\x1b\
8e\xd5j\x22\x11\xf3p\x9b\xb8\xba\x16^\xf0\x82\xaf\
\x17\xaa*\xe3\xeb\x8a\xdf\xe0\xb0\x9fKJ$8g\xb5\
\x1a)\xe5\x19\x94\x02\x86D\xe5\xed\x80\xc3?$Ck\
n|\xecQ\xae\xde\xba\x15\xd9\xc03?\x99Hp\xcb\
5\xafe\xb7V\xfa\x89'\x9e\x10\xa3\xa3#5\xc2\xfc\
B\xa8X\x01\xfe\xd7h,\xc2\xa2\xe64\x7f7:\xce\
\x0d\x13\x93\x0d\xff\xae\xb8|9\xdb\xbf\xf4\x15\x06\x8bE\
\xfa\xfbz\x11\xc0-\xb7\xdc\xac\x7f\xf9\xd0\x83w\xae=\
\xfb\x8c\xdf}\xe0G\x1b\xcb\xdb\x15g\x9ey\xa6|\xe2\
\x89'\xea\x07.\x84\x1c3N\x988\x80\xe7\x8b\x9d\xb3\
\xacUk\xd6\xfd\xac`e\xee\xf3\x5co-Z,\x16\
B\xa0\xb5b\xf8\xc00{\x07\xf6\xa2\xb5\xa6\xbd\xbd\xc3\
\x9fk\xab\xa5\xb1\xbcUX%\xc1\xe5d#q\x98\xa0\
T\xa7\xe7\xfa\xe7\xaa\x14\xf7(E\xcf\xf9\xb1\x01\xb2\xaa\
x\x88\x98\xf1zu\xe91\x81\xd0p\xed\xd3Os\xfd\
SO6\x94\xe3\xd1\xa6&\xfe\xe2\xec\xb3\xb9\xfb\x99\xa7\
\xd8\xb6m\xbb(\xe4\xf3\x94\x03\x90_\x84\xca\x9fy]\
J)l\xa5x\xb2\xbd\x8dK\xbb{\xe8\x1a\x1b\xab\xfb\
w\xc6\xe4$m\xf7\xfe\x02u\xfd\xeb9\xe48\xa4\xd3\
i^\xf1\x8a\xcb\xc5\xd6\xa7\x9e9\xf5\x89'\x9e\xec\xe8\
\xea\xeb\xce(\xf8J$b~lbj\xf2\xdd\xd1d\
\xec\xbax:1~\xfd\xb5\xd7\xef\xdc\xb2%,#8\
\x17\x9ct\x16\xc0L\xfa\x96/>5\x9b\xc9|\x01\xc5\
\xc5\x02\xcc\x8ai,\xe8\xea\xeab\xdd\xba\xf5t\xb6w\
`\x9afE\xe6k\xa7\xf0\x8a\x15P\xbd\xd5w\x98\xb2\
\x98\xe1S\x98y\x0e\xaa~\x9c1\xab\x97K\x9e\x01W\
m\xdf\xce[\x1f\xde\xd4\xf0\x83\xcb\x18\x06\xd7\xa5\xd3l\
\xd6\xaa\x9eG\xaf.\xf5\x1c\x80\x87\xbd^Rt~0\
\x02Zk>\xf0\xfe\x0f\xf0\xd7\xef{/\xb1\xd7]\x07\
\x0f>x\xd8\xb8KX\xa7\x9d\xc6\xb3\x9f\xfb\x02\x93\x91\
\x08]\xed\xad\x98\x11\x93\xab_y\xb5\x1a\x19\x1b\x91\xb2\
\xb4\xf5Y\xba\xef\x02\x5c\xe5\xfc\xa0\xa5\xb5\xf5\x1d\xfb\xf7\
\xeeol^\x84\x1c\x15N:\x0b`&\xd9\xc9\xccx\
KG\xcb7=\xe5\xfdVk\xbdJh\xb1\xc8/\xdf\
\xa1\xc9\xe7\xf3\xec\xdd\xfb\x1c{\xf6\xee\xa5X,\xd2\xd2\
\xda\xe6\xaf\xdf\xcb\x7f]\x891\xaeM\x12\x8e\xff\x1e\xa5\
\x00\x00 \x00IDAT\xa2\xae\xc0U-\xe7\xcb\x16\
A\xa5\x82G-5\xa2\x14\xbc~\xc1\x9e\xe7x\xfb\xc3\
\x9b0\x1aE\xf9\x017&\x13\xfcF\x8a\x1a\x81\xaa;\
\x16*\xd6\x06%\xeb\xa4\xea\xbf\xea?.[B\xe0o\
i*\xc5\xbb\xde\xf5g\xdc\xf8\xbb\xbfG\xb2)M\xe2\
\xedo\x87M\x9b\xe0\xb9\xfa\x01\x7f\xe6\xd8\x18\xe9'\x9e\
 {\xfdu\xd8J\xf3\xbf?\xf4!\xb6n\xdf*\x8c\
\xea\x9c\x8a\xaa\xddO!\xe4j\xdb*\xach\xebm\xbf\
77\x99k\x1c\xd8\x10\xf2\x929\xe9-\x80\x99\xf4\xaf\
X|J63\xfd7\xda\xd5\xd7\x03\x1d\x81\x88\x06\xb1\
\xfe\xd0\xdc\xdc\xcc\xa2E\x8b\xf5\xd2\xa5KhinE\
\x08!\xb4\xaaD\xfd\x94\xe3\x09+\xd3y\xd5\xc4Xc\
\x02\xd4\x1a\x11U\xbf\x98i=h\xad\xd904\xc4{\
\xef\xdbH\xa4A\xae\xbe\x0d\xbc=\x95\xe4\xa7U\x96J\
\x89F3\xbchxD\x1d\xa5\x14\x043\xb9J\xf1\x81\
\x0f|\x80\xcb.{\x05\x89D\x8a\x96\xd6V\x96.\xee\
'==\x0doy\x0b\xdcw_\xdd\xf1\x01L\x9d\x7f\
>oN$yp\xf3c\x95\x08H\xaa#0\xaaU\
\xabB\x9a\xe2\xb3\xb1x\xe2\xfd\x07\xf7\x1d\x0c\x95\xc01\
\x22T\x00u\xe8X\xde#t\xd1]\x5c\xb4\xed\xb7\xe1\
\xea\x0f\x0a\x8c\x16*\xc1\xbf\xfe\xe4*@HIKs\
\x0b\x1d\xed\x9dtt\xb4\xe9\xe6\xe6\x16R\xc9\x14\x86i\
\x8aj\xef}u\xfd\xbcj\xca\x0e\xc5*\xb3\x1a|\x7f\
\x84\x10B;\xaeK\xa1\x90\x17\xab\x06\x07\xb9\xf9\xb1\xc7\
H6j\xd8)\x04\xff+\x1e\xe7\xab\xd1(j\x86\x98\
k\xad\xd1\x02W\xfb'\x9fB0\x09\xca\x04F\x85\x94\
\xfb@\xd8 \x9a\x04t\xa3\xf5b\xb4\xe8)]\xab\xa8\
\x92M\xad\x14\xd20\xf9\xf3\xf7\xbc\x87\xd5\xabO\xa3\xbd\
\xbd\x9d\xa6T\x13\xc9\xa6\x14\xad\xad\xad,Y\xd4Or\
b\x02^\xf9J\xd8\xb6\xad\xe1\xbd\xbd\xdb4yw2\
AF\xca\xca\x92\xa9l\x04\xd4\xde%\x8d\xc2\x8c\x9a\x1f\
\x1f?4\xf1\xe1\x86'\x0cyI\x84\x0a\xe0y\xd0\xda\
\xd3~\x9a[t\xfe@+\xfd\xbbB\xcb\xd3J\xd5~\
JVr\xb9\x0a\x16~\x8c\x7f4\x1a%\x16\x8d\xe9\xe6\
\xe6f\x9a\x9b[H5\xa5t4\x12\xc10\x0c\xe1;\
\x1c5Zi\x7f9!\x05\x99L\x06\xdb\xb2E\xc1*\
\x90\xcb\xe6\xc8\xe7\xf3X\x96\x85\xe38,W\x8a\xfb\xb2\
YZg\x89\xc3\xbf9\x11\xe7\xd3\xd1\x98\xbf\xe3\xe0\xff\
6#\x04[\x11\xfc\x16)\x1e1L\xf9\x0c\xe8\xe7Z\
\xd3-\x13{v\x0e\x96\xf3\x83\xcf\xba\xf0,\xb1y\xd3\
f\x0dp\xee\xb9\xe7J\xcbq\x22S\x85\x89\xb6B.\
\x7fv\xd1r\xaf\xd7\x9ez\xb5@\xac@@:\xd5\xc4\
m_\xfe\x12=\xbd\xfd<\xf8\xd0\xafhN7\xd3\xd6\
\xd6F\xaa)E*\x99\xa2\xb5\xad\x95\xc5\xfd\xfd\xc4=\
\x07\xd6o\x80={\x1a\xde\xcf;\xa2\x11\xde\x95H\xe0\
R\xedK\xad\xff(j\xad\x88$\x22\x1f\x1e;0\xfe\
\xf1\x17\xf0\x91\x85<OB\x05\xf0\x028\xeb\xf2\xcb\xe5\
\xf0\xee\xad}\xf9\x5c\xe1Z\xed\xa9\xd7i\xc5\x05 \xba\
K3\x97\x9c\xe1\xcc\xf2)\x95\xd3\xae\x04\x17\xd5\xfa\x10\
\x82\x9f\xb4>l\xcf\xbfKi\xee\xcd\xe6X\xd2`\xe6\
\x07\xf8\xa7x\xd4\xfdd<:\xa2\x0d\xf1\x13\xd34\xef\
n\xe9l\xdf$\x8a\xcex\xa49n\xefxl\xc7\x8b\
\xdeV[\xb1\xf64\xd1\xdd\xde\x1a\x19\x1e\x1d;-;\
1\xf5\xfb1#\xfa\xa7w\xdcq{\xe7yg\x9f\xc5\
c\x8fo\xe6\xe9\xa7\xb7\x90N\xa7iii!\x99L\
\x92J5\xd1\xde\xd1F\x7fO\x0f\xb1\x91Cp\xe5U\
\xb0sg\xddsk\xe0\x1b\xb1(\xff3\x99\xc4\xab\xba\
6Q\xe3\x0d\xac\xdc\x1b\xad=\xccD\xe4\xaf\xc6\x0fL\
\x84=\x06\x8f2\xa1\x02x\x91t/\xeb\x96\xe9\xee\xb4\
\x9c\x1e\x9e\xee\xb3,\xeb5\xae\xe3^\x09\xe2eh\xb1\
B D\x10\xe8S\xbd\x0e(}\x03\xd4>\xe2\xd5+\
\x01?\x8dV\xb0T)\xee\xca\xe5X\xde@\xf85\xe8\
g\x0dy\xfb\xa7\xdaZ\xde\xf3\xd9\xd1\x89\x91cu\x9d\
\x8f<\xf2\x88\xf8\xce\xed\xdf\xe1\xf3_\xb9\xed\xe5M\x89\
\xc4m\x0fl\xbcoyOw'\x9b\x1e~\x84\xbd\x03\
\x03\xa4\x9a\x9ahnj\x22\x91H\x92L\xa6\xe8\xea\xee\
\xa4\xb7\xa7\x8b\xe83\xcfPx\xf5kH\x8c\xd4\x1f\x9a\
\x16\x82;{{\xf9\xc4\xa2>\xbdk\xef\x80(\x16\x8b\
\xc1=h\xe0\x13\xd0.2\x16y\xf7\xe4\xa1\xc9\xcf\x1e\
\xabk=\x19\x09\x15\xc0Q\xa2\x7fu\xbf\xb0\xad\xa2\x18\
\x1b\x18U\xc9\xce\xa6\xb3\xb5\xa7\xce\x16\x88SA.\xd6\
J/E\xe9\x15@\xab\xbf\xe6F\x22ts`\x1ax\
\x02!\x11\xba\x08\x22+\x04\xc5\xc5\x1a\xe7{\xb9|\xd7\
\x19\x9ejn\xf0v\x1a\xb8\x03\xf8\x03\x01\xc5c}m\
\x96e\xc9\x5c.\xa7W\x9c~\xc65\xcd\x89\xc4\x17\xb7\
=\xb3\xa5WH\xc5}\xf7?\xc4\xf8\xd88\x89d\x82\
T2E\x22\x91 \x9dN\xd3\xd3\xdb\xc3]w~\x9f\
/\xbc\xff}\xdcc\x15ii\xb0|\xd1B\xf0\xe5e\
K\xf9Jo/;\x9e\xdbC\xc1\xf2}}\x15C`\
\x86O@\xbbE\x111\xffhjt\xea\x1b\xc7\xf8\x92\
O\x1aB\x050G\xdcx\xe3\x8d\xe2I\xfbI\xb1\xff\
\xd1\x91\xb4\xebx\xa6\x14\xd81\xc3t\xcd\x84\x197\x94\
T\xb1H\xcc\x9b\xc8OG.s=\xef\xce\x83\x93?\
\x14p\xd9,\xa7\xbb\x1b\xb8Np\x98c\xff\x98\xa1\xb5\
\x16B\x08\xdd\xd6\xd1\xfb\xb6T2\xfa\x9f;\xb6mM\
(\xed\xf1\xf3{~\x89U(\x10\x8f\xc7I&\x93$\
\x92)\xbe\xfc\xc5/\xf0\xad\xdb\xbf\x8di\x18,U\x9a\
\x87\xb2Y\x9a\x1b(\x01\x80\xcf\xadX\xce\xe7;;\xd9\
\xbbw/\xb6m\xd7>\x94\xa5\xa0*JY\x99\xde!\
\x22\xfcQf4\xfb\xa3cy\xbd'\x0b\xa1\x02\x98G\
h\x88\x02\xdf\x03\xae\xa1\xf1gs\x0f\xf0{\x02\x1a\xe7\
\xfe\x1ec\x9a;z>\xb4\xa8\xa7\xfb\x9f\x1f\x7f\xec\x11\
\x1c\xd7\xe6\xae\x1f\xfe\x18\xc3\x90D\xa31\xfe\xe3?\xfe\
\x9d_\xfd\xea\xa1\xa0:\x92D\xa3\xb9\xa1\xa5E\x7fv\
\xff\xb0h\xd4s\xc0\x15\x82/._\xceg[Z\x18\
\xdc\xb7\x0f\xc7)V\xb9Pj7+5\xa0\x85\xb7S\
K\xf5\xd6\xe9\xb1|Xc\xe0%r\xd2\x07\x02\xcd\x17\
4\xa4\x80\xcf\x02o\xa2\xb1\xf0?\x09\xfc\x8e\x80c\xb6\
\xe6\x7f>\xd8\x85\xdc\xaflt\xeb\xa3\xbfy\xe4\xc2\xb7\
\xbc\xf9\xcd\xacZ\xb9\x82\x07\x1e\xdc\xc4\xad\xb7\xfe+\x9b\
7\xff\x16)d9\xe1\xa8\xbb\xbbK{K\x96\x88\xfd\
\xad\xad\x5c42\x82Y\xc7\x12\x90\xc0\x86L\x86|S\
\x13\xcf\xb5\xb6\x90\xcd\xe5\xfc\xf4\xea\xd2\x013\x03\xa8\x10\
\xed\xa0\xcf\x8f&\xcd\x9f\x16\x0bn\x18-\xf8\x12\x08\x15\
\xc0< \x98\xf9o\x02\xdeCc\xe1\xdf\x09\x5c(\xa0\
~\xe0\xfd\x1c3\xb0{\xf7\xcf>\xf4\x91\x0f/\x1b\x1b\
\x19;\xab\xab\xb3\x83\x8f\x7f\xe2\x9f\xd8\xb1}\xbb/\xfc\
\x08\x84\x84\xce\x8eN\x9a\x9a\x9a\x84\xd6\xb0\xbf)\xcd\xbe\
\xf6v.9x\xb0n$\xa3\xa15\x17NL0\xdc\
\xde\xce`*E6\x97\x0b\x9c\xa4\xd5AI\xe5\xac\x04\
@\xf4\x02\x17D\x13\xc6\xd7\x8bV\x03\xd3\x22\xe4\x88\x84\
\x0a`\x1ep\x13\xdc\x02\xfc5\x8d\x85\x7f\x1fp\xa9\x80\
y\xd3j;\x12\xc9\x99\xf7\xfc\xe4\xbe\xef\xed\x1e\x18\xb8\
\xfa\xbbw|w\xc9\xbe\xa1}A%\xe3 e\xb8\xb3\
\x93x<^I\xa1\xd60\xdc\xd4\xc4\x81\xb66.>\
p\xa0n-\x01\x09\xbcbl\x8c\xe1\xaeN\x9e\x8b\xc7\
\xc9\xe7\xf3@u\x8c@\xf5r@\x00b\xb1\x16\xfa\xe5\
E\xcb\xf9\xca1\xbe\xdc\x13\x96F5\x1dB\xe6\x00\x0d\
R\xc3\x07\x81\xf7\xd3\xf8\xb3\x18\x07\xde$`h\xeeF\
6;w\xddu\x97t\x9c\x94\xee\xea\xed}]v:\
\xb3z*3\xe9wO\x0ab\xfb\xdb:\xda\x88\xc5\xfc\
\xa2'Z+\x94RX\xb6E\xde*pOk+\x9f\
_\xb3\x16\xafA\xe0\x8f\xa15\x7f\xf3\xecN\xde\x18\x89\
\xd0\xd6\xd6\xee\xffRW\xc7\x06\x04\xbf\xc2W\x02R\x9b\
\xafH\xb7'~q\xac\xaf\xf9D%T\x00\xc7\x89 \
\x1e\xe8\xcd\xc0?\x02\xb1\x06\x87\x15\x807\x0a\x98W\xce\
\xae|>\xcf\xf6\x9d\xdb\xcd\x5c6{\x9b\x01\x9dP\x95\
:$\x04\xf1X\xbc\xcay\xe7\xa7\x0f+\xa5\xb0,\x8b\
B\xa1\xc0\x1d\xbd=\xdcv\xfa\x19\x0d\xb70\xd2\xae\xcb\
\xdf>\xbb\x93\xab\x9b\x9bhmi)gZ\xd6S\x02\
\xf8J\xe0\xcat{\xf2\xf6cs\xb5'6\xe1.\xc0\
qB\xc3k\x81\x1f\xd2\xf83\xc8\x01\xaf\x15p\xff\xdc\
\x8d\xea\xf9\xa1\xb5\x16\xdd\x8bz/-d\x0b\xf7\xd7\xb4\
\x16\xc0\x17\xca\xde\x9e\x1e\x1d\x89D\xcb\xaf\x94DW\x0a\
\x81iFH$\x12\xa4RI\xde90\xc0\x8d\xcf>\
\xdb\xb0\xa8\x89\x12\x82w\xae_\xc7\xcf\xc7\xc7\xc9NO\
\x07oR\x1b%X~\x07\xa1\xd1\xc2\xfd\xbf\x99\xf1\xc2\
_\x1c\xdd\xab=\xb1\x09-\x80\xe3\x80\x86\xab\x80o\xd2\
X\xf8=\xe0]\xf3Q\xf8\x01\x84\x10\xda\xb6\xad+J\
\xd9\xccP\xeb\x9e\x1b\x19\x1d\x15\x9e\xe7\xd5H\xb5\xd6\x1a\
\xa5\x15\xae\xebbY\x05\x0a\x85\x02_Y\xba\x94\xbbV\
\xaej\xf8>Rk\xfeu\xcbV.km#\x91L\
\x95NToD\xa0\x05BG\xfe\xb4\xb9#\x19&\x0e\
\xbd\x00B'\xe0\x1c\xa3a=~\x14_g\xe3C\xf8\
+\xe0\x8b7\xcf\xd9\xa8^8\xd1X\xf4\xf7\x84\x10\xe7\
Wk\xb0\x92\x12\xd0ZSt\x8a\x22\x9eH\x04\x15\x8d\
(o\x0b\x96\xab,+\x05B\xf0dw\x17\x1d\x1aN\
\x9d\xac\xdfs \xa6\x14\x17NO\xb3\xa5\xaf\x8f!\xa7\
\x88Wr\xf8\x8b\x19\x16\x80\xbf\x001\x04\xe2\xc2x\xd2\
\xdcg\x17\x9c'\x8e\xf2%\x9f\x90\x84\x0a`\x0e\xd1p\
:\xb0\x11\xe8mp\x88\xc2\xdf\x0e\xfc?s\x19\xe5\xf7\
b\x88&\xe3\xab\x85\x16\xaf.\xa5\x0dW\x8a\x88\xf8x\
\xcaCy\x1e\xf1x\x9c\x99!\xbd*\xa8-\xa0\xb4\x06\
!x\xaa\xbb\x9b^\xd7c\xc5T\xfd\x22\xa3\xcd\xae\xcb\
\xa5\xd3\xd3<\xbc\xa8\x9f\x83\x96\xe5+\x0fJoWz\
\xdf\xf2\xb2 \x0a\xe2\xcaD*\xfa\xb0U(\xee9\xca\
\x97}\xc2\x11*\x809B\xc3\x22`\x13\xd0\xdd\xf8\x10\
\xbe\x02|H\xc0\xbc/\x8e\xd9\xde\xd9\xba\xafh\xdb\x7f\
,\x84\x88\x03%-P#\x8f\x8e\xe3\x80@G\xa31\
\xbf>B\x95\x1e\xf0\xc3z\xfd\xb6d\x9e\x90l\xee\xeb\
c\xdd\xf44\xdd\xb9\x5c\xdduQ\xdau\xb9v*\xc3\
\xc6E\x8b8T(T\xd5R(\xfd\xaff\xab0\x0e\
\xfa\xbaT:vG!_l\xdc\xce($T\x00s\
\x81\x866\xe0\xc7\xc0)\xb3\x1c\xf65\xe0O\x85\xbf\xfe\
\x9f\xf7d3\xb9L4\x1e\xe9\x14\xc8\x8b)[\x00U\
\x04?\x16\xed\xa20MSG\xa2\xd1Z\x0d\x00\x95\x18\
\x014J\x0a6-^\xc2\xda\xe9izr\xb9\xba\xef\
\x99\xf0<.-X\xdc\xdf\xdb\xc3HIQ\xd4\xddN\
\x14\x80H(\xad\xde\xb2\xfe\x9c\x95\xff\xb6\x7fp,\x0c\
\x14j@\xa8\x00\x8e1\xda\xdf\xe2\xfb!p\xd1,\x87\
}\x1b_\xf8\xed\xb9\x19\xd5\xd1\xa1h;?7\xe3\xc6\
+\xa4\x90+\xea\xa8\x80\xb2\xbc[\xb6%b\xb1\x98_\
n\xfd0%\xa0\xcb&\xbd'\x0d\x1eY\xb4\x98\xd3\xb3\
\xd9\x86J\xa0\xddq8\xcfqy\xb0\xbb\x8b\xf1|~\
V% \x85H\x1e\x1a\x99\xfc\xb3%+\xfb\xfemb\
d\xaa~\xc7\xd4\x93\x9cp\x17\xe0\x18\xa2\xa1\x19\xb8\x13\
xE\xe3Cx\x10\xf83\x01\xf99\x1b\xd8Q\xe4\xda\
7\xbc\xeeU.\xeen\xd1\xc8e\x11,\x07\xc6\xc6F\
\xfc\xe6\xaa\x81\xb5^\xae\x8e\x10(\x00\xdb\xb6)\x14\xf2\
\x8c;\x0e\x9f\xd8p&;;:\x1a\xbe\xe7Y\x99\x0c\
_<4\xc2\x8a\xf6\x8er\x9f\x85zh-0E\xa4\
cxhd\xcf)\xa7\xf75\xbd\xf8\xab<q\x09\xe3\
\x00\x8e\x11\xdaW\xae\xb7\x01o\x9d\xe5\xb0\xe7\x80\x0d\x02\
\xb2s3\xaac\xc3\xc5\x97^\x1cy\xe2\xa9'\xf6\x9a\
\xc2\xec\x9b\xed8!\xa0\xb7\xb7\x0f\xc30\xfc\x96\xe9T\
\x1e@)%\xa6i\x06i\xc5)z#&\xffq\xdf\
}4[V\xc3\xf3mnn\xe6w\xdb\xda889\
1#g\xe0\xf0\xf7-z\xc5\xc7\xda\xba\xda.\x1f\xda\
\xb5\x7fA\xdf\xeb\xa3M\xb8\x048\x06\x04Q~\xb7\x02\
\xef\xa4\xb1\x92}\x1a\xb8\xfcx\xa6\xf5\x1e-\x06\x07\x06\
UW_\xc7\x97\xac\x82\xfd.)e|\xb6i%\x9f\
\xcf\x91L\xa6\xca=\x0e\x832\xa83\xda\xabi\x8a\x86\
\xc1\x03+Wr\xc1\xc8\x08i\xbb\xfe\xca\xa8\xd7\xb69\
\xc34\xb9\xb7\xa9\x89\x82m\xc3,J\xc04\x8c\xfe|\
.wF\xf7\xa2\xae\x1fNOd\xc3\xe5@@\xa8\x00\
\x8e2\xc1\xcc\x7f\x0b\xf0>\x1a/\xb1v\xe1\xa7\xf5\xd6\
/\xa4\xbf\x00\x99\x9e\xccZ\xc9\x96\xc4}\x9e\xab\xde\x22\
\x85\x884\x12D\xad\xc1\xb6-\x92\xc9\xa4\xdf\x11\x09\xa8\
\xae\x97\x08\x94}\x02\xb6i\xb2\xb5\xbf\x9f3\xc7\xc6i\
n\xa0\x04V\x16\x0a\xac\x88F\xf9E2\x81]\x0c\xe4\
\xba\xde{k\x90R\x9e\x96\xb7\xf2\xe9\x9e\xfe\xb6\x8d\x99\
\x89|\xe8\x18$T\x00G\x15\xed\xdf\xcfw\x00\x9f\x04\
\xcc\x06\x87M\x02\xaf\x13\xf0\xd4\x9c\x0dl\x8e\xe8\xed\xeb\
\x1b\xca\xdb\x85\x01\xb4\xbeV\x08a4R\x02J)\x5c\
\xc7!\x9eL\x1c\xe6\xbf\xd3Z\xe1+\x03_\x1bL\xc7\
bl\xef\xeb\xe3\xe2\xe1a\xe2\x0d\xb2~W\xe7\xf3\xf4\
\xc7\xe3\xdc\x171)\xba\xc1&J\xdd\xf7\x16B \xce\
\xb7\xecb\xbe\xad\xa7uSn2?\xef\xb7[\x8f5\
\xa1\x028\x8a\xdc\x04\xbf\x8f\xbf\x97\xdf\xe8\xbef\x81\xf3\
\x05<3Wc\x9aK&\xc7'\xe9Z\xdc\xb5\xc5\xca\
[\xa6@\xbc\x5c\x94\xc3\x00\x0f\xc7u]\xb4\x86X<\
V\xee9Xr\xe8\xf91\x02\x15%\x90\x89\xc7yb\
\xe92^\xb5wO\xddZ\x02\x02X\x9b\xcf\xd3\x9aJ\
q\xaf\x943\x02\x85f\x1e+\x84V\xfaJ\xe5\xa9=\
V\xde\xde\xfc\xd2\xafza\x13*\x80\xa3\x84\x86\xdf\x03\
\xbe@\xe3\xcc\xbei\xfcR^\xf3*\xb3\xefh3=\
>\xadz\xfb:\x1f\xce\x16\x0a\xab\xa5\x90kg\xf32\
\x17\x8bE\x0c\xc3 \x1a\x9dq\xcb\xb4\xdf\x15I\xab \
\xdfO\x08\xb2\xb1(O/]\xc6\x85\xc3\xfb\x89\xd5\xb1\
\x04\x04pf.G*\x9df\xa3\xf2\x03\x8c\xea+\x00\
\x10B\x0a\xe5y74w\xa47\xe7\xa7\x0b\xdb_\xf4\
\xc5\x9e\x00\x84\x0a\xe0(\x10$\xf7|\x19hipH\
\x11?\xb9\xe7\xbbs7\xaa\xe3\xc7\xd4\xe4\xb4\xd3\xd9\xdf\
\xb9\xd1\xca\xe5\xaf\x96\xd2l\x14\xf6\x0c\x80eY\xc4\xa2\
Q\xccH\xa4\x12\xd4\x07T\x1a\xaa\x06\x96\x80\x10L\xc4\
\xe3\x1c\xec\xea\xe2\xec\x83\x07\x89\xd6i\x91&\x80s\xf3\
y\x22\xcd\xcd\xdc\xe7\xba\xb5\xe7\x9bq\x9c\x10\x12\xd7v\
\xde\xdc\xdc\xd9\xf2\x9b\xfct\xbe~\x03\x83\x93\x80P\x01\
\xbcD4\xac\x01~\x8e\x1f\xedW\x0f\x85/\xfc\xb7\xcd\
\xdd\xa8\x8e?\xd9\xc9l\xbe\xa3\xbf\xe3\xe7v6\xffN\
i\x98\xd1\xd9\x8e-X\x05\x12\x89\x04\xd2\xa8}\x1cK\
]\x91U\x95%0\xdc\xd4\xc4\xa1\xae..\x18\x1a\xaa\
\xbb\x1c\x90\xc0\x05\xf9<\xe3\x1d\xed<>\x8bSP\x08\
\x90\xd2\xc0\xb1\xed?hjK\xff\xba\x90-\xecz1\
\xd7\xb9\xd0\x09\x15\xc0K@\xc3Z\xe0!\x1a\xcf\xfc\x0a\
\xbf\xda\xcf\xe7o\x9e\xe7\xc9=\xc7\x82\xecdv\xa2\xbd\
\xaf\xf3\x17\xc5|\xe1O\x85\x9c\xfdQ+\xe4\xf3$\x93\
)\xa4\xac\x95\xd6`\xf2\xafQ\x02\x07\xd3i\xf6\xf5\xf4\
r\xe1\xe0`\xddZ\x02\x12\xb8*\x9be\xb8\xad\x8d\xcd\
\x8e\xd3\xd8\x12\x10 \x85\x81\xe78oH\xb4&~m\
\xe5\xec=/\xeeJ\x17.\xa1\x02x\x91h?\xae\xff\
{\xc0\x92\xc6\x87\xf0i\xe0\x96\x85\x90\xdcs\xac\xc8N\
e\x87Z\xbb:7;\xb6\xf5f\xbf`h}4~\
\xa5\xa1T*\x85(w\x0e\x0e^\x0bb\x03t\x95\xb0\
\x1fjj\x22\xd3\xd6\xce\x99\xc3\xc3\x0d-\x81+\xf2y\
F\x9a\x9by\xc2k\xbc3 \x00!\x8d\xa8r\xbd\xcb\
bM\xb1Mv\xbe8oJ\xaf\xcd\x05\xa1\x02x\x11\
h?\x97\xff\xfb\xc0\x86Y\x0e\xfb\x02\xf0\xbe\x93Y\xf8\
K\xe42\xd9\xedMm-S\x9e\xeb\xbeF\xce\x16%\
\xa45\x05\xcb\x22\x95LU\xb2\x0b\xc1\x0f\x1d\x0e\x0a\x8b\
\xeaR\x0fE!\xd8\xdb\xda\x86J&Y{\xf0`]\
K\xc0\xd4\x9a\xcb,\x8b\x9d\xe94\xdbgS\x02~\x0f\
\x836\xad\xd49\x91d\xe4\x81b\xc1\x997\xc5W\x8f\
5\xa1\x02x\x81\x04\xf1\xfd\xbf\xc6/\xec\xd1\x88\x1f\x02\
\xef\x10\x10\x06\x9b\x04\x14\xb2\xf9M\x89\xa6d\xa7V\xfa\
e\xb3\xed\x0ch\xa5p\x1c\x87D2\x11\x84\xf7V\x8e\
\x9ei\x09\x08`Wg'*\x95b\xfd\x81\xe1\xba\xaa\
%\xaa5\xaf\xb6,6\xa6\xd3\x0c7R\x02A6\xa3\
\x10\xa2\x1f\xa5\xd6D\x12\xe6O\x8a\x96[?\x1b\xe9\x04\
#T\x00/\x00\x0dM\xf8\xc9=\xe7\xd28\xc4\xf77\
\xc0\x1b\x16jr\xcf\xb1$\x91N<\xa0\xb4^/4\
\xa7\xcd\xa6\x04<\xcfE)\xe5\xc7\x08\xcc(4\xe2\xef\
\x0aP\xb3\xcd\xb7\xa7\xa3\x03\x95H\xb2\xf6\xe0\x81\xba\x1f\
JDkn,\x14x0\x99d\xa8\xa6\x8e@\x15\x95\
\xa2&+\xb4\xd6\xa7\x9bq\xe3\xdb\x8e\xed\x9e\xf0~\x9b\
P\x01<O\x82\xe6\x1d\xff\x09\xbc\x9e\xc6\xc2\xbf\x09x\
\x95\x80\xcc\x9c\x0dl\x01a\xe5\xacb,\x15\xdb\x04\xe2\
b\xa1\xc5\xa2\xd9\x94\x80\xeb8H)\x89\xc6b\x81\x0a\
\xa8R\x02U1\x02~f\xa1`ww7i\x04\xa7\
\x8c\x8d6T\x02W\xbb.\x0fG\x22\xec\x0f\xfen&\
\xfe\xcaB\x22\x10\xab\xb5Vk\x1d\xdb\xfd\xf6\x8b\xbf\xda\
\x85A\xa8\x00\x9e\x07\xc1\x5c\xf3o\xf8\xc9=\x8dx\x0a\
\xb8^\xcc\x93\xce=\xf3\x15;oOF\x12\xe63\x02\
\xf1J\x81lm\xd0\x1e\x00\xf0\x03\x85L\xd3$\x12)\
\xed\x22\x06\x07\x07\x81BJW\x22\xfe\xb4\x10lY\xb4\
\x88\x0e\xcfc\xc5\xd8X]%\xd0\xa4\x14Wi\xcdO\
\x0c\x83\x89\x19\x15\x8a\xca\x08\xdf' \x85\x5c#\xa3\xac\
wm\xef\x84V\x02\xa1\x028\x02Ar\xcf'\x81\xf7\
\xcer\xd84\xf0r\xe1w\xf0\x099\x02\xc5\x823\x18\
M\xc8\x03R\xc8W\xa3el6%`[\x16\xb1X\
\x0c\xc34+\x89CA\x1aa\x8d%\x80o\x09<\xbd\
x1\xfd\x96\xc5\xd2\x89\xfa\x95\xc0\x9a=\x8f7)\xc5\
\x7fE\x22X\xb3\xa6\x10K\x0ci\xac1\xa2r\x85c\
\xbb\xdf\x7f\xb1\xd7:\xdf\x09\x15\xc0,\x043\xff\xfb\x81\
\xbf\xa7\xb1\xd9?\x09\x5c,\xfc\xde}!\xcf\x93\xa2\xe5\
>\x1dM\x18\xa6\x10\xf2\x0a\xad\x1bk\x00\x0d\x14\x0a\x05\
\x7f{PVg\x0fR\x8e\xac\xa8l\x0f\x0a4\x82\xad\
\x8b\x97\xb0$\x97\xa7\xbfA\x91\xd1\xa4R\xbcIk\xee\
4\x0c\xa6g\xb3\x04\x90\x18R\x9e%\xe3F\xb3c9\
?{qW:\xbf\x09\x15\xc0,\xdc\x04\xff\x03\xf8\x14\
\x8d\xef\xd3A\xe0:\x01\x8f\xcf\xd9\xa0N l\xcb\xb9\
?\x960V\x0b!\xd7\xcfV\x9bF\x00\xb9|\x9eT\
*\x89\x90\xb2\xf2K*ICJ\xa9ry0WJ\
\x9eX\xb1\x82U\x99)z3\xf5\xdd1\xcd\x9e\xc7\xc5\
\x86\xe4gB\x92m\xa0\x04|\xcbD\x22\xa58\xc7\x8c\
\x19E\xc7r\x1ez\x09\x97;/\x09\x15@\x034\xbc\
\x01\x7f/\xbfQ\x18\xeb4\xf0\xc7\x02\xc2\xbet/\x01\
\xdbr\xbe\x1bK\x98o\x14\xc2\xe8\x11\xb3\xac\x05\xb4\xd6\
~\xa0PS\x0aY\xda\x19\x98\xa1\x04\xfc\x18\x01\x00\x81\
\x92\x92'W\xac\xe0\xb4\xf1q\xba\xb2\xf5\x8b\x00\xf5\xb9\
.\x17J\xc9\xf7\x0d\x03\xbb\xc1{\x07%\xcfM)\xe4\
E\xd1\x84\xb9\xb7h9'T\x1a\xf7l\x8e\xd8\x93\x96\
\xa0y\xc7& 9\xcbao\x10~0P\xc8Q\xa0\
\xb9-\xbdWb,\x05j\x22\xfe\xaa\x11\x80\x19\x89\xd0\
\xd5\xd5U\xde\x15\xd0\xa5\xfca\xc00\x0c\x22\x11\xbf\xf5\
X\x22\x91$\x95J\xd1\x15\x8dr\xd3/\xeeaq\x03\
\x9f\x00\xc03\xd1(W\xc5\xe3X\xb2\xb1\x12\x00P\xa8\
)\x8d~\xdd\xf4D\xf6\xc1\x17y\x99\xf3\x8e\xb0(\xe8\
\x0c\xb4_\xbd\xf7!\x1a\x0b\xbf\x03\xfc!\xf0\x83\xb9\x1a\
\xd3\xc9@{[\xfb\x0a\x857\xe6\xc7\xfe7\x9e\x97\x5c\
\xc7abb\xc2\x97\xf9\x19A\xfe\x9e\xe7\xe1:\x0e\x96\
eaY\x05\xf2\xf9<\xa3\x8e\xc3\xc7/\xbf\x82\x03\xcd\
\xcd\x0d\xcf\xb9\xa6X\xe4\x1b\xb6M\x93\xaa\xafxJ\xfa\
H\x22[\xd0\xdc\xd5\xda\xd9\xd2(\xfc{\xc1\x11*\x80\
*4\x9c\x83_\xa2;\xdd\xe0\x10\x07\xb8\x19\xf8j\x18\
\xe2{t\xd9\xb3{\xaf\x12R^\xa6\xf0r\x8d\x94\x80\
\x0e\xfeY\x85\x02\x99\xccT9Q\xa8:Z\xd0\x0b\x22\
\x09\xad\x82\x85U(P\xc8\xe7\x19F\xf3\x0fW_\xcd\
\xbe\xd6\xd6\xba\xef-\x80+m\x9bO\x17\x8b$T\xc5\
\xa2\xa8y\xef\x92\x95!\x8cV\xc7u7\x9f\xbe\xe6\xf4\
\xf8K\xbe\xe8y@\xa8\x00\x024\xf4\xe17\xec\x5c\xdc\
\xe0\x10\x05|F\xc0\xc7B\xe1?6L\x8dMm\x01\
\xfdv\xad\x953\x9b%\xa0\x81\x5c.G.\x97\xa3\x1c\
\x22T\xe5\x0f\xf0<\x8f\xa2S,\xb7#\xcf\xe5\xf2\x1c\
\xf4\x14\xff\xff\x15W2\xda\xd4\xb8:\xf8\x9b,\x8bO\
\xd9\xb6_\xcbm\x16%\x10\x11f\xfb\xc0\xbe\x81\xa1e\
k\x96\xcc\xb6D\x5c\x10\x84N@\xca\xf1\xfd\x0f3{\
\xe7\x9e\xff\x0b\xfc\xf5\xcd\xa1\xf0\x1fS\x96\xad\xe8\xdd>\
\x9d\xcd\xbb\x02\xae\x001[U1\x8aE\x9bH$r\
x1\x11\x02\xc7\xa0\x9f=\x84\x10~\xb91+\x1ae\
\xeb\x92\xa5\x5c\xb2g\x0f\x91:\x05E\x00\xd6x\x1e+\
\x94\xe2\xc7\x91\x08\xaaa\x8c\x00Hi$2\x13\xd3\x7f\
\xbc\xa8\xbf\xe7?\xa7&\xa7\x8b/\xe1\x92\x8f+'\xbd\
\x02\xd0~\xaf\xbe\x1f\xd38\xb9G\xe3\xa7\xfd\xfe\x85\x80\
\xc6E\xeaC\x8e\x0a\xe3\xa3Sz\xf1\x92\xce\xdfd\xb2\
\xf9e\x86\x94\x1b\xd0\xcc\x16'\x84mY\xb5\xc5Df\
*\x81\xa0>\xa0\x08R\x91\xf3\xc9$\xcf,]\xc6\x85\
\x03{\x1bV\x15Z\xa3\x141\xe0A\xd3\x9cU\x09\x18\
\xd2Hgr\x99\xab\xba\x97\xb4\x7fkz\x22\xbf \x95\
\xc0I\xad\x00\xb4_\xc8\xe3\xcb\xc0\x95\xb3\x1c\xf6s\xfc\
\x12\xde\x85\xb9\x19U\xc8\xc4\xf8\xb4\xd7\xdb\xdbyo6\
\x97\xbf\xc20\xcc\xc5\xb3mV\x95\x02\x85\x92\xc9$r\
F\x8c@\xf9\x98\xb2\x12\xf0_\x98N\xa5\xd8\xd5\xbf\x88\
\xb3\x86\x86\xeaV\x1a\x16\xc0\x85\x9e\x87#`\x93a\xd2\
(N\xc9W\x02\xe6\xa2\x5c6\x7fj\xef\xe2\xd6\x1f.\
\xc4R\xe3'\xad\x02\xd0\x10\x01\xbe\x0a\xdc0\xcba\x0f\
\x03\xaf\x16~M\xbf\x909$3\x95\xb5\xbb\xfa[\x7f\
T\xc8\x16\xde.\x0d3\xf5\xbcb\x04R)d\xa9\xf7\
X\xd5k\xd5_KK\x8a\xa9t\x9a\xc1\xee..\x18\
\x18\xc0P\xf5Wu\x97\xb9\x1e\x19!x\xd40\x1b'\
\x0f\x81\x90B\x9e\x91\xcf\x17\xdd3N\xeb\xbf\xff\xe0\xc1\
\xfa\xd1\x87\xf3\x95\x93R\x01T\x09\xff\xef\xd0xz\xd9\
\x0e\xbcV\xf8\xa1\xbe!\xc7\x81\xe9\xc9|\xb6\xab\xaf\xe3\
\x07V\xae\xf0\x17B\x1a\xb3n\x0f\xa25\xf9B\xa9\xa2\
Pm\x1d\x01\xaa\x02\x85\x80\xf2\xeb\x13\xcd-\x0cvu\
q\xd1\x9e=\x0d\x1f\x82\xcb<\x8f\x11!\xd8l\x18\xb3\
%\x0f\x09\x818odb\xfa\x01\xd7v\x07^\xf4\x05\
\x1f\x07N:\x05\xa0\xfd\x86\x1d\xb7\xe0\x87\xf96\xda\x05\
9\x00\x5c%`A}\x98'\x22\xd3S\xb9\xb1\xb6\xee\
\xd6\x9f\x15-\xfb\x9d~\xaf\x91\xd9\x95@\xd1)\xd6-\
&\xc2LK\x00_\x11\x8c\xb5\xb6\xb2\xaf\xb3\x93s\xf6\
\xed\xabk\x09\x18\xc0\xab\x5c\x97\xbd\x86\xc1\x16\xd9@\x09\
\xa0\x11\xc8\xa8!i\xe9^\xd2\xf1\xbd\xccxv\xc18\
\x8aO*\x05\x10d\xf6}\x00\x7f/\xbf\xd1\x934\x88\
\x9f\xd9w\xc2\xb4\xedZ\xe8\xe42\xf9}\xe9\xf6\xf43\
^\xd1\xfd]!\xe4\xac\x96\x80\xf2<<\xcf#\x1e\x8f\
C\x9d\x8aB\xa5\xaaBP\xb1\x04F\xda;\xc8&\x12\
\xac9x\x00\xb3\x8e\x12\x90\xc0k\x5c\x97\xedR\xb2\xbd\
\xa1\x12\x00\x0d\xcb\x1c\xc7\xbd\xdb\xca\xdb\xc3/\xe1r\xe7\
\x94\x93J\x01\xdc\x04\xef\x06\xfe\x85\xc6\xc2\x9f\xc3\x9f\xf9\
O\xeaf\x11\xf3\x91B\xb6\xb0%\xd9\x9c\xb4\xb4R\xaf\
\x0c\x0ax5<\xd6u\x1c\x04\x82X,h82C\
aT\x94\x80\x08\x94\x00\x0cvwcG\xa3l\x18\xae\
_Z\xcc\x00\xaeu]~e\x18\x0cJ9\xe3\x09\x12\
\xa5\xd4\xd1\x88\xd6j\xc2\xb6\x8a\x0b&?\xe4\xa4Q\x00\
\x1an\xc4\xdf\xcbo\x94\xdc\xe3\x007\x08\xf8\xd5\xdc\x8d\
*\xe4\x85\x90jI=\xa2\x95\xeaFq\x9e\xef\xcck\
\xac\x04\x8aN\x11\xc34\x88F\xeb\xc4\x08\x94\x1a\x8e(\
\x8d\x90\xfey\xa4\x94\x0ctwS\x88\xc5\xd9\xb0\x7f\x7f\
\xdds\x1a\xc0\xeb\x5c\x97\x8d\xa6\xc1\x01Y\xbbz\x14A\
\x8d\x02\x84l\xeb\x5c\xd2\xf1\x95\xe9\xf1\xe9\x05\xd1\x81\xf8\
\xa4P\x00\x1a\xae\x06\xbe\x03$\x1a\x1cb\xe3\xb7\xf6\xfa\
\xd1\xcds6\xaa\x90\x17J![\xf0R\xcd\xc9\xdf(\
O\xad\x17p\xca\x91,\x81\xa2m\x13\x8b\xc60\xcc\xc0\
w0#F hBX\x8a'F\x1a\x92\xbd\xdd\xdd\
`HV\x1f:T\xd7A\x14\x07\xde\xe8\xb8\xfc\xca4\
\x18\xaaQ\x02\x02\x81F#\x9a\xb4R\xdf*d\x0b\x0b\
\xa2\xb2\xf0\x09\xaf\x004\x5c\x82_\xa5\xb7\x91\xf0\x17\xf0\
\xfd\x02_\x13'a\xf3\x8e\x85F!g\xe5\xa2\xa9\xe8\
\xe3h}\x99@\xf6\x1c)\x9f\xb5P(\x90H$\x91\
\x86\x84\x1a%\xe0\x7f\xa3\x02E\xe0\xbb\x03\x04\xc20\xd8\
\xd9\xdfOK\xb1\xc8\xf2\x06\xa5\xc5b\xc05\x8e\xcb/\
M\x93CUJ 0\x02L\x84~\xc0\xca\xdb\x0b\xa2\
\x01\xec\x09\xad\x004,\x076\xd2\xb8s\x0f\xc0\xdf\x0b\
\xf8T8\xf3/\x1c\x8a\x85\xe2H,\x19\xdb\xa6\x95\xbe\
F g\x8d\x11\x00\xc8\x17*]\x87J\x16\x83@\xd4\
\xc6\x08\xe8R\x7f\x00\x90\xa6\xc9\x96\xa5\xcbi\xb3\x8b\xac\
\x18\x1d\xa9{\xce$p\x8d\xe3\xf0\xadh\x94|\xe9\xfd\
}CBxZ\x0d\x14\xad\xe2\x82\xa8 t\xc2&\x03\
\x05!\xbe\xf7\x00\xed\xb3\x1cv\x0b\xf0\xcfs3\xa2\x90\
\xa3If|\xfa\x97Zx\x7f\xadQ^Un\xf0a\
h\xfcH\xc0C\x87\x0eV\xda\x8bU\x1d\xab\x94\xc2u\
]l\xdb\xc2*\xe4\x99\xce\xe5x\xed5\xd7\xf0\xc9\x7f\
\xfe8\x17>\xb8\x11\xeb\x1d\xefh8\x86>\xad\xb97\
\x9b\xa5\xcf+\xed\x1c\x94\x9d\x81=G\xe7*\x8f='\
\xa4\x05\xa0\xfdv]\xf7\xd38\xb9G\xe1;\x04\xffN\
\xf8\xce\xbf\x90\x05H\xd1r\x9e0cRJ!/\x9f\
\xd9?\xa0\x1a\x01\xa05\x96m\x91H&\x0f\xdbF\xf4\
\xfb\x0c(\xcch\x8c\x8f}\xec\x1f\xb9\xfe\xfa\xebhJ\
\xa50\x12\x09\x8c\xab\xae\x82-[\x10;v\xd4=w\
\x8b\xd6\xbc\xd2u\xf9\xb9i2\x15,\x07\xb4`\xb0h\
\x15\xbfq\x14/\xf5\x98q\xc2Y\x00\x1a:\xf0s\xfa\
\x1b\x09\xbf\x06\xee\x06\xde\x1f&\xf7,|rS\x85\x9b\
\x1cU\xfc\x9a\x16\x95r`3)9v\xfcb\x22\xe3\
~\x96`I_\x08\x10\xc2\xdf\x11\xb8\xf8\xa2\x8b\xb8\xf4\
\x92K\x82LB\x7f\x8bP\xa4\xd3p\xc7\xedxW6\
N\x179])n\xcb\x17\xe8\x08b\x08\x94nPY\
d\x1erB)\x80 \xd0\xe7\xdb\xc0\x85\xb3\x1c\xf6\x13\
\xe0M\xe1\xcc\x7f\xe2\x90\xcfXo\xf3\x94s\x9ffv\
%\xa0\xf1\xb3\x07\xa7\xa62\xc1\xfa\xbf\xe4\x13\x10 $\
\x17]4\xf3\xb1\x09^3\x0c\xb8\xf3{\xecY\xb1\xb2\
\xe1\x18\xce\xf2<\xbe\x93\xcb#\xb5FhQ\x7f\x1fq\
\x1er\xc2(\x00\xed;g\xbf\x0b\x5c1\xcba\x1b\x81\
\xb7\x87\xc9='\x1e\xd9\xa9\xfc\xe5J\xbb\xcf\x00\x0d\x95\
\x00\x94\xba\x10\x97\x8a\x89\x94\x1c\x7f2\xc8$\x0cj\x08\
T\xfdu\xc9P\xd0\xb1\x18\xdf\xbc\xeezv\xf64^\
\xde\x9f\xe3y\xfc8\x97g)z\xcf\xd1\xb8\xa6\xb9\xe0\
\x84P\x00\xdaw\xca\xde\x0a\x5cO\xe3(\xbf\xa7\x81\xb7\
\x0aX\x10\xfb\xb3!/\x1c\x8d~\xb5\xa7\xdd}p\x04\
%\xa05\x99L\x06\xcb*\x94\xfd\x87B\x0a\xee\xb8\xfd\
N\x94\xa7\x83\xd8\x00\xfc$\x22\xfc\x03\x9e\xdb\xbd\x87\xbd\
v\x91\xff\xb8\xeaU\xeckk\xecW\xbe\xd0\xf3\xb8\x7f\
:\xffJ\x0dmG\xf7\xea\x8e\x0d\x0b\xde\x09\x18$\xf7\
|\x14x\x1f\x8d\x85\x7f\x0fp\xae\x08\xdbv\x9d\xd0\x14\
-g:\x16\x8f<\x02\xbcQ\x08\x11?\xc2\xee \xb6\
e\x11\x8f\xc71\xcd\x08\x02\xc1\xf8\xf8\x18\x9e\xebq\xee\
y\xe7\x05=\x02}E05\x95\xe1\x8b_\xfc2\x13\
\xe3\xe38\x91\x08\x0f\x9fr*g\xed\xd9C\xda\xae\xef\
BJjV\x00Ko\x82\x1f\xde\x0c\xf5K\x0f\xcd\x13\
\x8ep\x8b\xe6?\x1a\xfe\x01\xf80\x8d\x95\xd9\x10p\xb9\
\x08;\xf7\x9c4\xa4\xdbR\x7f$1\xff]\xf8\x81{\
\xe5Z~\xf5\x10B\xd0\xd7\xd7O\xc44\x91A\xca\xf1\
\xd9\xe7\x9e\xc7\xeb^\xfb\x1az{\xba\xd9\xb3g\x80\x9f\
\xdf\xf3\x0br\xb9,\xf1X\xdc?\xce\x90tLg\xf9\
\xc0\xddw\xd1\xd9\xa0\xe7\x00\xfej\xe3[\x02~\xff\xa8\
_\xe0Qd\xc1*\x80\xc0\xe1\xf7\x17\xf8}\xfb\x1aU\
h\x9d\x00\xae\x15\xf0\xeb9\x1bX\xc8qg\xf5+V\
\x8b\xfd\x9b\x87>nH\xf3\x83\x22\x98\x18fS\x02R\
J\xfa\xfb\xfa1\x0d_\xb8\xa540\x0c\x13C\x1a\x18\
\x86$\x1a1I&S\xa4\x9aR\x81\xc5\xe0+\x8b\xfe\
\xf1q\xdew\xf7]\xb4\xdav\xa3S{\xf8\xcde\xde\
+\xfcp\xf3y\xc7\x82\xf4\x01\x04+\xb4\xdf\x01\xfe?\
\x1a\x0b\x7f\x1e\xbf\x94W(\xfc'\x19;\xee\xdb\xa1{\
\x97\xf6\xfd\xad\xab\x9c\xbb\xf4\xf3\x98\xe3\x94R\x0c\x1f\x18\
\xc6\xd3\x0aUj5\xe6yh\xe5\xa1\x83@\xa1R\x85\
a\xdb\xb6q\x5c\x17O)v&\xe3\xdc\xd8\xd1\xce\xa1\
\xc6k\x0d\x03x\x17\xf0Q\xdd8\x09\xed\xb8\xb2 \x15\
\x00\xf0j\xe0[4\xbe\xa96\xf0\x1a\x01\xbf\x9c\xbb!\
\x85\xcc'v>\xb5\xd3\xed\xe8\xed|\x8b\xe3\xd9\xdb\xf4\
\x8cD\xa0zx\x9e\xc7\xc8\xa1\x83h\xa5\xca\x15\x85U\
\xd0sP)\x8d\xeb:\x81\x12\xb0(\x16\x8b\x14\x8b6\
\x8f?\xfe8\x0fOg\xb86\x95`jv\x87\xc3G\
\x80\xff\xad\xe7\xa1\xc5\xbd\xe0\x14\x80\x86\xcb\x81\xaf\xd3\xf8\
f\xba\xc0\x9f\x0bx`\xce\x06\x152/\x19\xd8>P\
h\xe9l\xba\xc4q\x0b\x05?\xf7\xbf\xf1\xb1\x02\xb0l\
\x9b\xb1\xf11\x94V\xc1\x86\xa0F\xa1QZ\xe1y~\
\xc3\x11?d\xb8\xc0\xaf7\xfd\x9a}\x83\x03\x08!\xd8\
.\xa5\xfe\x9bx\xe4\x0e\xfcz\x12\x8d\xf8\x08\xbe%0\
\xaf\x94\xc0\xbc\x1a\xcc\x91\xd0p\x06~\x95\xdeE\x8d\x0f\
\xe1\x03\xc0\xa7\xc3\xcc\xbe\x90\x12}\xab\xfa\xfa2#\x93\
;#F4\x09\xb3\xfb\x03\x00\xdaZ\xdbhkk\xc3\
0L\xa4\x94H)\x90Bb\x9a&\x00\xdb\xb6o\xc3\
\xb2\xad`\xa7P\xa1\x0d\xfd\xb5\xb6\x9e\xe6w\xef\xdd6\
|9~,J\xa4\xc1\xa9m\xe0/\x81/\x8ay\xb2\
;\xb0`\x14\x80\x86S\xf1\x1bv6\xda\x84U\xc0\xc7\
\xf1\xe3\xfb\x17LM\xb6\x90\xb9\xa1kIG\x9b5m\
\xdd/0\xd6\x95\xe2\xfff\xd3\x03\x1d\x1d\x9d\xb4\xb4\xb4\
`\x94\xe2\xfb\xb5fll\x94\xf1\xaa&\xa3Z+\xa4\
)\xbe,\x13\xd1\x0fN\x0c\x8d\x8dC\xb9\xab\xf4W\x81\
T\x83Sk\xe0\xad\xc0\x7f\xcf\x87IjA(\x80 \
\xb3\xef)\xfc\xaf\x8d\xb8\x0dx\xe7|\xd1\xac!\xf3\x8f\
\x96\xaet\x97r\xd4\x87\x05\xc6;\x05\x22\x0d\xb5\x020\
S\x1a\xfd\x08A?mXi]N*\xd2h\x5c\xcf\
Q\x91D\xf4o5\xfc\xf3\xd4\xa1\xa9\x9agN\xfb\x02\
~\x1b\x8d\x97\xd8\x1a?\x1c\xfd\xbbG\xe7\xca^<\xf3\
^\x01\x04\x11U?\x06.\x98\xe5\xb0o\x00\xef\x10\xfe\
\xfa?$dV\xdaz[\xcfw\x0a\xce\xa7\xd0\x5cl\
\x08\xb3R\x22$\xf8\xce\xcf\x12\x00\xaa\xed\x04!@k\
<\xed\x81\xc1\x0fRmM\x7fx`\xd7\x81\xba=\xc7\
\x83u\xfe\xbb\x81\x7f\xa3\xb1\x8cM\x01o\x13p\xd7\xd1\
\xb8\xa6\x13\x12\x0d1\x0d\xf7\xeaR\xc6f\xfd\x7fw\xe8\
\xc6\xe6VHHC:{;\xba\x9b\xdb\xd3\x7f\xd7\xd4\
\xd2\xf4d\xba%\xad\xd2\xcdi\x9dni\xd6\xcd\xad-\
\xa5\x7f\xaa\xb9\xb5\xc5I\xb76[\xcdm\xe9\xa7[:\
\x9b\xff~\xf9\xaaE\xcf\xebY\xd3 5|@\x83\x9a\
\xe5\xd9\x9d\xd2\xf0\x8ac}\x9d\xb31o-\x00\x0dM\
\xc0\xed\xf8[~\x0d\x0ea3p\xa5\x08\x9bw\x84\xbc\
\x04\x96\x9c\xba$Z,\xd8\x89\xa2[\xecq\x95\xb7^\
)\x96\x1b\xe0\x82\xd8/\xa5xN\x0b\xfd\x5c\xc4\x88\x8e\
\x8f\xee\x1f}Akv\xed\xc7\x01\xdc\x02|\x08?d\
\xbd\x1e\x16\xfe3\x1c\xc6\xab\x94\x08\xb4\xe7\x7f\x1da\xe6\
\xdf\xa5g/\xf5\x15\x12r\xdc\xd1 4\xfc\xeb\x11\x9e\
\xe51\x0d\xeb\x8e\xf7X\xe7\x05\x81\xf0\x7f\xea\x08\xa6\xd3\
\xd3\xba\xf1V`H\xc8\xbcBCT\xc3g\x8e\xa0\x04\
vkXv\xbc\xc7z\x5c\x09\x84\xff\xef5\xb8G\xb8\
Qg\x1e\xef\xb1\x86\x84\xbc\x104\xc45\xdcv\x84\x89\
mP\xc3\xaa\xe3=\xd6\xe3B \xfco;\x82\xf0g\
5\x9c}\xbc\xc7\x1a\x12\xf2b\x08\x94\xc0\xcf\x8e\xa0\x04\
\x06NJ\xebV\xc3\xefkpf\xb91\x19\x0dg\xeb\
y\xec\xb8\x0c\x099\x12\xc1r\xe0'GX\x0e<\xae\
\xa1\xf5x\x8fu\xce\xd0\xf0F\x0d\xd3\xb3\xdc\x90i\x0d\
\xaf\x0f\x85?\xe4D@C\x87\x86\x1f\x1dA\x09\xdc{\
R<\xef\x1a^\xaeat,\x9b\xbb\xbb\x00\x00\x01^\
IDAT\x96\x1baix\xe7\xf1\x1egH\xc8\xd1\
DC\x8f\x86Gfy\xee\x1d\x0d/;\xde\xe3<\xa6\
hXy\x84\x99_i\xf8\x93\xe3=\xce\x90\x90c\x81\
\x86\x16\x0d;gy\xf6\xdf{\xbc\xc7x\xcc\xd0\xb0F\
\xc3\x81Y\x84\xdf\xd3\xf07\xbaq\x00EH\xc8\x82G\
C\x97\xf6\xb7\xb5\xebY\x00\xb3\x85\xbf/\x5c4,\xd7\
\xf0\xd4\x11f\xfeO\x9d\x14k\xa0\x90\x93\x1e\x0dgh\
xl\xc6\xe4w\xa7^\x80\xf5:\x8e\x88\x86\xb6#\xac\
}\xb4\x86/\x9f\x90\x17\x1f\x12\xd2\x80@.\xfeJ\xc3\
\xbfi\xf8C\xdd\xb8\xd4\xdd\xc2ECR\xc3\xb3G\x10\
\xfe\x1f\xeb\xc6\x05\x15BBB\x16\x22\x1a\x12\x1a\xbe\xa7\
g\x0f\x82xX\x87\xf1\xfd!!'\x1e\xda\x0f\xf4\x99\
m\xe6\xff\xb5>\x99\x82\x1fBB\xe6\x01s\xb9\xce>\
\x7f\x96\xd7\xb6\xe3\x97\xf0\x0e\xd3zCB\xe6\x90\xb9T\
\x00S\x0d~\x9f\xc3o\xde\xb1`:\xaa\x86\x84\x84\xbc\
@4\xac\xd301\xc3\xec?\xa4\xc3<\xe8\x90\x90\x93\
\x03\x0d\xe7i\xf8\xa6\x86\x8d\x1a\xbe\xa4a\xcd\xf1\x1eS\
HHHHHHHHHHHHHHHH\
HHHHHHHHHHHHHHHH\
HHHHHHHHHHHHHHHH\
HHHHHHHHHHHHHHHH\
HHHHHHHHH\xc8\xf1\xe5\xff\x01 \xd3\
'GB\xa26\xbd\x00\x00\x00\x00IEND\xaeB\
`\x82\
\x00\x00wp\
\x89\
PNG\x0d\x0a\x1a\x0a\x00\x00\x00\x0dIHDR\x00\
\x00\x01\x00\x00\x00\x01\x00\x08\x06\x00\x00\x00\x5cr\xa8f\
\x00\x00\x05NiTXtXML:com.\
adobe.xmp\x00\x00\x00\x00\x00<?\
xpacket begin=\x22\xef\
\xbb\xbf\x22 id=\x22W5M0MpCe\
hiHzreSzNTczkc9d\
\x22?>\x0a<x:xmpmeta x\
mlns:x=\x22adobe:ns\
:meta/\x22 x:xmptk=\
\x22XMP Core 5.5.0\x22\
>\x0a <rdf:RDF xmln\
s:rdf=\x22http://ww\
w.w3.org/1999/02\
/22-rdf-syntax-n\
s#\x22>\x0a  <rdf:Desc\
ription rdf:abou\
t=\x22\x22\x0a    xmlns:d\
c=\x22http://purl.o\
rg/dc/elements/1\
.1/\x22\x0a    xmlns:e\
xif=\x22http://ns.a\
dobe.com/exif/1.\
0/\x22\x0a    xmlns:ti\
ff=\x22http://ns.ad\
obe.com/tiff/1.0\
/\x22\x0a    xmlns:pho\
toshop=\x22http://n\
s.adobe.com/phot\
oshop/1.0/\x22\x0a    \
xmlns:xmp=\x22http:\
//ns.adobe.com/x\
ap/1.0/\x22\x0a    xml\
ns:xmpMM=\x22http:/\
/ns.adobe.com/xa\
p/1.0/mm/\x22\x0a    x\
mlns:stEvt=\x22http\
://ns.adobe.com/\
xap/1.0/sType/Re\
sourceEvent#\x22\x0a  \
 exif:PixelXDime\
nsion=\x22256\x22\x0a   e\
xif:PixelYDimens\
ion=\x22256\x22\x0a   exi\
f:ColorSpace=\x221\x22\
\x0a   tiff:ImageWi\
dth=\x22256\x22\x0a   tif\
f:ImageLength=\x222\
56\x22\x0a   tiff:Reso\
lutionUnit=\x222\x22\x0a \
  tiff:XResoluti\
on=\x2296/1\x22\x0a   tif\
f:YResolution=\x229\
6/1\x22\x0a   photosho\
p:ColorMode=\x223\x22\x0a\
   photoshop:ICC\
Profile=\x22sRGB IE\
C61966-2.1\x22\x0a   x\
mp:ModifyDate=\x222\
025-08-05T19:05:\
44-04:00\x22\x0a   xmp\
:MetadataDate=\x222\
025-08-05T19:05:\
44-04:00\x22>\x0a   <d\
c:title>\x0a    <rd\
f:Alt>\x0a     <rdf\
:li xml:lang=\x22x-\
default\x22>Zoom</r\
df:li>\x0a    </rdf\
:Alt>\x0a   </dc:ti\
tle>\x0a   <xmpMM:H\
istory>\x0a    <rdf\
:Seq>\x0a     <rdf:\
li\x0a      stEvt:a\
ction=\x22produced\x22\
\x0a      stEvt:sof\
twareAgent=\x22Affi\
nity Photo 1.10.\
6\x22\x0a      stEvt:w\
hen=\x222025-08-05T\
19:05:44-04:00\x22/\
>\x0a    </rdf:Seq>\
\x0a   </xmpMM:Hist\
ory>\x0a  </rdf:Des\
cription>\x0a </rdf\
:RDF>\x0a</x:xmpmet\
a>\x0a<?xpacket end\
=\x22r\x22?>\xb5V\xc8Q\x00\x00\x01\x81iC\
CPsRGB IEC61966-\
2.1\x00\x00(\x91u\x91\xbbK\x03A\x10\x87\xbf\
<\xc4\xa0\x91\x08\x0aZX\x04\x89V\x89\xf8\x80\xa0\x8d\
E\x82FA-\x92\x08Fm\x923\x0f!\x8f\xe3.\
A\x82\xad`\x1bP\x10m|\x15\xfa\x17h+X\x0b\
\x82\xa2\x08b\xad\xad\xa2\x8d\xca9g\x84\x88\x98Yf\
\xe7\xdb\xdf\xee\x0c\xbb\xb3`\x8df\x95\x9cn\xef\x87\x5c\
\xbe\xa8\x85C\x01\xf7\x5cl\xde\xdd\xf8\x84\x83\x06:\xb0\
c\x8f+\xba:\x1d\x19\x8fR\xd7\xden\xb0\x98\xf1\xca\
g\xd6\xaa\x7f\xee_k^J\xea\x0aX\x1c\xc2\xa3\x8a\
\xaa\x15\x85'\x84\xa7V\x8a\xaa\xc9\x9b\xc2\xedJ&\xbe\
$|,\xec\xd5\xe4\x82\xc2\xd7\xa6\x9e\xa8\xf2\xa3\xc9\xe9\
*\x7f\x98\xacE\xc3A\xb0\xb6\x0a\xbb\xd3\xbf8\xf1\x8b\
\x95\x8c\x96\x13\x96\x97\xe3\xc9eK\xca\xcf}\xcc\x978\
\x93\xf9\xd9\x88\xc4n\xf1.t\xc2\x84\x08\xe0f\x921\
\x82\xf8\x19`Df?>\x06\xe9\x93\x15u\xf2\xfb\xbf\
\xf3g(H\xae\x22\xb3J\x19\x8de\xd2d(\xe2\x15\
\xb5$\xd5\x93\x12S\xa2'ed)\x9b\xfd\xff\xdbW\
=54X\xad\xee\x0c@\xc3\x83a\xbc\xf4@\xe3\x06\
|V\x0c\xe3}\xdf0>\x0f\xc0v\x0fg\xf9Z~\
a\x0f\x86_E\xaf\xd44\xcf.\xb8\xd6\xe0\xe4\xbc\xa6\
%\xb6\xe0t\x1d:\xef\xd4\xb8\x16\xff\x96l\xe2\xd6T\
\x0a\x9e\x8f\xa0%\x06m\x97\xd0\xb4P\xed\xd9\xcf>\x87\
\xb7\x10]\x95\xaf\xba\x80\xed\x1d\xe8\x95\xf3\xae\xc5/\xfb\
\xabg\xb5\x8c\x9a\xfa\xbd\x00\x00\x00\x09pHYs\x00\
\x00\x0e\xc4\x00\x00\x0e\xc4\x01\x95+\x0e\x1b\x00\x00 \x00\
IDATx\x9c\xec\xbdw\xb8%Wu'\xfa[\
\xbb\xaaN\xbc9u\x8eR\x07\x85V\x00\x14\x08\x02d\
\xb05 L\x1c\x03\x1e9\xcc\xf8\x9b18<\xde\xd8\
\xe3\xf9\x1e\x8f\xf9\xec\xe7y\x0e\xef=?\x1b\xdb\xf8\x1b\
c?\xe30\x0cc\x8f1\xb6\xb1\x0d\x0c\x06#\x89 \
\x90\x10\xca\x12\x8a\xad\xeeV\xe7\x9b\xfa\x9e{\xf2\xa9\xda\
{\xbd?v\xa8]\xe7\x9c\xdb\x92A\xea{%\xea\xd7\
\xdf\xedS\xa7j\xd7\xae]uj\xe5\xb5\xd7\x06r\xe4\
\xc8\x91#G\x8e\x1c9r\xe4\xc8\x91#G\x8e\x1c9\
r\xe4\xc8\x91#G\x8e\x1c9r\xe4\xc8\x91#G\x8e\
\x1c9r\xe4\xc8\x91#G\x8e\x1c9r\xe4\xc8\x91#\
G\x8e\x1c9r\xe4\xc8\x91#G\x8e\x1c9r\xe4\xc8\
\x91#G\x8e\x1c9r\xe4\xc8\x91#G\x8e\x1c9r\
\xe4\xc8\x91#G\x8e\x1c9r\xe4\xc8qAA\xeb=\
\x80\x97\x22\xf6\xbf|?-\xcf\x9f\x13\xd5\xd9\x09\xd1Z\
\x5c\x1dKzq9\xaa\x94\x82V\xadq)+9\xad\
\x146\x03<JB0\x80*\xc0\x0c\xf0\x12\x81V\x18\
\xe8\x82xY 8651\xf9\xf8r\xb3\x06A\xa0\
B)\xea-\x1e]\x94\xeb}o9^Z\xc8\x19\xc0\
\xf3\x84\x89\xd9\xc9\x89X\xc6\xfb!\xf12\xa5\xf8Z0\
_I\xc0\x1e\x22\x1a\x03Q@L \x023@\xf6\xa1\
\x13\x00\xcel\xe8m\x06\x98\x99\x09\xcc\xcc@\x0b\x02'\
Y\xa9y\x16|<\x14\xe2K\x14\x06w\x16\x8a\x85#\
K'\x96Z\xebq\xaf9^:\xc8\x19\xc0w\x88\x8b\
\xae\xd9\x1a-\x1eo]\xadb\xf9\x1e\x15\xab\xb7\x00\xb4\
\x89@c\x04\xd2$\xac\xc9\x18\x0c\x02\x11\x81\xec\xa3\xb6\
O\x9c\xd3m\xe6\x94\xfa\x09l\x0ee\xb9\x82f\x14\x0c\
0A\x81c@\xd5A|\x14D\x9f\x16\x01\xfdCy\
\xb4\xf2\xf0\xfc\xd1\xf9\xe4\x82\xdc|\x8e\x97\x0cr\x06\xf0\
\x1c\xb1\xf3\xd0N\x8aW\xe3\xe9z\xbd\xfe.\x15\xcb\x9f\
\x05\xd3eB\x08\x22\x12\x00\xb3G\xba\x00\x09\x81P\x04\
\x10\xa1@!\x8c\x10F!\x82 @\x18F \xd2\x84\
\xad?\xf5\xe3'\x12\x00\x18I\x12#I$\x94RP\
J!\x8ec\xc4\xbd\x1e\x12)\xe1x\x04\xa0\xcf\x07\xb9\
_O\x81%C-\x82\xd47\x84\x10\x1f/U\x8a\xb7\
/\x9cX>w\x01\x1fO\x8e\x17)r\x06\xf0,\xd8\
\xb5o\xeb\xf8\xd2R\xed\x1d,\xf9\xa7H\xd15D\x22\
+\x9c\x01\x08!P,\x16Q\xa9TP,\x16\x1d\xa1\
[]\xdf\x0a\xfb~\x22\xb6\x1f\xec\x7f\x1fh\x07\x10\x11\
\x92$F\x1c'\xe8\xf5:h\xb5:\x902\x81b\x1e\
\xf8\x01\x19`\x05yF\x04\xf4\x850\x0a\xfexbj\
\xea\xae#\x8f\x1e\xe9}\xf7O\x22\xc7K\x119\x03\x18\
\x82={\xe6\xc4r\xb3s]\xd2M\xde\x0f\xa67\x0b\
\x0af\xf4\x11M\xada\x18\xa2R\xa9`ll\x0cQ\
T\x80\x10\x04V\x0c\x1e\xda\x1bg\x98\x05g6\xbcs\
\xfa\xa8\xde\xff\xe6[\x0d\xb6\x9dbF\x1c\xc7\xe8\xb4[\
h\xb6\xdaH\x92\xc4\xfb1\x9d\xa7\x81\x19\xfc\x08\x04\x7f\
4\x8a\xc2O,\xcf\xaf\xac\xfe\xf3\x9eD\x8e\x97:r\
\x06\xe0a\xc7%;\x8a\xe7\xce,\xdf\xac\xa4\xfa@\x00\
q-QP\x06\xb4\x8d\x1e\x86!FGG166\
\x86B\xa1`\xe8\x9a\x0d=r?\x9d;B\x1d\x14\xfa\
\x9ca\x02\xeci\x02\x18<\xc3\xc0\xf3\x1fx\xbe\x03\xed\
c\xd0_\xe3$A\xab\xd9D\xbd^\x87\x94\x12$\xc8\
\xf0\x01m\x9a(VM\x04\xfc\x0f\xd5\x91\xf2/\x9d=\
\xbe\xf8\xe4w\xf8\x88r\xbc\xc4\x903\x00\x00\xdb\xf6n\
-\xae\x9c[y'I|\x00$^NL\x11\xb3\x82\
\x10\x01\xaa\xd5*&'&Q\xa9V!H\x80Y\xe9\
\xa0\x1d+0\xb3\xfe\x032\x12|-\xa2\xf7\xfd\x04)\
\xf1\xd3\x00\xb3 \xc7X\xb2{\xd7\x84\x7f\x88\x19\x89\x94\
\xa8\xaf\xae\xa2\xd9lA*\x09al\x11&\x06\x98\xcf\
\xb1\xc0\xc7A\xf8\x7f\xeb\xcb\xf5\x93\xff\xdcg\x95\xe3\xa5\
\x85\xefi\x06\xb0\xeb\xe2]bay\xf1\x07\x11\xab\xff\
\x18\x88\xe0Z\x02E\xcc@\x10\x06\x98\x18\x9f\xc0\xf4\xd4\
4J\xa5\x92#t\xa5\x18\x8a\x15\xa0\x18\x8a\xd91\x03\
\x1f\x83\x04\xee\x0e\xf4\xb5s\x8d\xb2Z\x80\xe7_\xf0\xdb\
\x00\xd0j}\xff\x05-\xc8\x04\x09\xbc]\x8a\x15\x1a\xf5\
:j\xab\xabPJ9\x9f\x04\x11A)\xd5D\x01\xbf\
::U\xfd\xadSO\x9c\x89\x9f\xeb3\xcb\xf1\xd2\xc2\
\xf7,\x03\x98\xdc2vu\xa7\x11\xffj$\xc27\x00\
TdV\x88\xa2\x02\xa6\xa7\xa71;3\x8bb\xb1\x08\
)%\x98\x19R*\xb0R\x9a\xe8\x95rR\xdf2\x06\
\xc0\x10\xb1G\xccn\xbfm\xab\x18D\x80\x94\x0aJi\
\xaf\xbeR\x12\x0c@\x90\x80\x08\x04\x00\xad%\x08!\x0c\
\xb1fC\x81\x19A\xef\x1d%\xe6\x94Y\xb8\xc8B\xda\
\x0e\xcch4\x9b\xa8\xaf\xae\x22\xf6|\x05L\x0c)\xe3\
y\x0a\xc4\x7f\x1a\x9b\x1e\xfbo\xa7\x0e\x9f\xee>\xaf\x0f\
9\xc7\x86\xc7\xf7\x1c\x03\xd8u\xd1\xce\xf1\xa5\xa5\x85_\
#\x16\xb7\x10\x05\x13\xd6\xbe\xdf4\xb7\x19\x9b7mF\
\xa1\x10AJ\x09%u(N*\x05e\x18\x81\xb2*\
\xbfS\xfd9\xcb\x04\x98\x91$\x12\xbd\xb8\x8bn\xa7\x8b\
^\xb7\x87^\xdc3\xa1=\x93\xc4G4`\xcag\x89\
VG\x0f\x84\x10\x08\x82\x00Q\x14\xa2P(\x22\x8a\x22\
\x84Q\x84@\x04\xb0N>\x1a\x12U\xd0c\x19\xc6\x04\
\xb4\xd9\xd2h4pn\xa5\x06\x97\xab\x00\x86bND\
\x80\xbfRB\xfc\x5cci\xf5\xec\xf3\xff\xd4slT\
|O1\x80\x89\xcd\x137\xf5\x9a\x9d?\x8c\x82\xe2.\
\x18;{\xd3\xa6M\xd8\xb5s\x17*\xe5\x0a\xe2$\x81\
\x92\x12R*\x1dfS\xcai\x01*#\xf9\x95c\x08\
RJt\xda\x1d\xd4j+\xe8t\xbb\x90\xd2\x10\xba3\
\xef\xfb\xd4{\xf7A&\xeb\x8fl\x9a\x8f\xb7\xadYD\
\x7f$\xc0&\x14\x95\xca%TM\xc8Q\x88\xc0v\xe5\
`/\x99\x89\x1e\xd8\x1d\xe6`\xa3\xd1\xc0\xcaJ\xcd0\
&}-Eh\x14J\xe1\xfb\xce\x9d=\xf7\xe7\xcf\xc3\
\xe3\xce\xf1\x22\xc0\xf7\x04\x03\xf8\xc9_\xfeI\xfa\xc4o\
\x7f\xe2\xa3\x01\xd3\xfbH\x04`\xa5011\x89\x8b\xf6\
\xee\xc5\xf4\xf4\x8cN\xbc\x91\x0aI\x1c#\x91:\x11\xc7\
Jmk\xf73+\xbd\xad\x14\x92$Fmu\x15\xcb\
\xcbK\x90\x89\xf4\x92{\x01-jS\xd5\x9d\xed6\xc3\
I\x7f\x10AD\x11@\x04\x19\xc7&w\x90@\xd2\xef\
\xcbw*\xb2w\x89\xf4ZB\x10\xc20\xc4\xd8\xc8\x18\
\x8a\xe5\x12\x82 \x18\x16(HA\x1eka \x8ec\
\xd4j5\xb4\xda-\x9d\xccD\xbaA\xc2\xf2+\xa3\xe3\
\xe5\x1f=\xf3\xcc\xe23\xcf\xd3O\x90c\x83\xe2%\xcf\
\x00v_\xb4{\xe6\xec\xfc\xd9\x87\x0bA\xb4I1#\
\x10\x01\x0e\x1c8\x80\xed\xdb\xb6#\x0cB(V\x90\x89\
\xd4\x7f2A\x22\xa56\x01\x94g\x02(\x898\x8eq\
ne\x05\xcbKK\xe8\xc5\xbe\xcf\x8c\xb3\x22\x96\x01\x0a\
\x03D\xe5\x0aF\xe66cd\xcb6Ll\xdf\x8d\xd9\
\x8b.FX\x1dEP\xaa`dl\x12J%@\x18\
\x22,U\x00\x15\xa3\xd7i#n5\x914\x1bX=\
{\x0a\xcb'\x9e\xc1\xe2\x91\xc3h\x9c>\x81\xa4\xd5D\
\xdch\x00\x89\xf4\xb4\x08\x06S\x96\x19\x94\xcbe\x8c\x8d\
\x8d#\x8a\x22\xd3\xc6x\xff\xfb\x1c\x87\xce403\x13\
:\xed6\x16\x17\x17\xdcD\x05\x06\xa08y\x94\x03\xfc\
\xdc\x96M[\xbf\xf0\xe4\xa3O\xae\xe1y\xcc\xf1b\xc7\
K\x9a\x01\xccl\x9f\xbd\xb1y\xae\xfe\xc5(,\x04\x8a\
\x15f\xa6\xa7q\xe5\x15Watd\x04R)\xb0\xd2\
*\xbc\xfbK$\xa4\xd2&\x80b\xcd\x00\x9a\xcd&\xce\
\x9c9\x8d\xd5z\x1d2I\xb2\x9ex6\x92\x9b\x18A\
\xb9\x82\x99\x83\x97`\xfb+n\xc0\xd6\xfd\x97cl\xcb\
6D\xa3\x13`!\xdc9\x02Z9pJ>\x91Q\
\x16\xd8)\x0d\x94v\xac/#\x13\xc4\xad\x06\xba\xab+\
X=u\x0c\xc7\xef\xfb&N\xdd\xf7-4N\x9e\x00\
\xb1\xd2\xbc\xc7y\xf7\xb5*\x1f\x88\x10cc\xa3\xa8T\
\xaa\x08\x83@\xf7x^\x12\xd6\x94\xbfr\xee\x1c\xea\x8d\
\xbai\xcf`Rm\x11\x8a\x9f\xa9-\xae\xfe\xe9\xf3\xfb\
\xcb\xe4\xd8(xI2\x80\xf1\xcd3\x82\xe3\xe4\x7f\x95\
\xdd\xde\x87E\x10@)\x85C\x97\x1f\xc2\xbe\x8b\xf6\x81\
\x04\xc0\x0a\xc6\xc9'!\x95r\x84o\xd5~)%\xea\
\xf5:N\x9c<\x89z}\x15R\xa94\x9eo\x92k\
\x14\x18\xe5\xcd\xdb\xb0\xef\x86\xef\xc3e?\xf0v\x94\xe7\
\xb6\x82\xc2(U\xbf\xad\xe7\x0dF\xb5\x1e\xa0@\x862\
\xc9:L^.\x01[\xe7\x1c`5\x8a\xf4\x5c=\x9d\
\x90e\x8c\xe6\xd2\x02\x8e\xde\xf5\x15\x1c\xbe\xfd\x0bX=\
v\x18\x88\x13\x90\xf5\x0a\x9a\x01\x10\x09\x93\xbc4n\xe6\
\x1e\xb8K\xa3/\x8e\xe0\xae\xd9j\xb7\xb0\xb2\xb2\x82$\
\xd1\xf3\x8a\x98\x15\x94\xe0?n\xae4\xff\xed\xf3\xf2\xe3\
\xe4\xd8Px\xc91\x80\xf1\xb9\x99)\x95\xf4~\x85c\
\xf5\xd3:\x0b\x0ex\xd3\x0f\xdc\x84\xf1\xf1q\x1d\xcaS\
:\xac'\x95t\xb6\xbfT\xd2\xa8\xfe\x09\xea\xabu\x1c\
=z\x14+\xab5(\xa9\xbc\x9e\xf5\xcc\xbe\x91\xcd\xdb\
p\xe8\x07\xdf\x85K\xde\xf4N\xa0T\x05\x1b\xe2!#\
\xbd\xb5\x8d/@\x1e\xe1\x0b\x82\x96\xfe\xcc\x08\x84@\x10\
\x08=\x01\xc8M\xe61\xfe\x05\xc0\x98\x1d\xd2\x84\x1c\x19\
\xca:\x03\xad\x1b\xc1*\x1f\xcc\x00\x09\xa8$\xc6\xc2\x91\
'\xf1\xf8\x17?\x83\xe3\xdf\xb8\x15ju\xd5s*Z\
fB\x18\x1b\x1b\xc3\xd8\xe8\xb8\x0b7\xa6L\x00p\xc6\
\x82a\x1c\xbd^\x8c\x85\x85\x05$2\xb1\x87\x91\xa8\xe4\
\x91\xa9MS\xaf>\xf1\xe4\x89\xda\xf3\xfc\x93\xe5XG\
\xbc\xa4\x18\xc0\xe8\xec\xd4\x1e\xc4\xf1o\x91\xe2w0\x08\
a\x14\xe1\x87\xde\xf5.\xed[W\xa9\x13O\xfa\xd2\xdf\
\xa8\xff\x9dN\x07O>\xf5\xa4y\xf1e6\xa9&\x08\
\xb1\xfb\xdaW\xe15?\xf6S(\xee\xba\x08\x10z\xf6\
\x1e\x1b\xfd\xdb\xcc\xf5\x87\x00\x10\x90@1\x14(G!\
\x8aa\x88(\x10\x10D\x10\xa6\x18\x80\x0d%*\xd3\xbf\
\xf4\xc3\x8b0\xc7\xcde\x99\x01\x09F\xac\x14zI\x8c\
^\x92 N\x12c\x1e\xa4i\xc0V\xbaK)q\xf2\
\x9e;\xf0\xc8\xdf\xfd%\x96\xbe\xfd \x94\x8c3\xbfp\
\x14E\x98\x98\x98D\xb9\x5cN/\xe0@\xe8W\x12\x16\
\x16\x16\xd0j\xb5@B\x1f\x97\xaa\xf7`ut\xf4\xbd\
\xf3'\xe7\x1f}>\x7f\xb7\x1c\xeb\x87\x97\x0c\x03\x18\xdb\
<sH\xb5;\x1f%\x88W\x83\x19S\x93\xd3x\xcb\
[nv1|6\xc4o\x1d{RJ\xe7\xe0;z\
\xf4\x18\x9ez\xeaI\xf4z\xbd\xcc\x8c|\x0eB\x5c\xfa\
\xc6\x9bq\xed\x8f\xfc[\x14f\xb7B+\xfei\xa0\x0e\
&,\x17B`$\x0a1V.\xa0\x18\x08\x04DP\
\x9e\xa4f\xa3\xca3\xb4\x94O\x19\x81f\x00\x0c\x86\xf4\
\x88Z\xb9\xbc\x02\x98\xf6f\xbf\xd1B\x14\x18\xbd8F\
7\xeei\x86`$\xb8\xcd\x1f \x99`\xfe\xf1\x87\xf0\
\x95\x8f\xfd.V\x9f|\x0c\x02Z\x93a\x13\x85(\x16\
J\x98\x99\x9d\x81\x10\x22c^\xa4Z@\x1a\x86l6\
\x1aXZ^\x86\xf5\x13\x00\xf2.\x0a\xc4\xbf\xa9-\xad\
\xe6L\xe0%\x80\x97\x04\x03\x98\xd9\xb1\xe9\xd2v\xad\xf1\
7\x82\xc2\x03\x04\xc6\xae]\xbbq\xe3\xeb^g\x88\x1f\
\x8e\xf0\xdd\x1f+$R\xa1\xd3n\xe3\xce\xbb\xeeB\xad\
\xb6bz2\xc4\x0a`\xef\xabn\xc4k\xdf\xff\x1fP\
\x98\xdb\xec\xe2\xf6z\x0e\xbe\x8b\xe2c4\x0a1]-\
\xa3\x14\x84N\xc5\xd7\x84\x9a\x9a\xee\xa9<\xa7\x8c\xe4W\
f\xf6\xa0T\x0a\x0a\xa9&\x00@\xb71\x8c#\x93u\
h\xfaV^\xde\x1f\x00$*A\xa7\xdbE,%\x08\
@@\x84@\x10(\x108}\xcf7\xf0\xf5?\xfe=\
\x9c;\xfa\x94g\x1a\xe8\xf1ONNa\xa4Zu\xcf\
1\xf5\x13dC\x91\xcdV\x0bKK\x8bi4\x81\xd4\
\x9dL\xea\x87\xea\xe7Z'\xbe\x8b\x9f-\xc7\x06\xc0\x8b\
\x9e\x01l\xde\xbbm\xaevv\xf9\xb10\x8c&\x89\x80\
K/\xb9\x0c\xd7\xbe\xe2\x1a0+\xc0\xe4\xef\xdbD\x1e\
i5\x00)q\xe2\xe4\x09|\xe3\xce\xbb\x10\x08\xe7w\
\x07\x18\xa8\xccm\xc2\xcd\x1f\xfa\x0dL^z\x05\x04\xa4\
\xb1\xbb\xc9\x15\xf0\x88\x8807R\xc6x\xb1\x08a\xce\
\xd1dA^n\x1d\xc3z\x0f\x94q\xec\xb9cV\xea\
+-\xf5\x95a\x0a\x0a\x969p\xca\x008\xcbH\xd2\
>\xd8\xed\x87\xbb\x9e\xd1$\x94\xd4\x0e<\xa5\x10\x88\x00\
A \xd0\xad-\xe2\x9b\x7f\xfe1<\xfa\x99\xbf\x01{\
\x89?\x82\x08\xd5\xea\x08\xc6\xc7\xc7]\x92\xd1\xb0|\x03\
@\xa7\x12/\x9f[\x06+sg\x01?\x08\xc1/[\
]l\xe4u\x0a_\xc4xQ3\x80CW\x1e\x0a\x9f\
|\xfa\xf0b$\xc2qf\xc65\xaf\xb8\x06W\x5c~\
\xb9>h\x89\xdf\xe4\xf0\xfb\x0c\xe0\xbe\xfb\xee\xc3\x13O\
=\x01\xa1\x8d[M`\x02\xb8\xfe\x96\xf7\xe1\xea[\xde\
\x0f\x0e\xd88\xf4\xb4\xac$\x10\x22!\xb0m\xb4\x8aJ\
!\x82P^6\x9f\x95\xf1\xc6\xc6\xb7\x84jU}\x86\
\x0e\xff\x11k\x22\x8d\x95\x1e\x97#~\x90\xceE`8\
\xed\xc0i\x0aV[\xc8h\x01\xa9\x96\x00\xa4\xe6\x02`\
\xaf\xcd&MX\x9b7\x02\x8c(\x08\x11\x10P;s\
\x1c\x9f\xfe\xd5\xff\x0d\xcbO<\x0abvc/\x16\x8b\
\x98\x99\x9e\x05\x09[\xbe\xcc\xde[j\x1103\x9a\xcd\
&\x16\x97\x97\xf4s!\x80\x85\xfa\xf6\xeaR\xe3\xb2\x17\
\xe4\xc7\xcdqA\xf0\xa2e\x00\xd5\x89\xf1Q\x02\xdf)\
\x80K\xa5\x94x\xcd\xab_\x83\x83\x07\x0eh5\xddH\
P\x9b\xbe+\x0d\xf1\x83\x19\xb7\xdd~\x1b\xce\x9c9\xa3\
\xe7\xc9\x9b\xbc\xf9\xe2\xe4$~\xf8#\xff\x1d\xd1\xdcf\
\x08\xc1\x10H\xeb\xf8\x85\x00\xb6\x8e\x8d`4\x8a\xe0l\
mo\x1c\xd9\x07H\x10\xc4(\x0aB1 \x84Bh\
B\x04\xa1-%\xea=\x89V/F\xfd\xdc2\x9a\xcd\
\x06\xc2b\x19\xe5\xc9)\xb0\x08\xa0\x18\xda\x0f\x80\xd4\x04\
\xd0Q\x81TmWF\xddP\x9e\x06\xa0\xb3\xfa\xd2\xf0\
\x9f\xdb$\x1d}(\x04\x84\x88\xb4\xb4'\xd2\x13\x8d\xee\
\xfa\xd4\xc7q\xdb\xc7~\x0f\xaa\xdd\xd4}\x1b\xf3~n\
v\x13\xa2B\xe4\xa6\x0fg\xfd\x02p>\x81\x85\xa5E\
\xdd\x86\x18\x08\xd4\xc3\xb5\xc5\xc6\xa1\xe7\xf3\xb7\xcdq\xe1\
\x10\xac\xf7\x00\xbe\x13Lm\xdf4\xcdq\xfc'\x82\xf1\
Z\xc5\x0a\xd7]s\x1d.\xbf\xf42\x08\x12.\xfb\xcd\
B\x13\x8aB\xbb\xd5\xc1\x17\xbf\xf4OXX\x5c\x80\x9d\
\x8e\xa3@\xb8\xe8\xb5?\x80w\xff\xce\xc7!F\xab\x10\
\x02\x08  H \x00a\xb6T\xc0\xce\x89q\x94\x85\
\xd0\xc4c\x88\x88H\xdb\xcb\x81\xd0D>\x12\x0aL\x17\
\x03L\x97\x04&#\x81j@(\x98\xb4\xdb\x1e3\xea\
\xb1D[*\xf4\xe2\x04\x8f\xdf\xfd\x0d|\xf3s\x7f\x8b\
o\xdfq;\x8e?\xfa \x98\x09cs\x9b!\xc2P\
'\x03\xd91c\xc8\xb6\xe7Cpf\x00\x80\x0c\x85z\
\xf3\x0d\x08z\xcc\x01\x09\x04\x82 \x00\x08f\xec\xba\xfc\
J\xcc\xee;\x80\x93\x8f>\x8cn\xad\xe6\x9eX\xbd\xd9\
@(\x02D\x85\x82sp\x02i\xe6 \x01\x88\x0a\x05\
DQ\xa8\xa3\x03 \x80i\xae8R\xb8\xba\xdb\xea\xfd\
\x8f\xe7\xe9\xe7\xcdq\x01\xf1\xa2c\x00{\x0f\x1e\x8cV\
\x96\x97>,\x18\xb7\x80\x81];w\xe35\xafz\x95\
{\xe1\xed\x8c:\x9b\xe6\xaa\x98\xb1\xb8\xb4\x84\xdb\xbf|\
\x1bVWk\xa9\xe4/\x14\xf1\xfd\x1f\xf8O\xb8\xfe'\
>\x00E\x0c!,\xa1\x04\xa8\x06\x02{'\xc60Y\
,\x1am@8\xc2\x17\xa4C}\x95\x900S\x14\x98\
-\x06\x18\x0f\x81\x82 \x04H\xa3\x031\x18\xe7b\x85\
F\xac\x90@K\xd9\x13O=\x8a\xbf\xfe\xed_\xc7\xdd\
\x9f\xfb[\x1c{\xf8>\x1c\xb9\xffn,\x9d8\x8a\xcd\
\xfb\x0ebtv\x0eDA6\x0a\x00\xd8\x1e\x9dO\x00\
\xb0\x92\x9f\xc0L\x19f\xe0\xdaAs\x1f\xa2t\x8aq\
\x18\x86\x08\x88 \x08P\x921\xb7s\x0f\x0e\xbc\xfau\
x\xfc\xfeo\xa2sn\xc9\x85\x13;\xdd\x0e\x88\x08\xc5\
B\xc1\xcc\x1d\xc8\x86\x07-\x13\x08\x84@\xbb\xdd\xd6\xc7\
\x19\x07\x0b\xd5H\xf4\xda\xbd\xdb_\xb0\x1f>\xc7\x0b\x82\
\x17\x1d\x03\xe8\xc9\xee/\x05L\x1f\x00X\x8cOL\xe2\
\xedo\xf9A}\x80\x86H~\x00'N\x9c\xc0\xd7\xee\
\xf8\x1a\x9a\x8d:\x00\xcd\x10\xc6\xb6\xed\xc0\xdb~\xf9\xc3\
\xd8\xf9\xaa\x1b\x01\x82N\xce\x11\x02\x91\x08\xb1\xa9R\xc4\
\x8e\xd1\x11D\xa4\x93u\x84 \x17\xc7\x0f\x890\x16\x05\
\xd8\x5c\xd6\x84_\x16:\xe4g\xafoCq\xb5Xb\
)V\x88\x15\x5c\x08P1\xe3\x0b\x1f\xff\xffp\xcf\x17\
?\x8b^\xa7\xed\xc6Y\x9b?\x8d\x91\x89i\xec\xbc\xf2\
\x15\x08\x0a\xc5\xacs\x8f\xfb$\xbd\xf33\xa4&A\x9a\
8\xe8\xcd\x1e\xf4\xb4\x15\xfb]2#\x0c\x84\x9ef,\
\x00(Fit\x1c\xafz\xe7{pn\xf9,\xce<\
\xfe\x98\xad:\x8e^\xb7\x0b\x12\xc21\x01\x0c\xd1\x04\x0a\
\xc5\x22\x143z\xbd\xae=\xfe\xb2R\xb5\xf4X\xb7\xdd\
}\xec\xbb\xfc\x89s\x5c@\xbc\xa8\x18\xc0\xdc\x8e\xcd\xaf\
L\xda\xdd\xff*\x88\x82\xf1\xf1\x09\xdc\xfc/\xde\x8cB\
\xa1`\xdct^\x08\xcb\xd8\xc2\xc7O\x9c\xc0\x1d\xdf\xb8\
\x03\xedVS\xc7\xcf\x99\xb1\xf3\xeak\xf1\xe6\x0f\xfd\x06\
&/:\xa0\x89[\x10\x02!P\x0d#\xec\x1a\xab`\
\xb2P\x84_\x94C\x80\x10\x100\x1e\x11\xb6\x97\x03\xcc\
\x14\x05\x8aF\x9dv\x14\xcf\xda\xe6\xee2\xe3t+F\
CZ[\x1d\xb0\x09C\xcc\x8c\xcf\xff\xd9\x1f\xe0\xec\xd1\
\xc3im\x00\x83\x91\xe9\x19\x5cr\xc3\xf7#,\x963\
\x0c@A\xf7\x9f\xf1\xfeS6\x0a`\xd9\x83=ND\
\x19g\x9e\xd5\x8c\x18@\xc2J3\x01\x12\x10\xc2\xecW\
\x8cC\xaf\x7f#F\xa6\xa6\xf0\xf87\xef\x00\xa4\x0eb\
v\xbb]\x84a\xa8'\x16\x91\xf3\x06\xa45\x0b\x00\x94\
J%\xf4z=]\x90\x94\xa9\xc8\xac\xae\x1e\x9d\x1e\xbd\
\xb5Uo/\xbc@\xaf@\x8e\xe7\x19b\xbd\x07\xf0\x5c\
\xf1\xf2\x97\xbf\x5c\xd4W\x1b\xffSP \xc2(\xc2\xab\
_\xf9*\x8c\x8c\x8cx\x92\x9fSS\x98\x81\xb3\xf3\x0b\
\xb8\xed\xf6\xdb\xd1i\xb7\x01\xe3i\xbf\xec\xfb\xde\x84\x9b\
>\xf8\xeb\x18\xdd\xb6C\xab\xc3\xd0\xea\xfcd\xb1\x80=\
cUT\xc3\xd0I{\x01 \x00a$$\xec\xae\x06\
\xd8]\x0d0\x12\x12\x02\xe7\x070N5h\xf3a\xa9\
+q\xbc\x99\xa0g\xa85u\xce\xa7\x9a\x89\x92\xc3#\
f\xe4\xdf\x03\xdb\xe4b\xb7\xc7u\x96&\x14\x91q\x04\
\xb2I\x16bSq\xc8\x10\xbfkg\x9f\x87i'\x81\
VW\x221i\xc4\xd6? \xbb\x09\xae\x7f\xfb\x0f\xe3\
\xdd\xbf\xf8\xeb\x88FG\xdd9K\xcb\xcb\xe8\xf6\xba&\
\x8c\xc9\xfe\x80\x00\xe3_\x98\x9a\x9aB\x10\x84\xba\xde \
\xc4\xfe\xb8\xdd\xfd\xb5-{\xb7\x8c|G?r\x8e\x0b\
\x8e\x17\x05\x03\xd8\xbcwk\xf4\xe4\xd1\xa7>\x12A\x8c\
33^\xfd\xaaWc\xfb\xb6\xed\x19\xb9o\x83v\x92\
u\x96\xdcg>\xfb\x0f:\x15\x16Z\xfd\xbe\xfaM\xef\
\xc0\x0d?\xfb\xbf\xa325\xa3\x89_\x10\xc2@`S\
\xa5\x8c\x1d#\x15\x14\x85@@6m\x17\x08\x08\xd8R\
\x11\xb8x4\xc0DAk\x01\x96P\xad\xe0\x0f\x08P\
\x04\x1c\xadwq\xaeg\xb2\xed8\x1dK\x7f\x88E\x04\
\xc3\x15\xae *x\x8d\xd9\xfb\x87\x94\xf89\xdd\x97\x09\
5\x82\xc1\x0a \x01]\x09\xd8\x87\x171\xb0\xfd(\xc5\
h\xf5\xa4\x0eGjG\x01\x02\x11@%\x0aW\xbd\xf1\
f\xbc\xf5?|\x08\x85\xb11\xd8\x9b\x99\x9f\x9f\x872\
\x11\x94\x8c\x99a\x9eD\x14\x86\x98\x9a\x9c\x04A\xe8\xeb\
Izk\xa3\xd6\xf8\xb1\xf3\xff\xa296\x0a^\x14\x0c\
\xa0\xb1\xd2x7'\xea}`\xc6\x8e\x1d;q`\xdf\
\xfe\xec\xec6\xa4\xd2N&\x12\x9f\xfa\xebO\xa5\x0bt\
)\xe0\xc0\x0do\xc0k?\xf0\x8b(\x8d\x8eB\x08S\
H\x83\x08;F\xab\xd8R)!\x22\x82\x80\x00A\x87\
\xcb\x8a\x82\xb0\x7f<\xc4\xd6\x8a\xcd\xe5\x17 \x98H\x80\
\xb0%\xbb\x80\x95X\xe1\xa9Z\x0fq\x86*\xb2AB\
\xed\x8b4\xf9\x02\xca\x9f\x5c\xe4\xb5\x12B\xb75\x7f\xda\
\x86\xd1v\x8co\xf3\xc3mgk\x12\x0a\x013\xc6l\
\x0e_\xc6\x89\x884\xaf@*F\xb3'uB\x92I\
p\x22\x22\xb0\x22\xbc\xe2\xa6w\xe0\xa6\x9f\xfd\x05 \x8c\
\x5c\x88\xf1\xe4\xa9S\xce\x8cIU\x0b{\xd3\x84J\xa5\
\xa2\xb51}5\x01\x85\xff<:5\x92\xe7\x07\xbc\x08\
\xb0\xe1\x19\xc0\xec\x8e\xcd;I\xa9_! D \xf0\
\xa6\x9bn\xea+pam~F\xa7\xd3\xc3m_\xbe\
\x15\xed\xb6^3\x93\x19\x18\xdf\xbe\x03o\xfd\xe5\xdf\x81\
\x88\x8cC\xcfH\xfa=c\xa3\x98.\x14\xb4\x97\x1fB\
\xcf\xd8#\xc2h\xc884\x19b<\x12\x08\x8c\x0f@\
\x87\xfd`f\xf5\xe9\xe8\xc2\xc9F\x82\xd3\xadl1\xdd\
43O\x8f+\xc3\x17\x18k2\x00!l\xfc\xc0\x97\
\xf6\xf6\xb44\x22\x90\x12\xbd\x13\xc8i\xfe\xbf\x8b\x04\x0e\
\xa6vX\xad\xc4\xf5c\xfc\x13\x8d\x9et\xb9\x076\xe1\
II\x85\x1b\xde\xf6^\xbc\xf9\xdf\x7f\x10\xca2QV\
8u\xfadf\x1cY&\x00\xb7H\x0a\x81@\x0a3\
\x04\xfc\x9f\x9bvl*\x0e\xbd\xe1\x1c\x1b\x06\x1b\x9e\x01\
4\x1b\x8d?$\x16{H\x08\xdc\xf8\xda\xd7\xc3J\xab\
\xfe\x04\x1c\x80\xf0\xc0\x03\xf7\xe3\x99gt\x15+fF\
yb\x0a?\xf1\xd1\xbfD\xc2RKH!\x10@`\
\xdf\xe4\x18\xc6\xa3H\xc7\xc5\x0da\x13\x11\xa6\x22\xe0\x8a\
\xa9\x02\x0a\xc2\x8b\xf9\x0b8\xb3\x80\x08\xe82\xf0\xf4j\
\x17\xb5X\xfan\x87\x0c|\xfeDV\x15\x01\x5cbR\
?H\x18&flw\x90\xcdS0\xe7\xf9\xa9\xc4\x9e\
!`5\x16\xdf\x0c\x02<\x22MG\xd4\xb7\xcf\xceL\
$4z\x09$\x90)T\x12\xc7\x127\xbe\xfbG\xf1\
\xda\x1f\x7f?\xd80\x06)%\x16\x97\x16\xbd\x1e3\xff\
!\x0aC\x8c\x8d\x8e\xba\xf6\x9c\xe0\x1d\xedV\xfb\x8dC\
\x1eO\x8e\x0d\x84\x0d\xcd\x006\xed\xda|\xa9\x90\xf8\x17\
\x0c\xc6\xfe}\x07\xb0\xef\xe2}C\x88_\x13\xfb\xe1\xc3\
O\xe1\xdb\x8f>\xe2\xf6\x8d\xccl\xc2\xbb~\xe5w\xc1\
f\xea+\x19\x87\xd7\x9e\xf1\x11\x8c\x88\xc0\x10\xbf\xb1\xf9\
\x85\xc0L\x91p\xe9d\xc1\x11\x95\xd5\x08,\x93 \x02\
Vc\x89#\xab=t\xa4!%\xea'47\xa2\xd4\
7olw\x1d\xb2[\xc3\x04 \x91\xf1\xfc\xa7\xf6\xbf\
\x7f\x8f\x80?\x9b\x10\x04\x04A\xba\x16\xf1@\x9fn$\
\xfe7\xff\xa8\x0dO\x12\x1a=\x05\xc9\xba:\x11\x9b|\
\x878\x96x\xebO\xff\x02\xf6\xddp#\x94\x89\x02\xb4\
\xdam4\x1a\x0dg\x0a\xf4_wdd\x04\xc5b\xd1\
\xf00A,\xd5\x87\xc7f\x8dW1\xc7\x86\xc4\x86e\
\x00S\xdbf\xc6\x9a\xb5\xe6'\x08\x84b\xb1\x88\x97\xbf\
\xec\xe5\xceBv/\xb0y\xf9\xa5T\xb8\xfd\xab_I\
+\xf2\x8a\x107\xfe\xe4\xcfa\xf6\xe0!\xad\xbe\x0b\x81\
P\x08\xec\xa8V1\x1eE^\xa8L\x13\xf9L\x01\xb8\
d\x22\xd2m\x91J\x7fa\xd2i\x09\xc0b'\xc1\xf1\
F\x9c\xb5\xf7=\x95?+\xd8\x87\xe8\x05\xce\x86\x1e\x04\
\x05A\xe6\x94\x01\xe2\x87!~k\xc4\x9b,Dx\xd7\
\xcdJ\xf8TOH}\x8b}\xd7\xb6<\xccD\x15\xda\
\x89NY\xd6\x87\x8c\x86 %\xde\xff\x9b\x7f\x88\xf1\xed\
;\xdd]\xad\xae\xd6\x10'qj\xa2\xf4i;\x13\xe3\
\x13p\xe6\x0f\xd3~\xc1\xe2\x96\xa17\x9dcC`\xc3\
2\x80n\xab\xf3\xe3P|\x15\x08x\xfd\xeb^\x8f\xd1\
j\x15\x86B3`f\xdc\xfe\x95\xdb\xc1J\xba\x98\xc0\
\x8d?\xf2\x13\xd8\xf7\xfa\x9b,\x8f@D\x02[\xab\x15\
L\x95\xb4\xdao\xbb!\x10fJ\x02\x07'\x0b\x99\xd0\
\x9e\x8e\xff\xc3\xb5=\xd3\x8aq\xaa\xa5 U\x1a^\xb3\
\xd9v@vH\xdc\xb7\xe5\xf9\xf3\xd7\xf6\x01\xf8\x93\x92\
\xcc\xa9\xbe\xb3\xcf\xef\x98\x08\x08\x84\xd763\x02\x8f\x0d\
\xb0&\xee~\xc27\x0a\xba\xf3k\xd8H\x8ad\x81\x9e\
\xd4\xf7\xa5\xef]\xe7\x08$\x8a\xf1S\xbf\xfb1p!\
\x02X\x17\x1dYYY\xc9\xf6\xebm\x96JE\x94K\
e\xf7[\xc8D\xfe\xe7\xd1\xa9\x91\xf1\xa17\x9ec\xdd\
\xb1!\x19\xc0\xe6\x83\xdbG!\xf9?\x12\x11\x15\x8b%\
\xec\xd9\xbd\x1767]\x87\xe0\xc8:\xc9q\xfa\xf4\x19\
\x1c9\xf24\x08\xdaV\x1e\xdd\xb2\x1d/\xfb\xd1\x9f\x01\
L>\x7f@\x02\xb3\x95\x22\xa6\x8b\x05\x04&\xec\xa5\xd5\
zM\xfc\xfb\xc7#\x84\xc6\x07\x90I{5\x9fgZ\
\x09N\xb7Uf\xd6\x9dM\xda\x1f*\xd0\xd9#B\xf3\
\xdd\xcaU^\xd3\x07 2\xea\xb4\xaf`\xbb\x05I\xa0\
\xe3\xfc\x8c\xb4\x96\x80\x0e1\xd83\xfa:\xc8l\xb0{\
v\xf6\xde,\xf1\xc38:\x03hs@\x9a\xecE\xab\
\x1dA)Ln\xd9\x89w\xff\xfc/j\x9f\x04\x13\xba\
\xdd\x0e\x9a\xadV\xc6A\xe9x\x0f\x11&&\xc6\x9d\xef\
\x83\x98\xe6\x84\x10y=\xc1\x0d\x8a\x0d\xc9\x00\x9a\x0b\xab\
\x1f\x14\x14\xec \x22\xdcp\xc3k\x016\xeb\xda\x11\xe0\
{\xd7\xbb\xbd\x1e\xee\xfc\xe6]n\xe6\x1c\x88p\xcb\xff\
\xf3\x07\xban\x0fi\xe7\xdaD\xb1\x80-\xe5\x92\x8e\xe3\
\x1b\xe9FD(\x07\x84\xfd\x13\x11\x8a\xc2\x12?\x83\x88\
]\x8c\x9f\xc0X\xe9)\x9cl\xca\x94\xce,\xfa\xd4u\
e2\xf4\xd6B\xaa.\xafm\x02\x10\xb4\xb7=\xe3\xa8\
CZ\x11\x08\x043mX\x99k\x99\x10\x00\xa7\xb4\xa7\
\xaf1\xa4\xff!.S\xf3\xb8\xcc\xfc\x00\xd2\x13\xa0\x88\
\x002\x11\x09g\x06\x11\x04\x13\x0e\xdd\xf46\xec\xbf\xee\
\xd5\xda\x9b\xc1\xd0\xc5R\xa5tWv\xf4\xcf@\xa1P\
@\xa9T\x82\xb5\xd18\xe1\x0fM\xccN\x8c\xad\xfd\x84\
r\xac\x176\x1c\x03\x98\xdc4=\xaeb\xf9\xb3\x00c\
\xdb\xb6\xed\xd8\xb3kW&\x01\xc7\xbe\xbd\xcc\xc0\xbd\xf7\
\xde\x8b\xa5\xc5y\xeb4\xc75\xef\xbc\x05\xe5-\xdb]\
h,\x00a\xe7\xf8\xa8\x09\xf5\xa5\xb3\xf8\x04\x01W\xce\
\x14P\x0a\xac(\xf4r\xe7\x8d\xfa\xdf\x96\x0a\x87Wc\
\xe3\xe9\xe75\x1d_HG\xa6\x8f\xf9cu.8?\
aw\x10B\x04\x1e\x03a\x8f\x88\xd96\x80b\xe8\x0c\
>\xbb\xdb\xf8\x14l\xd3~E`\xad\xe8\x84\x1d\x9d\xc7\
O\x11\x98\xe9\xcb%!P\x0a\x04\x22\x91\xce\xaa\x14\x86\
9\x96J%\xbc\xe9\xa7~\x1eAYW\x10\x8a\xe3X\
;\x04\x87=\x0d\x22\x8c\x8f\x8d\x99\xf0$\x01LSD\
\xe2\xddCo>\xc7\xbab\xc31\x808\xee\xfd;\x02\
\x8d)\xa5p\xdd\xb5\xd7\x99\xb5\xf0\x06\xed\xec8N\xf0\
\xf0#\x0f\x01D`\x05\xcc\xed\xbb\x04\xd7\xff\xc8\xbf\x83\
\x0df\x09\x02v\x8eU\x11\xd8\x14\xd9\x94\xd6\xb1g4\
\xc0H(R\xb5\xdf\x5c@G\x00\x80\x8eTxr%\
%~\xb8\x11<\x071\x9f\xd9\xe7IG>O\x22P\
 \x0cAc\x88(\xd7\xf5\x0c\x12w.e|\x03\xfd\
\x09Q\x99~\xfb\xbfS\xfa\xe9r\x1b\x00\x14\x03BA\
\x10\xca\x01P!`4\xd4\x8c\xc0\x9a\x1cv\x06\xe5\xb6\
\xfd\x97\xe1u\xef\xba\xc5\xb9\x17\x9b\xcd\x06b\xb3HJ\
\xff0J\xa5\x12\x0a\x85\xa2\x8b\xda\xc8$\xf9\xe0\xd4\xd6\
\xa9\xf2\x9a\x83\xcd\xb1.\xd8P\x0c`\xc7\xbe\xddUN\
\xf8}\x00P,\x950;=\xe3\xbd\xc4)\x0123\
\xee\xf8\xc6\x1d\x86`\xf4\xd2]ox\xdf\xcfC\x8c\x8e\
\x19/>0Q,`\xa2\x10yaC-\xe1'#\
\xc2\x9e\xd1\x82s\x02:\xe6`zO\x14\xe3\xc8j\x82\
\x9e\x8b\xb7i\x0c\x0b\xcda\xe0;\xf7\xfd\xd9\xdd<\xa4\
m\x0a!\x02g\x8f\xf77\x91\xcc\x88\x95t>\x8f5\
;Ycw\xb6\x01\xb9MW\xc6\x9c\x18R&(\x87\
\x84r\xa0\xa79W\x02\x81\xc9B\x88\x90\x84{66\
)\xea\x95\xef\xfcaLl\xd9\xae\x0b\xadH\x89f\xa3\
\x01\xab\xb5\xf43\x9c\xb1\xb1Q\xeb\x16\x00$\xf6\xca\x98\
\xaf\x7f\xb6Q\xe6\xb8\xb0\xd8P\x0c\xe0\xdc\xf2\xf2\xdb\xc0\
t1\x00\xbc\xf657\xe8\x9d\xe4\x11>4\x11,/\
/\xe3\xa9'\x9et1\xf0M\x97\x5c\x81\xb9\xab\xae\xd5\
\xf6\xbd \x14\x82\x00\x9b+eXE\xd6\xbe\xc4EA\
\xd8?Q@\x80!\x094F\xd5=\xba\x1a\xa3\x1e\xa7\
\xce:\xdf\x91\xee\xab\xf5\xbe\xed\x9b\xdd?D\x22S\xca\
\xb8\x86A\x84\xa1\x1f\xafs\x7f\x12@WJ\xa7A\xe8\
\xfbM\xfb\x1f\xaa~{\xdbvl\x8e\xd9e\xbe\xa7\x7f\
\xbaZ\xb0B9\xd0\xcf(\x22\xa0$\x08\x13\x91I\x83\
6\x13\x8c\x04\x01\x13[\xb6\xe2\xf5\xef\xf9\xd7\x8e!5\
[M\xa7\x05\xf4\xa3R.#\x0c#\xcb\x1c\x88\xa5|\
\xff\xd6\xbd[6\xd4;\xf7\xbd\x8e\x0d\xf5c\xa8X\xfe\
<\x11c|b\x02\xbbw\xed\xc9\xda\xfe\x06\x0c\xe0\x81\
\x07\x1f\x802\xb5qE\x10\xe1\xad\xbf\xf0\x7f\x80\xa1\x5c\
\x18o\xdbH\x15e\x11\xb8\x88\x81\x8d\xed\xef\x1d\x0b1\
^\x10\xae\xdf\x80\xac\x8a\xcf f,v\x14\x16\xbb\xc3\
-u;\xa5v L\xe0F\xa5\xf7\xf9\xcbs\xa7\x87\
\xadG_a\x18\xd9\x0a\xe1-\xd6a\x0e+\x02\xdaI\
\x0cu\x1e2wv\x7fFS\xe9o\xe5\xed7\xed\xf4\
\xe2\x22\xa93\x85\xc0\xa8w\x13\x04\x01!\x14\xfa/\x00\
0\x16\x05(\xd9\xd9\x85&o\x82\x98q\xd5\xf7\xbf\x19\
\x9b\xf6\xec\x07A\xe7\x0a4\x9bM\x0c\xf3p\x10\xe9y\
\x02v~#+\xbe\xb9\xbeZ\xdf9\xe4\x86r\xac\x13\
6\x0c\x03\xa8L\x8e\x1c\x02\xe3J\x06p\xe5\x15W\xa2\
\xe0\x16\xb8\xd4\xb0R0\x91\x12G\x8e\x1c\x01\x99\x17w\
\xf7+_\x87\xea\xee\xfd \xd6R\xbd,\x04\xa6\x0a\x91\
\x17\xe7\xd6/b)\x00vT\x83\x8c\xe4\x03RM@\
2p\xb8\xd6\x83K\xb4\xb7D2\xa0\xbd\xa7\x12zp\
\xca\xaf]5 \xab'du\x86A\x90\x10\xb0^@\
C*h'\x09\x12\x95N\x06\x02\xd2\xfa\x02\x83==\
w?\x80\x8e\x1aX/\x22\x5cecE\x84z\xact\
\xe90\xc3H\x03\x00\x13\x85\xc0s\x1c\xea\xeaH\x95\x89\
I\xbc\xe6\x1d\xefq\x89C\xcdV+M\xc2\xeaC\xb5\
Z\x85\xaeLD F\x15\x8a\xde\xbc\xe6`s\x5cp\
l\x18\x06\xa0\xa4\xfaQ\x22\x0a\x99\x19\x07\xf7\x1f\x040\
\xe8Xb\x00\x0f?\xf2\x90[\xb2JA\xe0\x9a\x1f\xfa\
q0)W\xb9g\xebH\x15\x04S\x89\x176\x87\x9f\
p`\xa2\x90\xf1\xf4\xeb\x0b\xa4\xcc\xe0h=\x86\xec\x8b\
\xe51\xe0r\xe4\xed\xf7\xc1\x11Y\xc9\xb7\x16\x11j\x8d\
\x80\x19`5\x9c\x05\x88 J\x052\x01m)\xd15\
\xcb\x92\x99\x92[\xf0\x83ykX\x12\xcf\x09\x19\x9d\x8a\
\xfc9\x06\xc0r\xa7\x971\x1b@@9\x08P\x0cD\
j*\x10A\x88\x00\x97\xdc\xf0\x06\x8co\xde\x0a\x00\x90\
I\x8cv\xbb\x0d\xf7,\xbc\xf1\x15\xa2\x08\xa5R\x01.\
\x13\x81\xf1\x9eM\xbb6G\xdf\xf9\x1d\xe4x>\xb1!\
\x18\xc0\xae}\xfb\x02(\xfc+\x01`zz\x1aa\x18\
\x0eh\xda\xda\xf3\x1f\xe3\x91\x87\x1f\x01L\xf8k\xd3\xc1\
\xcb0{\xc9!\x90b\x08\x22\x8cG\x05\x8c\x17\x22+\
\xab\xb4\xcdL\xc0D\x81\xb0\xa9\x1c\xc0'\xd2\xd4\xf1\xc7\
X\xe9&Xh\xc9\x01\xe9\xedo\x0fu\xf2\x0f\xec\xf1\
\x98@\x7f\x06\xdey\x02\x08i\xe9.\xa0\xcb\x0a-c\
\xf7;\xed\x83\xbc/\xdf\x05\xd2G\xea\x9b\x02H\x0b\x86\
\x10a%N2Y\x82\x02\x8c\xc9B\xe0\xd8\x8fu\x9c\
Vf6\xe1\x9a7\xbd\xcd\xd5\x14h\xba9\x02\x83#\
\xadT*\xe9\x93QxE\xaf\xdd\xba\xe8\xbb\xbe\x99\x1c\
\xcf\x0b6\x04\x03\xa8\xd5\x96v\x0b\xa2\xad\x0a\x8c\x83\x07\
/\xc9J)8\xed\x18'O\x9d2\xf6\xa6\xa6\xaf\x1b\
~\xec\xa7\xcc\xfc~]\xf5v\xaeR2\x859\xc9\xfa\
\xf5\x10@`\xefX\x94\x86\xc0\xfa$5\x038Z\x97\
\xf0\x83l\xf6\x9a)\xf1g\xd9\x00\x01.9'\xbb\xdf\
\xca\xcf>\x9b\x9c<\xb5{\x08Hh\x09+\xc1X\xed\
\xc5\xe8W\x14h\xedS\xd7D\xe6.9u\xf6\xd9u\
\x03\xfaGd\xa3\x1cK\x9dt=Ak>\x95\x03\x81\
b`\x92\x88\x8d\xc9\x14\x92\xc0\xe5\xaf\xfd\x01\x84\xa52\
\x94b\xbdL\x99\x0d\x09\xda\x1b7\x7f\xa5b\xc9q@\
\x22\x94\xe3X}\xdf?\xefnr\xbcP\xd8\x10\x0c \
\xee\xf6~\xdcN\xf2\xbdx\xef\xc5\xde\x11\x8f\x090\xf0\
\xd0\xc3\x0f\xba\x19u\x93;va\xfb\xd5\xaf\xd0\xea>\
\x01%\x11`\xa4\xcfo@ L\x14\x81\xa9\x22\xa1\x8f\
$l\xaf8\xd7Sh$)u\x91G\xf9\xe9\x84\xdc\
\xfe\xb3\xd2\x8d\xd4\xea\xb7^\xfel4\xc0^\xd5M\x05\
\x1eB\xc8B\x080\x01\xab\xbd\x18\xd2\xd7\xc9\x89\x06\x9b\
\xb3\xd5\x18\xd6`&\xc3\xc6jn\x89\xac\x83\xd2\xda6\
\xee\x1et#f \x01\xd0V\xec\x82/\x04\xfd\x92\x8c\
\x15\xc2\x8c\x1a\x13\x04\x023\xbb/\xc2\x9e+_\x01\x80\
t\xa5\xa1Vkp\x5c\x04\xaf\xb6 \x81\x98\x08\x8ao\
\xde\xb9g\xe7yt\xa2\x1c\x17\x0a\xeb\xce\x006_\xbc\
\xbd\xa0\x14\xff\x10HO'\xd5k\xd5\x0d\xfa\xb2\x89\x08\
\xa7N\x9e\x82u\xbe]~\xf3\xbb\xa0\xc2\x02\x00\x93\xd7\
_.\xe9\xfa|\x80\xc9c\xd7\xe7\xec\x9b(\x9a\xc96\
\xd9\x02b\x80N\xe1=\xba\x1a{\x8e?\xbb\xb2\x0eg\
\xc8\xd7Wl\x07'\xd5\x9dO4\x9b*?\x9c:1\
\x87\x81\x09h)\x85V\xa2\xb2\xfd3\xc3\x05\xef<S\
\xc8\x7f.\xd9-\xf47\xb2v\xb7\xe9\xc5\xfa\x13\xd2\xa2\
\xa2\xfe:\x86T\xc9\x1b\x94\x00\x00 \x00IDAT\
\x80\xfe\xbe\xd0\x89\xd3\xf6\xa6\xffj(\x10Y\x9b\xc1\x98\
W\x22\x0aq\xed\xcd\xefp\x97k\xb5[C\x9f\x06\x01\
fEb\xad\x81\x10\x8bWp\xc8\x95\xa1\x0f#\xc7\x05\
\xc5\xba3\x80^\xa3\xb3\x83\x98.&0.\xbex\xdf\
\x9a\xb6\xf23't\xa1\x0f0\x80 \xc4\xa5ox\x93\
!/BA\x08L\x15\x0b\xeef\xac\xdc\x1c\x89\x80\x91\
\x88\x86\x90\xbe\xc6JWa\xb57$4\xc7YB\xa7\
!o\xb5]\xa0\xa3\x1f\x19B\xf7\xac\x04V<\xc8=\
\x0c$\x08+\xbdx\x0d}\xc3\x0e\xc8\x8c\xc5\xdbK\xfe\
\xf1>\x10\xf71\x06\xeb\xfd'\x7f\x18\xeci1i\xa5\
\xa1z,u\xa90\xeb\x09$ \x00\xa3\x12\xa65\x0d\
\x09z\x1e\xc1\xf6+\xafAT\xd5\xe5\xc0zq\xac5\
\x9d\xfe\x11\x11i\xc6n5\x10\x12\xb3\x8d\xd5\xfa\xa5k\
\xden\x8e\x0b\x86\xf5g\x00\xbd\xeek\x88\x10\x02\x84=\
{\xf6\x0cy\xcd\xf5{\xf3\xc4\xe3\x8f\xbb\xdc\xf7\xb1-\
[Q\x9c\x9auv\xf8X\xa1\x88\xc8M\xe8\x01\xecD\
\x96-\xd5h\xcd\xba\xe7\xcc\x8cg\xec\xba\x96)\xbd\x0e\
\xf7\xe8\xf7G#\xbc\xf6\xe9>\x9f|\xd3\xb0\xa0\x95\xae\
\x04ZS\x03hK]\x9f\xef<\x97\x1c\xd87\xf4\xb8\
\xb9\x81L\xb4`\xf8\xec\xa0t\xc3X\x13\xe9\x22#\x80\
\x04\xd0P\xb6\xe2\x90u\x06\x02\xa3\x85\x00\xc2VG\x81\
.\xa4R\x99\x9c\xc2\x8eK\x0f\x99\xde\x08\x1d\xb3\xe6A\
\xff\xf8\x02k\x02\x00 0)\xc57\x0d}\x189.\
(\xd6\x9d\x01\xb0\xe4\xb7\x10\x01A\x18bzz\x862\
\xaf\x8e\xd5?\x89p\xfc\xf8q\xeb\xc9\xc2\xe57\xbdM\
\x13\x95\x99\xc43[.f\x93[\xa0\xe7\xcco*\x09\
\x0c\xbe\x8aZ\xcd\xef*`\xb9;|z\xae_}\xd7\
\xa9\xc8\xf0\x09\x7f\x0dU~\x88\x83\xd1\x1a\x11\x8a\x19\xfe\
\xe2\x9e>\x92\xbe\xf3,\x99P\x9fC\xd1\x7f,\xce\xb8\
\xf7\xae2\xec\xda}\xeeH/Q\xc9_[\x00\xa9k\
\xc0\xdc\xec\xb9N\x9c\xfa\x01\x8c9U\x12z\xce\x80\xfd\
M\x88t)\xb0k\xde\xfa.\xe7Xl6[N\xd3\
\xf0G,\x00\x04A\xe0R\xb3U\xa2\xfe\xe5\xc0\xa0s\
\x5cp\xac+\x03\xd8upW\x81Y\xe7\x87OL\x8c\
#\x0aC}\xc0\x0a\x19\xe8\x17\xb2\xd5j\xa2\xd3\xedj\
\xe9V\x88\xb0\xff\x867B\x18r\x8b\x88P\x0eC=\
\x95\x97l\x04\x800\x1e\xe9\x19n\xfd\xb0\x04q\xba\x99\
\xd8K\x0d=\x9e\xee\xe0\x81\xa3\xc3\xc9\xd8\x98\x1e}\xda\
A\xea \x5c[\xc1w\xf1\xca\xcc\xb9}W\xf1\x06\x9a\
\xf2\xba\xb5\xfc\x0f\xec\x08z\xf8a\x9b\xc4\x942\x05\xb6\
\xfa\xbf\xd9\xbb\x1aK\xc7\x7fmq\x94\x00\xd0\x93\xa8\xbc\
A\x09A\xd8\xfb\xb2\xeb\x01\x11\x82\x19\xe8t:\x9a\xbd\
x|\xc92\xa2B\xa1\xe0\x98$1v\xec\xb9|\xcf\
\xba\x0b\xa0\xefu\xac\xeb\x0f\xd0\xe9t\xa6\x89i\x1b\x01\
\xd8\xbdk\x0fg\x0arxo\xcf\x13O<\x01+_\
\xc76m\xc5\xe8\x96\xed\x00\xf4\xe0'\x0a\xa5\xd4\xbbm\
TZA\xc0\x96\xaa\x8d\x08\xf8\x96\xb2~\xc1\x13\xc58\
\xd3J\x00\x8f(\xfd\xa9\xb5\xc3\x15l\xd3\xce\xac\x9f\x95\
!\xaeaE>\xbcc\x8e\x16\xd6\xcc\xe0yV6\xd4\
\xb7k\xc0\xca\x1e\xec\xb1\xef0\xf5\x1f\xa4\xb4\x17\xa7\x09\
X\x07!\xeb\xa9\xc7]vE\xca\x01\xe8\xe7Z\x8d\x84\
WUI\xff+ML\x80\x0b\x05s\xbbz\x09\xf6\xfe\
\xf1\x11\x08\xd5j5\xbd\x03\x85\x89f\xbdV:\xefM\
\xe4x\xc1\xb1\xae\x0c\xa0Y\xef\x5c\x01\xe8\xc8\xdb\xd6\xad\
[\xbd#\xe4>\x19\xc0\xf1\x13\xc7\x1d!m\xbf\xea\xe5\
\xae\x80\x86 \x81\xc9R\x01p/\xaa\xd5\x0a\x80\xc9\xc2\
\xe0J\xc1\x1a\x8c\xd5\x1e\xa3\x9d5\xff\xd3\xa3\xec-\xbe\
\x915\xf2\xd7\x14\xba\xfd\xd2\xbe\xff\xdb\xb3\xc6\xbb\x88\x86\
\xb4Z\xcbu\xd9/\xfc\xd3\xf0\xc0P\x96\xe0\x0e\xf7\xb9\
\x0c\xb9\x7f\xb4^\xc1Q\xd6\xab\x107b\xe5\xd4\x7f;\
u\xb8\xe4\xd6C4\x92\x9c\x08\x09\x13\xa6w\xa7\xb9=\
q\x92x\x17Jo\xb1P\x88\x1c\x13&@\xc8.\xed\
\x1fz\x839.\x18\xd6\x95\x01\xc8$y\x15H\xcf\x93\
\x9f\x9d\x9b\x1bl`<\xd6g\xcf\xce\xc3\xc6\xc4w\xbd\
\xe2UF\xdd\xd7\x851\xabQ\xe0f\x05\xda\xf4\xbe\xd1\
\xc8\xd8\xaaC\x08H1c\xbe\x9d\xc0\x92\x04!\xab\xce\
\x9f_\xae\x0e\x97\xbd\xe4\x1f\xb4\x9b\x9e\x8a\xad\x9dlk\
\x19\x0e\xc6A\x98\xe9(\xb5\xd1\x87\x83\xd6`\x1a\xc3\xfb\
\xb6=\xfa\xadS\xd3\xc4\xbf#o!\x12f\xd4\x13\xe9\
\xb1b\xbd\x15\x12\xa3`L+[59$\xc2\xc1\xeb\
_\xe3\xae\x90\xf4\xcd\x0e\xb4\xcc4\x08B\x1d\x925\x83\
\x89{\xbd|z\xf0:c]\x19\x80R\xea:\xb0\x9e\
\x0f_*Zm0k\xec\xc6q\x0fI\xa2c\xf5\x14\
\x84\xd8t\xe0r\xdd\x8a\x80b\x10\xa4\xaa\xae\x9b9H\
\x98*\x85)SH\xbbrRo\xb9#\xd3\x17\xdfH\
\xbc\x01y=\x94\xfale\xa0\xb5\x8e\x0f\xd1(\xdc\xc6\
\xb0%;\xcc\x15E\x1a\xc0\x04\xfb$\xeb\xb59_.\
1\xbb\xb3\x9fm\x14\xee\xab\xcd\x0f\xb0Gm\x94R\x99\
m\xc5@3V&4iK\xa5\xe9\xb1UM8\xd0\
\xe6\x12\x11\x11\xb6_r\xb93\xdf:\xddnjR\xa5\
\x0f@3\xed\xc0:f\x09\xcc|\xf9\xdc\x9e\xd9g\xe7\
b9^0\xac\xaf\x13F\xf1+\x09\xd0\xd2\x9f9C\
yV.\x9d:u\xca9\xa9\x82J\x15\xd5\x99M\x00\
\xf4K7j2\xff|\xa73\x110V\xb0\xb7\xe5\xa7\
\xbb\xeaF\xed\x84u\xb1\x8f!\x14\xec\xbd\xab\x19\xfbx\
\xe0\xb8\xffm\xa8\x93\xb0\xef\x5c\xe3\x05[+\x0c\xe8{\
<\x07\x0d\x81l\xdfYm\x83\xd1\xaf\xca\xeb6\xfd,\
\x84\xcc)i[\x06\x1b\xbfcj\xea8\xd3\x07\x9a\x11\
\xf4\xa46\x0b\xb2\x95\x13\x08\xe5(-\x14\xc2F\x1b\x99\
\xdb}\x11D\xa1\x08\x804\xc3\x1e\xb8\xa2\x86^\x05\xc9\
<'\x85\xfdc\x07\xf3\x82\xc1\xeb\x89uc\x00#\x9b\
\xc6GIP\xc0\x00&''\xd3\xf7\xb8\xef\x8d\x99?\
;\xef\xd4\xd7\xb1M\x9b\xbd\x11\x13*a\xe4Io\xfd\
)\x08\xba\xd6\x9f{i=\x16\xc0@=V\xae\xbe~\
\x9a\x99\xab\xbf\xb8\x058\xa9\xcf,0\x83Ks\xf4\x19\
\xc3\xe5\xad\x17\xba\xc8\x5c\x9a\xce\x1b\x05H5\x00d\x8a\
\x8bf\xb5\x98\xf3\xf8\x03\xd6\xc0\x00k\x18tx\xf8\xca\
\xbf\xe3)\xf6\xf9\xc4\xcc\xa9\xef\x80R3\xa2 l\x19\
5r&Tad\x14Q\xa5\xaa\xa7l'\xb2\xff2\
N\x03\x0b\x02\xe1\xe7'lo<\xda(\x9c\xe7\x16r\
\xbc\xc0X7\x06@\x8a\xe6\xf4\xd2\x1b\xc0\xd8\xd8\xd8\x9a\
\xe6\xeeJm\xc5\x9e\x81\xb9\xbd\xfba\xc3|D@1\
tS\x7f\xdc\x8b\x1c\x11P\xb0\x93\xdc\xfb\xc0\x00\xea\xf1\
`\x81Nk\x7fg\xe8;\xd3\x83\xbf\x95F\x1b\xfa\xfb\
>\xaf\xc6@\x18H\xf6q\x87\xc8\xce\x84 \x13\xd1\xc8\
v\x90\xda\xe1Cn\xe8<,\xc0\x7f.\xfd\xe3\xf1\xc7\
\xea|\xf6\xc6\x04\xb0\xc7%\x03=\xa5\xd2\xf0\xaa\xb9V\
\x84\x94a\xb0\xf1\xcd\x04\x95*\x8a\xe3\x93\x00\x00\x99)\
\x7f\xee\x99Z\xd0~\x007\x06\xc6\xe6^\xa7\xb3V\xae\
V\x8e\x0b\x80\xf54\x01\xaa\x04\x94\x08\x8c\xd1\x91\xb5\x97\
\x93\xd7\x13L\xf4\xab7\xbbw\x9f\xf6\xf4\xb3\x9e\x8d\x16\
Z:t3\xcd\xb4\xf3O\x983\xb2^t-\xe5\x1b\
\xb1\xca\x108{\xda\x80}W\xfd \x96e\x14*#\
-\x87\xe0\xbc\x93\xf4\xf5\xb9\xb1\x5cC\x0b\xa0\xd4d\x19\
F\xd0v:\xb0\xbd\xc2Z$\xaf\xcf\x1ed[V\xcb\
\xf1s+\x06Nd\xef^\x01\xa7\x0d\xf5<\xb3\xc4E\
\x04\xa0\xab)\xf9\x8cS\x14B\x8c\xcdn\x023C*\
\x99y^>\x82 e\xda\x04LV\xc7G\xcf\x93 \
\x91\xe3\x85F\xf8\xecM^\x18\x10\xa3\x02@0\x03\xa3\
c\xc3\xed@\x06\xdcJ\xbf\x0a\xc0\xd6}\xfb\x8d3\x0a\
(\x04A\x86\x10\x08@\xdc\xeb\xa1H\x12\x8d\xa6t\xd5\
\x84u?\xfa\x0dO\x14\xe3\xdcj\x07\xdd$+\x95l\
\xff6\xbf?\xadvomd\x1d\x16\xb3%:t\x0a\
r6\xb5\x97\x8d\xba\xec\xef\xb3\x12_\x81\xd1\xe8\xb6!\
\x95\x1a\xca=X&\x90\x9d\xb6\xa9r\x94-R\x0a2\
z\x12\x9b\x85:`>\xfb\xb4\x03\x17\x96\x03\xc3\x0f\x80\
\x92\xf1\xd4K\xa4\xc4k\xe7\xfb\xdb`\x82\x8b\xe9Sz\
\x0d]\xf8\x03h\xb6\x08\xa3\x11!\x08#\x04fY5\
A\xda\xf3\xdf5\xcf\x89\x88@\x1c`tfVwj\
g\x13\xba\xdc\xff\xf4\xf7\xb4\xcb\xab\x9b\xc7\x9f$\xdd^\
\x15@g\xf0\xa9\xe4\xb8\x10X7\x06 Y\xee\x223\
?]\x9b\x00\xec\xe9\xd5\xa9\xed\xd9j\xb6\xb4\xd4'\x81\
\xf2\xc8\x04l\xf2\x89\x8b\x00\x90\x9ej{\xfc\xf0\x13x\
\xec\xde\xbbQ\xee,c4\x0aL\xa5\xdd,\xbdIf\
\x1c\xa9'`V\x99D\x19_\x1d\xeeW\xe5]^@\
\x1f\xe1\xae\xa9Z{\xd9t\xbeZ}\xba^Gw\xb5\
\x86ar\xf1\xd4\xbd\xdf@\xb7v\x0e\x22\x8c\x06\xd4}\
\xafV\x88\x83&\xb8\x81n\x5c\xbb,cL\x19\x8a\xeb\
\xa7\xcf\x8aq\xd7\xf0\x22)v\xdf\x13\xa5\x10\x13\x85\x10\
\xd5\x91\x11\x1c8t%\xf6_v\x08Q\xa9\x84@\x10\
H\xea\xa2`\xd6\xe2\x12\xc5\xb2\xd7a\xbf\x9e\xa2\x07\x1c\
\x08o\xe1\x11f\xeau\x92\xbc:\xd0:b\xdd\x18\x80\
R\xf2\x22a\x94u]\x14s\x88\xeaklI\x06\x01\
A\x00Q*\xbbpT\xc1\x14\xd1 \x02\xe6O\x1c\xc7\
\xdf\xfe\xf1\xef\xe3\xeb\x9f\xff{4\x9c\xcf`c\xc1:\
\xc1\x86\xe1\xf0m\x9f\xc3\xe1\xdb>wA\xc7c\xf1\x5c\
cp\xa5r\x05/{\xe5\xab\xf1c?\xf3\xefq\xc5\
\xb5\xd7! S\x5c\xd5\xad\xbb\xc0(\x8d\x8e\xb9>\x95\
\x92\x10A\xdf\xebe&o\xb9\xaf\xe0\xa0\xd7k\x9f\xcf\
v\xca\xf1\x02c\xfdL\x00`\x0e\x00\xc20\x82\x94\x92\
\xfa-X\x06\xa3\xdd\xe9\xe8u\xf3\x8c(-\x94\xabN\
\xe2XG?3\xe3\xcb\x7f\xff)|\xeds\x9fFs\
\xb5\xb6.\xf7\xf2]\xe3\xbc\xfe\x83\x17\xf8\xd2\xcf\xb1]\
\xbb\xd5\xc4\xd7o\xfd\x22\x8a\xa5\x12\xf6\x1e8\x08\xaaL\
\x82\xe1\x9b+\x84\xb2\xab\xe5@kwl\xd4)\xed{\
\xa1\x98\x81I\x00g\x9f\x87[\xc9\xf1\x1d`]\x9c\x80\
{/?@~\x90+\x08\x82\x81\xcc9\xc0T\xd1Q\
\xbaV\x1fA/aek\xd2E\xa6\xc8\x07+\x85\xfb\
\xbez+\xba\xc6Y\x98\xe3\x85\x033\xe3\x9e\xaf\x7f\x0d\
\xadf\x03\x92U*\xcc\xcd\xef%\x934\x86@\xc3l\
\x17\xa4\xe6\x86>\xc4\x0cB\x1e\x06\x5cG\xac\x0b\x03(\
T\x08\x82E\x81\x98 e\x82(\xd4f`Fh0\
\x10E!\xe2$\xf1\xe2\xf5\xda\x01%\xa0k\xd7[\x8b\
uv\xeb\x0e\xbd\xb8F\x8e\x17\x1cs\x9b\xb7\xa0\x90.\
\xf6\xe1^ f\xa4NN\xa3\x16\x0c\xcb^\xccD9\
\x09A\x18\x85/R\xb5\xed\xa5\x81ua\x00\x8f}\xf3\
1f\xe2X\xbf$\x22\xad)\xdf\xefhc[\x12K\
k\x03A\xb1h\xd4MN\x8f\x0b\x81\xef{\xe7{\xb0\
s\xdf\x01\x84a\xeeOz\xa1@D\x98\xdb\xb2\x15o\
\xbf\xe5\xc70:5\xa5\x0b\x83\xe8#.R\x12\xb0t\
\xc9\x07\x82\x86\xbfZR\xe9\xdf\xda0t\x11EQ\xf7\
\x02\x0c?\xc7\x1aX7\xb1)\x04\xb5X\xfa%5\x81\
~}Q\xda\x051\x09\x80b]Wn\x88\xd7\xea\xf2\
\xeb_\x83\xb7\xfd\xc4O\xe3\xa1;nC\xd4\xa9\xbb%\
\xc0\x81,Oi&\x8cVb\xa2\xfcYkc`\xdb\
}\xe7\xe1\xe6,\x0f\xfc?\xd8I\x8fY\x97\xd7\x02\xa0\
\x92\x18g\x1f\xf8\x16\xe2\xf6`\xe1\xcc\xb9\x83W\xa2<\
5\xed2\x02\xfboq\xd8\x0aIk\xa1?4:\xb4\
\xbf\xcc\x7fV\xb7\xca&7\xd9\xc3\xa3Q\x80j\x10\xa0\
T)\xe3\xd2\xab^\x867\xff\xcb\xf7\xa0R\xad\x82\xeb\
=\xc7\x8c\x85\xb1\xeb\x9b\xb5\x9a\x1d\xf0\xf0\xb9\x0bD\x8e\
\xd9\xeb\xd4\x06N\xa4\x8as'\xe0:b\xdd\x18\x00+\
E\xc6\x0a\xccT\xda\xf1\x93wB\xcf\x8b\x1c\x14\x0ah\
\xad\xac\xa02=\xa3\xdbr\xaa\x05\x04A\x88\xd7\xbd\xfd\
\xddx\xe5\xebn\xc4\x81b\x0f\xa1\x10\x10\x04\xb0\xf7\x82\
3\x80c\xf5\x18'\x1a\x12pS\x5c\xb2D\xce\x94&\
\xc00\x00\xa5\x13\xe1\xcd\xf8(\xb3L\x97\x9f\xde\xea\x87\
\x0d\xfd\xac\x96GW\x9a\xa8K=\x8a^\xa3\x8e[\x7f\
\xe9g\x91tZY\x9f\x1f\x11\x0e\xdc\xfcC\xd8z\xd5\
u\x08\xc2 C\xeci.\x00\xe0\xc7I\xfc\x1a\xfdY\
\xf6i\xf3\x14)s\xbe\xbf\x00*\xc0\x80\xfbN\xf0\x0b\
\xa0\xa69\x02\xe9\xba\x0a\x07&J\xd8R\x8aP\xa9V\
19=\x8d \x0c\xa1@:\xaf\xc0\x7f\x16\x0c\x9c}\
\xe6\xa8\xfe\xad\x02\xe1B\x81v\xfc\xdad0\xce\xbft\
\xa7\x84\xa2<\x07`\x1d\xb1~a@@Z-\xb2\xd5\
n\xa2X(j\xb7\xa0I\xb2\xb1\x99ka\x18\x22\xee\
\xf5\xc0\x8a\xd1n6\x1d\x03H8mk\xcd\xce\xd1\x99\
9\x1c\xd8VA6E(%\xce\xa0\xdeC\xb2\x92\x80\
Xe*\xd6\xd82Y\x9a\x90m\xf9.\xca\xa4\xc5\xea\
1\xdb\x9c\x00/\xd6\x9f\xd9N\x19JL\x8c\xa0\x5c\xc3\
\xb8\xb1\xb2\xba\xb5s\x10\xa6.^\xbf\xd7\x7fd\xd3\x16\
\x8co\xdb\x85\xa0\x10\x1a\xe2M\xab\x1be\x13\x83\xfc\x84\
\x5cd\xb6\x80\x94\x01\x98u| \xcc\x16\x01\xb0\xb3p\
m\xf2\x04y\xcf\x98\xc8\x9e\x932\x0b@'\x05\xed\x99\
\xadb\xae\xa0\x19\x93\xcd\xce\xf0'\x10\x11\xa0\xd7id\
Fge\x11\x80.\x13f\x99\xc9\xc0\xef.myt\
\xdd\x0b\x09\x1a\xbe\xb2h\x8e\x0b\x82uK\x05\x16\x10\xf3\
\x0c\xfd\xe2\xb5\xcc\xe2\x92\x0e\x9c\x12Z\x14\x99\x95se\
\x82v\xb3\xae\x0f\x03H\x94L\x93v\x8c\x04\x92\x9c]\
K\xcf\xc2\xbe\x87\x01\x11\xd8\x97\xe3\x9c\x12\xbf\xfe\xba\x16\
\xf1\xb3#~d\xf6#3\x06\xff\xd8b7\x01?\xc7\
\xc7+\xfc\xe9\xc0H\xc7\x93\x19\xfc\xc0\x1d\xf5\x13\x7f\x7f\
\x8bT\xfb\xc9\x8el\x98\x91\xd0\xdf&E\xd5+\x01f\
?\x15(S\x15Y1\xa0d\x0c\x15\xebB A\x10\
\x0eR\xbf\xd6\xf9\x91H\xbf\x02\x22\xad`\xbdg\xa4~\
\x8fc\xfd\x1e>\xf1<\xb1&u\xbb\xdaO\x06\xac\xc3\
\x83\x22\xb0\x99c@\xe3\xec\x19wX\xaa4[\xb0\x9f\
\x11\xf8\xfb\xf4\xb6&\xe8H\x080{u\xfa\xf5@\x9c\
\xe4\xb7\xe7\xa7\xf3\x0b\xe1\xcc\x017,/\xc7]\xf9\xd2\
\xdf\x065\x19`\x01\xcc\xb7z\xfe\xad\xd8\x93\x87N\x09\
&\x91\x16\xcbLGD}'\xf7=\x9c!\xa0\x81\xe3\
V\xaa\xdb]~|\xbe\xdf\xff2\xd8\x8bbF9$\
\xaf\xbd\x865\xa2l!V\xc5\x0c\xd9\x8b\xd1]]\x01\
\x88\x10E\xa13+\xd0\xf7\x99\x18&a\xea14#\
\x11\xe5\x1a\xc0:b\xdd\x18\x00\x03\x8bV\x88\xac\xae\xd6\
\xc8Jc\x9f>\x88\x04\x8a\xc5\xa2\x11\x8c\x8cv\xed\x1c\
\xecK\xdc\x93Z&[k\x9e\xd9\xe4\xbb\x0b\xea\xbf\x8e\
#\xe1\x92\xa9\x13\xe0W\xfduj?\xcc$\x18\xb2\x0c\
\x01\xde\xff\xfe?\xd3o\x9f\xea\xef\xfc\x08\xa6\xafZ\x9c\
d4\x8d\xf3\x81\x02\x7fB\x1c!K\xa8H\x89\x17\xc3\
e\xb6\xdfl\x98\xf1\xe3\xff\xef\x1f\x19\xa6\xd1\xb8\x1b!\
`$$\xed\xe0\xa3,)\xf7OjR\x0c\xb0L\xd0\
\xa9-\x03\x00\x0a\x85\xa2gJ\xa4\xe3\xd6s*\x8c\x06\
&\x08\x12*9s|>\x8f\x02\xac#\xd6\x8f\x010\
\x1fcfbf4\x9aMo\x1e|\xfa*\x12\x11\xca\
\xe5\x8a3\xae\x17O\x1es3\xf5bo\x01\x0a+\xd1\
\x15\xc3\xad\xae\xc3\xc6\x22V\xceW\xadg\x1e\xf5\x13\xbf\
U\xed\x9d4\xef\xab/\xd0?\xe1'e\x07\xd9\xd1\xb2\
\xfb\x8f\xb0\xd2\x93\xf0\xdd\x99\x83\x0a{\x16B\x04Ne\
v\xed\x064u\x9f\x8c\xcf\xd7\x9b\x7f5\x1a\xf8\x7fh\
\x0f\xdc\xcf\x5c\xb4\xb4\x1f/\x86\xde>r\x1f\xe9\x0aF\
\xfaI(\xc5X9s\x0ad&\x01EQ6\x1c\xeb\
L\x07\x95-\xc3N\x82\x8e\x9d\xe7Fr\x5c\x00\xac\x1b\
\x03(\x95\x8a\x8bD\xe8\x00\x84\xe5\xe5edd\x90\x13\
\xa96\xf4\xa7=Ug\x0f?\xae\xd5Mf\xc4Je\
k\xf6\x1b\xa2\x5c\x8d\x15\x12\x10\x12\xa4\xb3\xfa\xfak\xd4\
\xa6R\x5c\xff)\xc30\xec\x14\xd6\xac\xf9`\xda(\xc0\
\x99\x0b\x9e\x99\x01s\xae=A\x81\xb1\xd0\xee\x99c)\
\xb1\x9d/\xdb\xd7\x15\x04\xe9\xeb7\xeb\xee\xf3l\xfa5\
\xe8\x9f8K\xe4v[wu~5$\xc32\xcc\x97\
\x99\x92WY\x99R\xb3\xbe\x99H\xf7`\xa4R\x90`\
\x1cy\xe0\x1e\x00z\xd2\x96v\x02\x1a\xb7%\xa5\x9dJ\
%3C\x13\x10\xdf:\xef\xa0r\xbc\xe0X7\x06\xb0\
g\xeb\x9ee\x80\xdb\x04\xa0\xbe\xba\x0ag\x02d\xa8\x00\
\xd8\xb2y3\x00Mz\xf5\xc5\x05C\xb4\x9a\x09\xf8\xd2\
\xdf\x12\xf3j\x8f!\xc1\x88YG\x0a\x12\xd6\x85-$\
\x13B!\x5c\xd4`\xe0\xcf\x12\xb2\xe7W\xf0m\xfc~\
{\xd9g\x04\xf0\xfa\x91\x04\xac\xf4t\xd1\xd14\xdb\xb9\
_\xe1\xce\xc2\xce\x5c\xcc\xa4\xc9\x0e\x8d\xfd\x937\xba\xc1\
\xfe\xd8[\xbb\xcf?'\xdb6\xbd\x7f\xadXX\xfd\xde\
\x93\xcc\xd0S\x88'\x8b\x81\xeb\xc2\xf7\x044c\xad7\
Ys@2\xe3\xe8\xfd\xf7\x00\x00\xc2 pN\xcd\xcc\
\x1d\x90.\x16\xea\x9bP$\xe8\xc1\xe1O$\xc7\x85\xc2\
\xba1\x80{\xee\xb9\x87\x95Y\x14'SG\xbe\xef\xbd\
\x9e\x9c\x9a\x86\x09\x19\xa1\xb10\x9fY\xd3\xbe+U\xd6\
\x04\x00\xa3\xd6M\xf4:|\xd0\x9e{ilr\x09M\
\xd0\xb6\x22\x9d\x9d\xdfo\xd5|_\xf1\x1f\x90\xf2\x80\xf6\
\x0dxQ\x06+\xa0\xed\xbazvL1\x08=\x95~\
OI\x8d\xd6T\x03(\x08\x07\xcc\xfe\xcc\xf1\xa1_\x06\
\xd5\x80A\xff\xbe\xaf\xee\xa7,,\xa3'\xf8\x0eB\x0f\
eA\xa8\x04\x83\xafG\x8f\xd9\xadd\xa4\x08h'1\
\x94b,\x1e~L\x9fW.\xb9\x0aG)\xe3\xd0\xff\
w\xbb=\xa4wI\x1c\x15\xa2o\x0f\xbf\xe3\x1c\x17\x0a\
\xeb\x1a\x82\x11\x82\xeeb\x06\xe28F\xc3\x0f\x05z\x84\
266\x062i\xa5\xaa\xdbF\xed\xcci(\xd6\x05\
:zRKZ\xf6\xcek\xc4J\xab\xfe\x9ez\x9f\xb0\
\xa9\xe8C@1$g\x16\xe8S|\xb5\xdf\xf3\xf8\x93\
\xaf\x1dp\xa6\x9d\x0f\xd66\x80>F\x84\xc5N\xcf\x08\
\xd5t\xe2\x92\xee\xee<\x1a@\xd8_\xdc\x8423g\
S=d\x98\x84\xf7Z\xf0\xe0\xb5\xe8YT\x7f\x1f\xce\
\x0c `\xaa\x14!\x1c\xb8\x12a5\xf6\xea\x04\x02\xe8\
H\x89\xd5\xe5y\xb4\x96\x17\xc1\x00\xaa\xd5\xaa\xe7\xfd\xc8\
\xdeS\xdb\xac\x1a\xa4G\xcc\xbdb\xb18\xff\x9c\x07\x97\
\xe3\x05\xc1\xfa\xc6`\x89ng\x00\xac\x14\x96\x96\x96\x5c\
\x08.}e\x19\x95r\xd9\xac(C V8\xfd\xe4\
#`#\xdd\xbbR\x82m8\xd0\xc4\xf3\xdb\x92\xd1S\
}\xe6\x014\xc3 \x10*\x86\x010\x99\x850|B\
wW\x05l.\x02\x80\x8c\xaf\xc1nX\xe6\xe2C\x81\
\xb1\xd21\xcb\x8d\xdb+\x9f\xcf\xf8\x87V\xf5I\xd82\
YFS\xf0\xecm\xaf\xa5\xb7\xdd\xcf\x8a(\xb3\x9f\xfb\
\xd8\xc9\x90\xab\x0em\xe1+\x02[\xaa\x85\x81\xe3\x00P\
\xb3\xe6\x0dt\xd1\xd0\x84\x81\x93\x8f=\x02\xd5\xe9\x80\x88\
P)W2v\xbf\xef\x5c\x88\x9d\x09\xc0`\xf0\xa9R\
\xb1\xb41\x8b7|\x0fa}5\x80\xa2\xb8\x93X\xaf\
D}\xe2\xf83\xde\x11vZ\x003c\xd3\xe6\xcdf\
\x9f\xc2\xa9G\xee\x83]\xb2\xb3\x93HH\xd3\xd6\xbeX\
\x09\xebE?\x95JW\xbaq5\xef\x15c\xb4h\xf2\
\x0a\x90MC6Wu>\x06cEd\xfc\x00N\xd2\
\xa3\xef\x1c3N\x09\xa0\xe5\x16\xd3\xf0T`\xc2y\x19\
\x81u\x02\x0em1L\xffg\x7f\x7f:\x22\x1d\xef\xf7\
\xa3\x0f\xfd\xf2\xdb\xfe\xe7\x9b\x06\x9c!R@\xbf\x14\x93\
\x05]q\xc9\xcf\xe9WDhX\x07 X\x87b\x15\
\xf0\xc8\x17?\x0b(\xa9\x9d\x7f.\x058;\x8a^7\
\x1b\xed#\xc2#\xc7\x9e<\xd6C\x8eu\xc5\xba2\x80\
b\x18\x1df\xe2U\x008{\xf6\xac\xf6\x05p*\xb9\
-E\xec\xd8\xbe\x03\xf6\xed<\xf9\xc8\x03\x90\xb1&\xf0\
\xaeT\xa6tuJ\xbc\xc4\x8c\xf9f/\xeb\xd1W\x9a\
\xa0%\x80J\x14x\x04\xe9\x11\xb7\x81\xd3@(%\x13\
\x9b2\x93\x8d:\xa4f\x86kO:<\x99%T\xca\
\xf4=\x0c\xd9\xfc\x7f\x8f\xc5\x0c\x88i\x7f\x7f\x1f\xd5\x9a\
\xc3\xd4w7z\x80\x9e\xf3\xb0o\x08\x99n\x0d/\x98\
)\x86(X)\xee\xb5oJ\x85D\xa5\xde\x85f\xb7\
\x0b\xe6\x04g\xbf\xfd\x00\x98\x18\xd5\x91*\x84\xad\x14D\
\x1e\xf3\xa0\xb4\xb8\xab\xbb\x1c\xe1\xee\xa1\x0f#\xc7\x05\xc5\
\xba2\x80R\xa5|\x0e\x84\xa7\x01\xa0V[A\xab=\
\xbc\xa8\xc7\xa6\xcd\x9b\x11\x86!\x88\x19\xb5\x13\xc7\xd0\x5c\
^\x02\x03H\x94B'\x91\x99\x098\xcc\xc0B'\xd1\
\x89=\x8a\xa1\x94-\xf8\xa9c\xd0%a\xa6\xd0\x10e\
\x92~\xd2\xe5\xbbm?Y\xcb{\x98\xa6\xe0\x83\x01\xd4\
M\xfc\x7f\x18\xa1?\xeb\xea\xc0~\x04\x00\xd9\xefk\x9f\
\xb7\xf6\xd7\xd4[@\x00e}\x1bkvc6v\x8e\
\x96\x1c\x95\xfa\xcb\xb5,w\x12\x8f\x1d\x02\xbd$\xc1\xfc\
\x91\xa7\xd0YY\x06\x18\x18\x1b\x1ds\xfeN\xf2\xfb\x05\
\xa1\xd9\xb2\xb3 \x19\xcc\xac\x18\xfc\xcd\xe7p\x879^\
`\xac+\x038\xf1\xc4\x89\x1e\x08_\x05\x80D&8\
s\xe6\xcc\x00\x01\x02\xc0H\xb5\x8a\xe9\xe9i\x00@\x5c\
_\xc5\xc9\x87\x1f\xd0\x12]1\x9aq\x02\x97\xc6\x0b-\
e%\x13j=\x06+\x1d\xa7V\x8a=\x9b\x9dQ\x8e\
\x84#T;\x03P\x1f\xb1\xd7\x86G\xc8\x0c(\xb8\x18\
{\xba\x8cv\x96Y0\x18\xb5n\x9c1{\xb3\x14\xc9\
\x83\x5c\xc34\xb2\xff\x5cS\x7f0\xae\x1f\xc3\xb4\xfcS\
\x87\xf5g\xb5\x09\xb6\xca\xb7\xaf\xee\xeb\xef\xfd\xc4\xe9\x0f\
\xb8H\x849\x13\xfe\xf3\xc7\xa1\x88LxS_7\x96\
\x12\x12\x0a\x8f\xde\xf6\x05\xa0\x17#\x08\x02T\x8a%\x08\
3\x93\xd0\xce8\x14\x86\xb9\xf9&\x80b\x95\x04Q\xf0\
\xd0\x90\x87\x91\xe3\x02c\xdd'b\x10\xd1\x97X\x8b\x05\
\x1c9\xf2t\xc6\xf9f_p!\x02\xec\xdd{\x91!\
\x00\x85\xc7\xbf\xfc\x8f\x00\x18\x0a\x0a\xcd$q9\x01\xbe\
\xd5{\xbc\xde\xc9\xd8\xef\xca\xd8\xf6\xcc\xc0d1\x84\xf3\
\xde\xaba\xc4\x8ft\x1f\xdb\xed4M9\xbb\xd2nj\
j4\xed\xaa\xb8\x99\x1e\x87t\x9c\xb9\x7f\xdb\xd6\xfcy\
~\x83A\xf4{\x1f2d<\xbc=\xf5}\xf7\xaf=\
\xa4\xfd\x8eja\xc0\xc2`\x00\x1d\x05\xc4\xd6\x99\x02\xad\
\xfe\x93\x94x\xf8\x1f\xff\x0e\x04\x85\xf1\xb1\xb1\x8c\xb9\xe3\
;4;\xedv\xd6\xabIx\xbaZ)\x9d\x1a:\xe4\
\x1c\x17\x14\xeb\xce\x00 \xc4\xb7\x18\xd4\x00\x08gN\x9f\
rD\x0b\xa4\x04H\xc4\xd8\xb9s\xa7K09\xfd\xe0\
\xb7\xd0m6\xa1\x98\xd1\x95\x09:JeTxb\xc6\
r'A\x0f\xba\xa8\x88d\x1d5\xb0N\xc1\x99rZ\
\x82\x8c=\xa9:\x8c\xf8-{HI\x94\xbc\xef>S\
@\x1a}0}\xa4\xec\x88](q(L\xdc|h\
\x1d=O\x05\xef;\x09\x83\x0c!\xfdd\xf2\xdb\xf9\xdb\
>!zz\x07\xe9%\xbfv\x8d\x96\xd2\x1c~C\xfc\
\x0a\xc0\xd9V7e|\x04\xd4\xbb\x1d,\x1cy\x12\xbd\
\xe5%\x80\x08\x13\x13\x13\xa6\xe6\xbfH}\x1a\xe6\x9e\xea\
\xf5\x06\x00\xb3V\x80V\x0b\xfe\xe1\xcc\xb1\x855\x1eF\
\x8e\x0b\x89ug\x00\xa3\xd3#gI\xe0\x1e@\xaf*\
{v>[ \xd6\xce\x8c\x1b\x1d\x1d\xc5\xcc\xec\x1c\x88\
\x80^\xb3\x8e\xe3\x0f|\xcbM.\xa9w\xba\xf03\xf4\
5\x11\x0a,t\x12$&k01^z\x09@@\
\xb9\x95m\xdc\x82\x1e}\xb6\xbb\x9b\x984Dp{\xf2\
\xda\x11I\x02=\x1d9u\xe4=G\xd0P_}\xe6\
Zky\xf5\x87N\xb8\xf7\x94}\x80\x06\x98\x8e\xa5\xc1\
\xfe3\x09\x84\xed#\x05\x94BJ-\x0b\xf3\xd9Q\x8c\
\x95n\x9a\xc6\xdbU\x0aR*\xdc\xf3\xe9O\x82\x95B\
\xb5RA\xa5Tv\xf9\x1a\x94ah\x94u\x00*\x8e\
\x83@|v\xc8\xc0s\xac\x03\xd6\x9d\x01\x9c~\xe2\x94\
\x0c\xc3\xe8\x13\xd6f|\xe8\xa1\x07\x06\x1b\xb1\xae2{\
\xe8\x8a+\xf4w%q\xe7\xa7>\xa1\xb3\xf9\x94B\xad\
\xdb\xd5\xe1@\xc0\xa3V\xc6\xe9z\xd7\xa4\x01\xb3I\x1e\
b\xa7\xfa\xcf\x94B\x1d\x7f\xb4\xfeq\xb6\xa46(\xa9\
\xb3\x0e\xc0\xfe\xe9\xc1z\x9ff4vo?I\x93\x9d\
L0\x08\x8fP\x06\x8f\x0d\xf5\xf5\xa7\xdf\xce\x17Z4\
cMy\x84\xaf\x9b\xa4m\x08\xdaN\x8f\x00\xec\x19-\
\x1b\x86\x97M\x97^h\xc7\x90\xd6\x9a \xa0\xd6j\xa2\
>\x7f\x06O}\xe3\xab\x00\x18\x9b7m\x86\x10\x22\xa3\
\xc5\xd8\xcf8\xeeA*\xe9\xc6\xaf\x88\x97\xa2B4\xe4\
G\xce\xb1\x1eXw\x06\x00\x00\xa2@\x9ffpL \
\x1c;\xf6LF\xea\xfa\x06\xc1\x8e\xed;P,iG\
\xd3\xc2\xb7\xefCci\x09Ji\x87T;\x91P\xac\
\xbcY}@[\x02ui\x88\x1fH\x99\x003\xe6*\
\x91\x96\xf9\xce\x09\x98\x12\x88\x7f\xedl\xb2P\xd6<\xf1\
\xff\x12\xceN:\xb2\xc1\xb2\x94\xfe\x86;\x01\xfbk\xfc\
\xf4\x13\xe9\xe0s\xf0\xaen\xab\xfa\x0cy\xa6C\xaf\xe4\
\xc2\x8d\xe4\xfe\xb7Lfk5D\xc9\xbc\x0d\xce\x12!\
@\x91\xc0R;q\xf7\xd3\x93\x12\xadn\x17\xf7~\xf6\
o\xd0>\xb7\x8cB\x14\xa2R)\xa7\xf1\xff\xbez\x80\
K\xcb\xcb\xee\x810\x00\x12\xf8\xec\xf2\xe9\xe5<\x01h\
\x83`C0\x80\xe5S\xcbK\x08\xf0-@\x0f\xe8\xe8\
\xb1\xa3H\xf5\xef\xd4\xbd\x17\x84\x01\x0e]~\x05@\x84\
H)\xdc\xf77\x7f\xae%<\x18\xcb\xedNJ\xac\x9e\
\xf3\xef\x99\xd5nJ\xfcH\xe7\x00\x84\xc4\xa8\x04\xb6\x95\
\xbe\x02\xa0\xcf\xb5~\xb9~\x0b{\xe0\xcfk\xd0\x93\x0a\
Y%\x9d\xbc3\xad\xe6\xb0\xb6\x0f\xc0\xfb\xb2\xf6\x83\x1a\
zh\xb8\x8e\x00\xa4u\x04\x07{\xb7\xf6\xb8\xfe\x1e\x05\
\x84}\x93\x15\xc3\x10\xb2\xd1\x88\xc5v\x0c\xa6\x94e\xd4\
ZM\xa8$\xc1}\x9f\xfd4\x00\x85\xd9\xd99\x17\xfb\
\xb7\xf5\x04m\xc7q\x12\xa3\xd5l:sD1\xab\xa8\
\x18}l\xed\x1b\xccq\xa1\xb1!\x18\x00\x00\x14\x8a\x85\
\xff[\xdb\xd4\x8c\xbb\xef\xbe3K`\x9c\xba\xdf.\xbf\
\xecr\x88@{\xf1\x1f\xfe\xcc_ \xe9v \x99\xb1\
\xda\xeb\xa1\xe7\xc7\xf2\x8dG\xaf\x9d0j=\xa5\x09\xdf\
\x99\x02\x00+\x9b\xeej\x9d]\x9eCo\x88\xdd\x9f%\
d\x03J}\x05\x89J\x19G*\xb6=\xf2;\x8f\x03\
\x10\xf0\x88\xb4/w\xbf\xbf\xf0g:\x92,\x83\xd1\x1a\
\x81\x7f^\xdfe\xec\x9f-\xf8\xe9.O\xb8h\xa4\x88\
\xb2_\xc4\xd3\xa0\xab\x80\x85v\xcfu\x9f\x80\xd1\xe8\xf6\
\xf0\xed\xdb\xbe\x00\xd9\xa8\xa1X(bzr\xd2[\xda\
\xcdj\x01\xfa\x8a++5S\xd9\xd9\xe8O\xcc'\x04\
\x85\xf9\x04\xa0\x0d\x84\x0d\xc3\x00\xb6\xcfn\xff\x0c\x83\xdb\
\x00\xa1\xb6ZG\x1c\xf7\xfad&\x19- \xc2UW\
]\xa5%M\x1c\xe3\xde\xcf|\x0a\x8a\x19\x89\x92\x98o\
\xb5\xd3i\xc2\x00\xac\x18?\xbe\xda3\xfe\x02N}\x02\
`\x8cD!\x0a\x9e\xef@3\x9d>g\xa0\xf7\xc9}\
\xdf\xc10~\x04x\xa1H\x0c\x08e\x02\xbc\xfc\x81,\
l\xd6\x1c\x0f\xa3Xs%\x1a\xcaC\x06F\x93\xe1Z\
)[!\x0c:\x0f\xd3\x8f\xe9B\x80\x9d#i\xde\xbf\
\x7f\x0f\x0b\xed\x1eb\xa5\xdb)\x01,5\x1b\xa8\xd7\x96\
\xf1\xf5?\xff3\x80\x15\xb6m\xddb\xd6b\xa0\xb4\xa4\
\x99\xf12\x92 \x9c;g\xea<\x90\x19\xbb\xc0?\x8d\
\xccU\xea\x03\x0f!\xc7\xbaa\xc30\x80\x07\x1f|P\
Q1\xf8\x0b\xed\x15g\xdc\xfd\xad\xbb\x91\x91c\xd6\x14\
 \xc6\xa1\xcb\xaf@\xa1P\x84\x00\xe1\xde\xff\xfe\x87h\
\xb7\xbb\x90\xacp\xae\xddF\x0f\x9c\xa6\x01\x1b*M\x18\
8\xd3\x8c]~\xbfK\x0aR\x0a[G\x8bZ#\xb0\
D6\xc4\x0f\x90U\xdd)%~\xafM\xd6\xc5\xe7I\
\xf5\xe1F\xbc\xd7\x94\xd2\xe3}cH\xef}\x8ds\xfb\
\xaeg\xb7\xc8\x9d\xc2\x99\xc3\x9a\xd7\xb0\x8b\x04\x04\x00\xae\
\x98\xad\x22\x10\x9e=`\xd0S\xc0R'\xad\xe1\xdf\x89\
c\xb4z]\xdc\xfb\xb7\x7f\x89\xda\xa9c\x08\x84\xc0\xe4\
\xe4\x94\xa7\xfag\xbbh6\x1a}&\x14\xa3T-\xfd\
\xfe\xb1\x07\x8e=\xeb\xdd\xe4\xb8p\xd80\x0c\x00\x00\xc6\
FF?\xc8\xac\x98\x08x\xec\xb1\xc7\x10\x88\xec\xf0\xf4\
\xcb\xab}\x01\xd7_\xffJ\x80\x19A/\xc6\x83\x7f\xad\
#\x02\x92\x15N\xd7\x9bH\xb8\x8f\x090\xe3\x5c'F\
7I3\x03\xad/`,\x0a`\xeb^\xf8\xda\x86\xfe\
nU\xd7>\x0d\xc0\xfbn\xcf\x93^\x9d\xbc\x0c\xe1;\
M}\xf8{\x9f*\xe4VC0\xcc\xc3\xbf@_W\
\xc3\xfb\x19\xf6\xddc\x0c\xd4\xf7\x09\xc2\xfe\xf1\x22\xca\xde\
\xfd\xa4\xf7\x0d\x9cht\xb5vC\xa4\x8b\x9c\xb4\x9aP\
\x9d6\xee\xfe\xe4'@\x00v\xef\xda\xed\x18I\xaa\xfa\
\x9b\x82+\xccX\x5c\x5ct\xf7\xccZ\xfbj\x85A\x90\
\xab\xff\x1b\x0c\x1b\x8a\x01\x9c|\xfa\xc4\x02\x0b\xba\x87!\
\x00V\xb8\xf7\xfe{\xb3\x84\xc6\x86\x09\x10\xb0w\xefE\
\x98\x9e\x99\x01X\xe1\x81O\xfe\x09\xda+\xabP\xcc\xa8\
\xf7:h%\xd2D\x03R\x0aR\x108n\xc2\x82\x8a\
\xd9\xcc\x13`\xb0R\xd81R\xf4&\xfaP\x86\xb0\x81\
,\xf13\x86\xab\xeb6\x09(\xa3_\xc37\xe9\x87\x9b\
\x00.\xbd\xd7\x0b\x05\x0e\x9fO?\xc8SR\xb3\x9f\xfb\
\x0e\x0cj\x04\xd4wx\xba \xb0g\xb4\xd4wD\xf7\
SK\x14V\x13\x93\x1fA\x84s\xcd:\xbaq\x0f\xb7\
\xfe\xd1G@Jbjb\xd2H\x7f\xe1\xd8\x97\x1f\xc9\
\xac\xd7\xebh\xb7\xdb\x9eF\x030\xf1W+\xa3\x95\xbc\
\x00\xe8\x06\xc3\x86b\x00\x00P\x99\x18\xfd\x11\xa5\x12\x80\
\x80{\xef\xbd\x17\xe8\xcb\xa0\xd33\xfe\x80 \x14x\xcd\
kn\x00\x91@\x10K\xdc\xfe{\xbf\x0a\xc5\x84D1\
N\xd5W]\x5c^\x19'\x1d\xb3.\x136\xdf\x8a\xa1\
T\xea\xbcc\x06*\x81\xc0T!p\xc4m\xeb\x0d\x00\
\x86$|\xc7\x5c\x9f\xb9m\xb5\x0c\x7f\x1dC\xc0\x90\x95\
\xa5K{\xce\x10?\x00\x89l \xf0|\xf5;\x86i\
\x00Zg\xe8\x97\xf7\xc3NN\x1d\x13\x13\x91\xc0\xe5S\
\x95\xbe^\xf4\xd0\xba\x0a8\xddJ`\x83\x8b]\x99\xa0\
\xd1\xed\xe2\xc4\xfdw\xe3\xfe\xcf\xfd\x1d\x04\x01\xdb\xb7o\
\xd79\xffV\xf7\xef\xcbc8s\xe6L6\x97\x82\x19\
\x22\x14\x7fu\xe4\x91#\xe7\x99\x11\x95c=\xb0\xe1\x18\
\xc0\xfc\x91S\x8f\xb3\xa0\xbb\x19\x04\xa5$\xee\xbf\xff>\
\xa3\xa2\xf6\xe9\xc4\x0cLNM\xe1\xca+\xaf\x04\x13\xe3\
\xd4]_\xc53w}\x05\x0a\x8c\x8e\x928\xdbn\x19\
\xc7\x5c\x9a\x86\xcb\x0c\xd4c\x85\xd5X\x1a?\x801\x15\
\x94\xc2\xb6\x91\x22B\x1a\x22\xedSC@o\xd1p\x93\
\x5c\xdb\xd1^$\xa0\x1f\xe7\xf3\x01dj\x07\xf6\x1dv\
\xb7\x9d\x12\xd8\x9a<\x82}\x16$<\xc2L\xf5\xff\xa2\
\x10\xb8d\xbc\x82r\xa0\xf7gT\x7f\x02\xce\xb4ct\
\xa4\xbe\xe7\x84\x15\x16j54\x96\x97\xf1O\x7f\xf4_\
\xc0I\x8c={\xf6r\xb9TN\x9d~\xf0\x22\x15\x0c\
4\x1a\x0dN\x92l\xa9\x7f\xc5\x8cM\x9b\xe6\xfer\xad\
a\xe7X?l8\x06\x00\x00#\x93\x13\xefa\xa5@\
D\xb8\xf7\xfe\xfb\xa0Xz\xa9\xb9\xe9++\x88p\xe9\
\xa5\x97avn\x13\x88\x81;>\xfaa\xb4VjH\
\x14c\xa9\xddF-\xeei-\x00VRk\xdb\x7f\xa9\
\x9b\xa0\x95(\x978\xa4\x98\xc1Ra\xefXY\xbf\xca\
\x86f\x9ctwW\xcc\xee\xf3U\xf2\x80(\x95\xf8N\
_\xf7d\xf3y}\x00\xe9\xb6c\x22X[\xa2\xfbL\
\xc67\x07\xec\x002\xe7S\xca\x02\x04\x80+\xa6J\x18\
+\x08\x00\xc2\xe3+\x9a\xe0k=\x85Z\xac\x85\xb4\x02\
c\xa5\xa5\x99\xe8?\xfe\xfeoa\xe1\xa9\xc7P)\x97\
173KD\xa4C\x7fn\xe6\x9f\xbe\xe7D&8\
u\xea\x14\xf5\x0f\x8c\xa1\x9e9\xfc\xe8\xe1\xc6\x1a\xb7\x93\
c\x1d\xb1!\x19\xc0\xd9#'\x8ep@\xff\x04\x00`\
\x85/\x7f\xe5\xcb\x00\xc8\xc5\xf8\xd9c\x02\xe5r\x05\xd7\
\x5cs\x1d\x8a\xa5\x12\xda\x0bg\xf1\xf5?\xf8M\x13\xee\
c\x9ci4\xd0\x96RO\x04bvR?Q\x84\x85\
n\x82\xaeb\xc7\x14\x98\x19\x11+l\xa9\x143\x13\x84\
\xb2\x14fwe\xfd\xdb\x00\x10\xdad\x19\xc3\x192\x16\
=aM\x06\xe0&\x02y\xbd\xdb\xff3\xbe\x80~\xd5\
\x04YB'\xca\x9a\x0f\x99cB_c\xffx\x11\x93\
\x850\xe3O\xb0\x0e\xc0\x84\x81\x93\xad\xd8\xf8!\x09\xf5\
N\x07\xcdn\x0fO~\xfd\xcbx\xfa\xab\xb7\xa2\x18E\
\xb8\xf4\x92K\xb3\xe9\xbe}\x91\x83\x85\xc5\x05\xf4zY\
3\x9f\x01\x90\xc0g\x86\xdf|\x8e\xf5\xc6\x86d\x00\x00\
0\xb9u\xf2\xbdJ\xe9\xa5u\x0f?\xfd4VWk\
\x19\xe2O5\x01\xc6\x96-[p\xd5\x95WC\x08\xc2\
\x89;\xbf\x8a\xc7?\xffwP\xac\x0bV\x9ei6\xd0\
U\xbaF@Z,\x94\xd1\x93\xc0bW\xa2k\x98\x82\
\x9d/0\x1e\x0a\x8c\x87\xe9|\xf8\xacC\x90\xbc\xad\xec\
\xd2ZA0\xb8\x86^\x8a5\xec\x06@\x97\x03\xe3\x94\
\xe0}\xc2\xf7'9\xa7\xca|V\xc0f\x99\x80\xd7\x82\
\x00\x22\xed0\x15\x00vVB\xec\xa8\x16\x8d\x8fCd\
\xee+f\xe0\x99f\x0ce\x9c~\xad\xb8\x87z\xa7\x83\
N}\x05\x7f\xf7\xeb\x1f\x02Xa\xf7\xee=\x5c*\x96\
\xbc\xf1X\xc9\xaf\xf3&\xda\xed6/--\x0e<\x00\
f\xb0\x08\x83\xbf\x1f~\xf79\xd6\x1b\x1b\x96\x01\x9cx\
\xcd\xae\x9c\xa4\x00\x00 \x00IDAT\xe4\x99%Q\
\x0c\x7f\x03\xd0/\xf2\xe7>\xff9X\xd9\xdb\xaf\x090\
+\x5cv\xf9\xe5\xd8\xb3\xf7\x22\xa8\xb8\x87\x87>\xf9g\
Xx\xf4\x1103\xea\xbd\x1e\xe6[-\xc4\x96\xc8a\
M\x01F'a,u$bN\x17\xbbdV\x98+\
\x86(\x091@\xc8v\x22\xd10\x04\x9e\xaa\xed\xe7\xda\
\x911\x0d\xd6V\xe7M\xf8\xccg\x12\xcc\xda\x9ew\x99\
\x84\xa9\xe7\x918[\x8d\xc0\xb5w\xd7\x03\xec\xc4*\x22\
BH\x84\xad\x95\x10{\xc7\xcb\xc6NO\xab\xfc(\xe8\
Y\x8cg;\x12-\xa9\x9fMB\xc0B\xa3\x81\xda\xd2\
\x02\xfe\xf2C\x1f\x00\xf7\xba\xd8\xbdk7fgg\xc8\
/\xf7\xed\xdf\x90 \xc1\x87\x0f\x1f&%\x07}|J\
I\xda\xbdu\xf7mk\xdc~\x8eu\xc6\x86e\x00\x00\
\xb0\xbaP\xfb\xa0\x04\x16\x04\xf4\x94\xd2\xfb\xee\xbf\xd7\x8b\
-\xa7/\xbf\x95\x97\xaf\xbd\xe1\x06LNM\xa1\xb1p\
\x16\xdf\xfc\xd3\x8f`\xf5\xec<\x12\xa5\x13\x84\x96\xda-\
HP\xc6'\xa0\x18hI\x85\x85n\x0cI\xe4\xe6\x0a\
\x08fl.G\x08\x87N\xb7M\xc1\xde\x7fnu?\
\xbf(\x86O\xfck\x99\x00\x82\xe0\xd3\x14\x99\x99Gd\
\x22\x06\xa4\x18\xa4\xe0\xfa\xe9\xd7\x14,\x03\xd1\x9f\x96\xf0\
\xf53\x09\x09\xd8V\x8d\xb0w\xacd\x1e\x15e\xe6E\
Hh\xe2\xaf\xf5t\xccC\x018\xb3\xb2\x82n\xab\x85\
\xdb>\xfa\xdbXx\xfca\xcc\xce\xcc`\xdb\xb6\xad}\
\x13\x89<\xe6\x0b`qi\x81\x13i\x8a\xa1\xf4?2\
\x81'\x1fz\xe8\xa1\xbc\xf8\xe7\x06\xc5\x86f\x00\x00P\
\x1e)\xbe\xd7\x96\xd9\xbc\xef\xbe{\xb1|n\xb9o\x1d\
?C(\xcc\x00\x09\xbc\xf9\xcdo\x01\x05!\xce|\xfb\
A\xdc\xfb\xf1?@\xb7\xd5\x85b\x89\xa5V\x0b\x8b\xed\
\xa6^(\x84m\x18\x90\xcd\xacA\xc6\xe9V\x0f=\xb6\
\x0e>F\x11\xc0l1DH~\x99N\xff\xed\xf6\x0c\
q\x02\xc2@\x13\xa1\xe0\xd4\xe1\x96!\xda\xb5R\x81a\
\x9c\x87z\xb2\x02\xa0\xb8\x8f\xd8\x91\xfa\x08\xac\xd7\x8e\xd9\
\x95\xfcr\x8c\x80l;B@\x84H\x00{F\x8b\xd8\
9Zp:\x84+\x81\x06M\xfc\xf3\xed\x04\xab\xb1\x04\
H'Q\x9d\xad\xaf\xa2\x97\xc4\xf8\xfc\xef\xfe_x\xfc\
\xf6\xcf#\xd2v?\x0bA\x10d\xa3\x0a\x9e\x06B@\
\xab\xd9\xe0g\x9eyF\x98$\x8d\x0c\x18\x0c\x08|\xe9\
;\xfc\xe9s\x5c\x00lx\x06\xb0xb\xf1VE\xf8\
s\xed\x9b\x22|\xe9\xd6[\x91$I\x1a\xa7O\xb5c\
\x10\x18Q\x14\xe1\xbd\xefy/\x84\x08q\xf8\xcb\xff\x88\
\x87\xfe\xc7\x9fB&\x04\xc9\x0aK\xcd\x16\xce6\x1a\x88\
)]\xe2\x9aM^p\xa2\x803\xed\x1e\xdan\xcdA\
\xc6h@\x98,\x84\xba\xae\x9d\xbdJF\xfdMYC\
@@\x88l\xbd=\xcd\x08\x18\xc22\xa8!\xb0%\xc1\
\xb5\x16@\x10\x94*\x116\xcd\x86X3\x13A\x1eC\
 \x82\x80\xf93\xc4/H\x8f#\x12\x84\x03\x13El\
\xaeD \x10R\x1d)\x95\xfe\x0b\x9d\x045\x93\xec\x13\
\xb3\xc2B\xb3\x81v\xb7\x87\x7f\xfc\xc8o\xe0\x89/}\
\x16\x85(\xc4\xcb\xae\xbe\x1a\x00\x13\xb9\xd7\xc4\x98^\xc6\
\xcc\x88{1\x1f{\xe6\x19\x17\x1e\x1d\x860\x08s\x06\
\xb0\x81\xb1\xe1\x19\x00\x000\xab\xffE\x81\xcf\x82\x80z\
c\x15w|\xe3\xeb\xce\x8ew\xbe\x00'\x90\x19\xc5b\
\x01\xb7\xfc\xab[\x10E\x05<\xf8\xe9O\xe0\xa1O\xfe\
\x19\x12\xa5\x99@\xad\xdb\xc5\xc9Z\x0d=N\x0b\x84\xa4\
~\x01`\xb1\x97\xa0\x9e\xa4i@S\xa1\xc0\x84\x91\xee\
Y\xf8\x01<F@\x84\x90,\xd1\x13\x02hSBp\
v\xf6\xdd\x00\x88L!\xcdTu\x17H\x7f\x18\xeb\xe1\
\xb7\x1b\xd6\xa9g\xf7\x0bcB\x08\xd2a\xd1R@8\
4]\xc2D\xc1/{\xe6-\x85F\x84\xc5\xae\xc4\xaa\
\xb9\xc7\x1e+\xcc\xd7\xeb\xa8\xb7\xbb\xb8\xf3/\xfe\x18\x8f\
|\xe6\x93(\x15\x0b\xb8\xec\xd2K\xb9X,\xc1\x7fE\
\xc8c$D\xe0\xa7\x8f>\x8dv\xbb9\xe0\x92H\x7f\
7p\xa5\x5c\xcc\xcb\x7fo`\xbc(\x18@\xab\xd6\x5c\
\x16B\xfc\x1b\xa9\xa4\x22\x10\x8e\x1e}\x1a\x8f>\xfah\
F\x8dw\xf1,\x83 \x0c\xf0\xb6\xb7\xbf\x1d\xd5J\x15\
\xdf\xfc\x8b\x8f\xe1[\x7f\xf4\xdb\x90\x8a\x90(\x85f\x1c\
\xe3\xe4j\x0dm)!\xcd\xec?\x9b0\xa4\x14P\x8b\
%Vb\xe9\xe6\xc1\xcf\x95B\x8c\x87Z\xde:Q\x97\
\xd1\x044\x11\x16\x85m\xa1Ut\xebF$x>\x8b\
>\xf8\xc53\x04R\xe9\xef\xd1\xbc\xd1\x0c\xc8#|\xf3\
\xdd0\x84@\x10\x02\x01L\x16\x08W\xcdTP\xa4t\
\xa1\x11\xa7\xfa\xc3J~\x89z\xa2\xa7G\xc7J\xe2L\
\xad\x86F\xb7\x8b{\xfe\xea\xbf\xe1\x8e?\xfd/(D\
\x05\x1c<p\x10\x13\x13\x93\xa4\xab\xfc\xa4\x83a\xcb\xa5\
\x00\x9c<u\x12\xab\xab5J\xdd\x8f\xd9{1\xf1\xff\
\xd5p\xbc\xb8\xf8\x9c\x7f\xe8\x1c\x17\x1c/\x0a\x06\x00\x00\
cS\xa3_\x0c\x02\xf1a\x05]\xee\xfb\x81\x07\xef\xc7\
\xa9\xd3\xa7\x9d\xcd\xee/)n=\xe5\xd5j\x15ox\
\xe3\xf7cfj\x0a\x0f\xfd\xc3_\xe1\xb6\xdf\xfce\xa8\
^\x8cD)\xb4\xe2\x18\xa7\x1au4\x92\x9e\x0b\x01\xb2\
\xf7W\x8f%\xce\xb4{\xe8A\xbf\xe0[J!&B\
\x0c\xcar\xe7\xc0c\x14C\xa1%?R\xe2\x1cV\x94\
\xc3\x07+\xa5\xa5>Yb\xf7\x09\xca\xb3\xef\xad\xb5o\
T}!\x08B\xc0i\x1e\xbbF\x0a80^\xd2\xf7\
o\x09\x16\xf6\xd9\x00=\x06\xcet$\x1a\x89\x82d\xa0\
\xa3$\x8e\x9f;\x87\xdaj\x1d_\xff\xa3\x8f\xe0+\x1f\
\xfb\x1d\x14\x0a\x05\x5cy\xe5\x15<33\xad\x8b|x\
\xff<\xc6G\x9dvG\x1d?q<c\x08\x15\x0a\x05\
W\xb4\xd5\xeed\xe23\x05Q\xe8|\x17?{\x8e\x17\
\x18\xc1\xb37\xd9\x18X]^Ucs\xd3\xf7'\xbd\
\xdeU\x00]$\x13\x89\x85\xc5\x05l\xd9\xba\x15\xa5b\
\x11im=\x0d\xbbU*\x9507\xb7\x19\x0b\x0b\x0b\
8\xf3\xf8\xb7\xb1\xf4\xcc\x11l=\xf42\x84\xe52$\
km\x80\x04\xa1\x10i\x95\xd9w\xd4I\x10\xeaq\x02\
\x09\xa0 \x04FC\x81P0\x9a\xae\xf8_\xb6\x1c\x97\
T\x8cn\xa2\x8c\xab\xc0\x8b\xdd\x13\xd0\xad\xaf\xe0\xd1/\
|\x1a\xbdV6!\xae82\x8aC7\xbf\x07\xc5\x91\
Q\xafX\x87\x95\xf8\xbesO3\x89@h\xe2\x0f\x04\
\x10\x08\x81r@\xd8?Q\xc4D\xa4\x7f\xca4Lg\
\xd4u\x02\x9a\x92\xb1\xdc\x93\x88\x15\x00b\xd4\x93\x1eN\
\xaf\xaeb\xe5\xcci|\xed\x0f~\x13\x0f\xfe\xcf\xbfA\
\xa1P\xc0+\xaf\xbb\x9eGGFH\xb3\xb3,,\x83\
m\xb7\xdb\xea\xa1\x87\x1f\x14\xaer\x12\x80(\x8aP)\
\x95\x10\xcb\xc4\xac\xf4\xac\xa1\x04\x1e\x9d\x7ff\xfeO\xfe\
9\xbfs\x8e\x0b\x8b\x17\x0d\x03\x00\x80V\xad\xd1*\x8d\
\x8d<\xc8R~\x1f@\xd3\xddn\x07\x8b\x0b\x8b\xd8\xbd\
g\x0f\x02!\x9c\xb4\xb4\xf0\x99\xc0\x9e\xbd{q\xfa\xf4\
i\x9cz\xe21\xac\x1c;\x8c\xd9\x83W\xa14:\xa2\
\xe7\x0e$\x12\x8dN\x8cb\x14\x22 \xcf\xe1\xc5\x9a\x8e\
zJ'\x15\x85B`\x22\x14(\x05\xe4\xe2\xe6\xfe\x85\
\x84\x10hwc\x00\xc2Is\x18rb)\xf1\xf8?\
\xfd=:\xf5Z\x86\xc9\xcc^t\x10\x97\xbc\xf1\xad(\
VG<\xf5>\x95\xfc\x01yN>A\x86\xf8\x09\x91\
\xd0\xf1\xfd\x9d#\x05\x142\xd5x\xedu\x09\x093j\
\xb1\xd2*?\x08D\x8c\xb3\xed6\xce\xb5\xda8y\xdf\
\xb7p\xfbG~\x0d\xc7\xee\xbd\x13\xa5b\x097\xdex\
#GQd\xcf6Q\x07\xe3\x09!\x98d\x9f\x16?\
\xf1\xc4\xe3\xd4\xedv\xed\xad!\x10\x02c\xa3z\xecq\
\x1cC\x19\x8d\x06\x04(\xa8{\xe3n\x9c\xcf\x01\xd8\xc0\
xQ1\x00\x00\xe86\xdbg\x0b\x95\xd2\xd3P\xea\xcd\
D\xa2\xdcj71?\x7f\x16\xfb\xf7\x1f\x00\xb3rD\
da\xb7D\x10`\xff\xfe\xfdP*\xc1\x13\xf7\xdf\x87\
\xc3_\xfb\x12v_y-\x0a\x133\x00\xcc\x0bn\xa4\
}\x14\x04Z\xa3@jG'\x0c4\x13\x85N\xa20\
\x12\x05\x18\x0b\x05\xbaJ\xcf0\xb4\xed \x80vO\xba\
+\x0b\x82K\xcf\x0d\xa2\x22\x9a\xcb\xf3\xa8\xcf\x9fF\xdc\
i\x81H`t\xd3\x96\xff\xbf\xbd\xf3\x8e\xb2\xeb\xaa\xef\
\xfd\xf7\xb7\xf7i\xb7\xcc\xdc\xb9\xd3G\x1aY\xd5\x92q\
\xaf`\x1bp\xc3\x81$\xc6\x0e\x10LH#\x85\xc72\
N\x0f\x06B\x9c\xbc\xb5^\x1e!\xbc\x95\xf5\xdeJ\x81\
\x17`\x91\x04\xc8\x0b~\xf4\x04\x9b\x10\x1e\x01\xe3\x8e\xbb\
,\x19[\xc5\xb2l\x95Q\x9br\xe7\xb6\xd3\xcf\xde\xef\
\x8fS\xee\x99;\xa3q,\xcf\xc8\x1ay\x7f\xbc\x96G\
\xd2\xdc2\xfb\xdc\xd9\xdf\xf3\xdb\xbf\x8a\xf3\xdf\xfe\x0bX\
}\xee\xc5\xd0t\xbds\xc7G\xec\xd0\xe3\xc4bs\x1f\
\x1d\x93_c\x84\xaa\xc91^6Q\xe6s-\x854\
L'@hG\x12\xb3\x81\x80\x9b\xbc\xbf/\x05\x0e7\
[\xb0\xdb6\x9e\xfc\xda?\xe1\x81\xcf\xff5f\x0f\x1d\
D\xb5Z\xc5\x9b\xdf\xf4\xe6x\xa2yz\xb5r\xb7\xff\
\xd4\xb3\x12\xf8\x81\xdc\xb9k'\xb5Z\xad\xec\xe2j\x1a\
G\xb5\xb77{\x8a\xe7\xfbI\x886\xfe9$\xe1\xc7\
\x81\x1b\xa8,\xc0S\x98\x15'\x00\x00\xe0\xbb\xdesf\
\xc1:\x22\xa5x\x07\x11C\xbb\xdd\xc2\xc4\xc4Al\xd9\
rV\xf2\x88\xf8\x170\xbd\x13f\xbez)1:6\
\x86\x91\xd1\x11\xec\xdf\xbb\x07O\xdc\xf9U8\xf5Y\x9c\
q\xc1e\x00\xd7 H\xc2\x0f#xa\x08\x8d\xf3\xa4\
\xc2/}r\xfc\x8a!\x80F\x10!\x12\x12US\x83\
E\x0c~$2\xcb#H\x8f\x00\xc9\xe6\x8f\xf7d\xdc\
\xc4dp\xdd\x990\x8ae\x94\xaa\x03\x18\xdax\x16\xb6\
\x5c\xf3\xb3\xd8r\xed\x0d(\xf4\xf4\x821\x96\xf3\xe8\xc7\
\xb1|\xc6\xe2?3\x16\x9f\xf3{M\x8e\xb1\x92\x8e\x8a\
\xce3\xab\xa0\xb3\xf1\xe3e{\x02\xa8\xf9\x02\xed(\x0e\
g\x0a\x00\x0d\xdf\xc7\xb1\x86\x8d\x99\x89\x03\xf8\xee_\xfc\
\x11v~\xff.\x84\xae\x8b37m\xc4\x85\x17\x5c\x90\
\xb8\x0d\x16p\xe6Sr\x92\x97Rl\xdd\xf6$k\xa7\
\x9b_\x02\xba\xae\xa1R.w\xce\xfd\x12\xf0\xf3\x16\x00\
\x00\xc9\xe4\xd3\x81\x1b\xfc\xeb\x12}\xec\x8ae\xe0\xb8\xd1\
\xa9\x95@\xef`\xdf\xad\xc2\x0f\xff\x8e1\x06)%\xaa\
}\xfd\xb8\xf1\xed7\x82s>\xc7\x91\x06 \xbb\x95\xa5\
a\xc3\x99\xd9\x1a\x1e}\xe4qL\x1e;\x8c\xca\xba\xcd\
x\xe3\xfb\x7f\x0fk.\xbe,\xc9\xe9\x8f\xc3x\x06c\
\xa8\x16-\x98\x1a\xefT\xfa\xe5\xee\xd2\x04\xc0 \x82\xc1\
9\x5c\x11\xc1\x89\xe2*\xc3\x9a\x13@F\x12\x91d\x88\
\x92F!q\xc8\x91 \xc30>\x06\x10\xc5\x1b_\xd3\
\xb2s>\x90\xc4\xfeY'\xab\x8f\x13\xd0kp\xf4Y\
\x1a\xf4D\x1c\xd2|\x80\xbc\x08D\x12h\x05\x02\x81\xe8\
l`OD\x98u<\xf8\xae\x8f\xad\xdf\xbe\x03\x0f\x7f\
\xf9\xf3\xf0[\x0d\xf4\x94zp\xe1E\x17\xa2\xd2[\xc9\
\xcc\x17\x99TF\xc6\x93\x94c\xd7\xa1\x10\x82\x88(\xbc\
\xff\x81\xfb4\xdf\xed\x14\xf9p\xce\xd1\xd7[\x86\xc6y\
\x16\x81\x11B\xa2\xe58p=\x0f\x04$\x99\x86\xc1\xbd\
v\xdd\xb9f\xb9>\x7f\xc5+gEZ\x00)\x9e\xed\
>^\x1e\xac\xec\x0f=\xff\xe7\x18\xe3p]\x1b\x07\x0e\
\x1c\xc4\x9a\xf1q\xe8F\xdc\xac\xb2\x9b\xb4\xdc\xd7\xb2\x0a\
X\xbfa\x1d\xc2(\xc2\xbe\xdd;\xf1\xfc\x03w#j\
\xb7\xb0\xfe\xc27@$\xa6t\x04\x097\x08\x11\x08\x09\
\xae\xc5w\xe84\x19/}\xb5\x08\x80\x17\xc5\x9b\x87\x13\
\x83\xce\x19l?Dv\x04H\x1e\x9ef\xf71\xc6a\
\x14\x8a0\xac\x028gs\xbc\xff\x8cR+\x80`2\
\xa0Z\xd41X2P\xd2yg\xe3w\x1c\x0b\x90D\
\xf0\xa4D\xc3\x17h\x06\x12~\x92\xe4\x1f\xc9\x08\x0d\xcf\
G\xcd\xf6p\xe4\xe9\xa7\xf0\x95?\xba\x05\xbb\x7f\xf8\xef\
\xe0$\xb1~\xfd\x06\x5cr\xe9\xa5(\x14\xd2\x9a\xfe\x05\
\xee\x01\x04)\x85$M\xe3\xe1\x03\x0f>\xa8y\x8e\x83\
4\xd5\x8a\x11a\xa0\xaf\x02\xae%\xb9\x11\x997@\x22\
\x0a\x05\x820^{,\x02\xf2p\xe0\x05\xff\xb0D\x1f\
\xb7b\x19X\xd1\x16@\xca\xe0\xd8\xc0\xbb\x9d\xb6w\x07\
gL\x07\x80\xc1\x81!\x5cy\xe5\x1bQ\xad\xf6%>\
\xf5\xb9>\xed|\xf6\xa0\x94\x12A\x14\xca\x1f\xdd}\x0f\
\x1d=z\x04R3\xf0\xc6\xf7\xdd\x82\x8box\x17X\
\xb1\x04\x99\x86\xf2\x88`r\x8e\x92e\xc0\xe2<\xae\xff\
G\xba\xc1)\x8d@BH\x81\xba\x17\xc4\xf3\x0a#\x19\
\xe7\xdf\xcb\xa4\x17\xa1L\x07\x9du,\x09\x10\xe2\x5c\xfe\
ds\x97\x0c\x0d=\xa6\x06\x9dQ\x5c`D\xc8\xce\xf8\
\xa9\xa0D\x88[\x90\xb9B L<\x91\xf1\xcf \xe1\
\x04>\x1aN\x80\xf6\xd1C\xf8\xf7\xbf\xfe8\x0e<\xfe\
\x10\x18c\x18\x1a\x1a\xc29g\x9f-+\xbd\x95\xcc\xb9\
\x91\x9fW(;\xa1P\x19\x09AA\xe0\x87\x8f>\xfa\
\xa8f\xb7\xf3Q\x0b\x89\xe1\xc1\x81\x5cfd\xfe\x9aJ\
x\xbe\x8f\xd9F+\xfb\xad\x12\x10/l\xd9\xb4e\xe3\
\x13O<q\x9cB\x08\xc5\xab\xcdi!\x00\x00\xd0\xd3\
\xdf\xfbN\x08|\x81@\x15\x02\xd0\xd3\xd3\x83k\xaf\xb9\
\x0e}\xd5\xbe\x9c\xf9\x1e\x93\xffmL\xb3\x01\xa3H\xe0\
\xc0\x81\x03\xd8\xb6\xfdi4\x1au\x0c\xac\xdd\x88\xcb\xde\
\xfd>lz\xd3u\xd0,3s\xb01F\xd04\x0e\
K\xd3Q\xd4\x13\xb3<\x95\x82$G\xdf\x8d\x224\x83\
\x08a\x94\x8e&\x8f\xdb\x93I!;\x81\xc3$l\xc9\
\x0904\x8e\x92\xa1\xc1\xd0\x18xb\xf6\xa7\xe1\xbct\
\xbc\xb6D<\xe8\xd4\x13\x12\xa1\xc8E \x10o~\xc7\
\xf3\xd1h\xdb\xa8\x1f<\x80\xfb\xbe\xf0i\xbc\xf0\xd0\xdd\
\x00\x80\x81\xfe*6m\xdc\x84\xb1UiA\x8fL2\
z\xd2\x96h\x22\xcb\xa5\x10RJ)%\xea\xb3u\xb1\
u\xeb\x13\xdc\xf5\xdc\xec\x82I)1<\xd8\x9fD[\
\xd0\xf5\xeeI\x07\xa1(\xc2L\xbd\x11\x87\x02\x09\x88\xa4\
\xf4\xb9\xc1G\xea\x93\xb3j\x12\xd0)\xcai#\x00\x00\
P\xae\xf6\xbc\x0b\x12\x7f\xc3\xc0\xc6c\x97\x1d\xe1\xdak\
\xaf\xc3\x9a\xf15\xc8o\xfb\xb9\x8d6\x923z\xb2!\
\x820\xc4\xd3Oo\xc7\xce\x1d\xbb\x10I\x89\xf2\xe88\
\xae\xbc\xf9}8\xfb\x9a\xb7\x80\x15\xcbHo\xc5iX\
\xce`\x04\x9dq\xe8\x1a\x83\xc988bQi\xb8\x01\
\x02)!\xa2\xb8\x0c\x19\xb2\xd3]\x98\x88\xa0\xe9\x1c\xa6\
\xa6\xc1\xe4,\x09\xf5\x11\x18I\x10c\x10\x88g!\x86\
I\xf7\xe24Q\x09$3\xb3\x9b!\xce;h;>\
j\xf56\xf6=\xf9\x10\x1e\xff\xfa\x170\xb3{\x07\xa4\
\x14\xa8\xf6U\xb0a\xfd\x06\xac^\xbd\x1a\xc4:\xcd;\
\xe3%\xa7\x89\xce\xb9\xe4'\x00a\x14\xc9\x89\x83\x07\xc4\
\xce\x1d;x\x14\x85\xd9\x15cD\xa8Vz\xa1s\x9e\
k^\x92\x8b\x1b$\x8eH)%j\xf5&\x5c\xdfO\
,\x15)\x0c\xcb\xfc\xa9\xe9#\x93w/\xdb\x87\xaex\
E\x9cV\x02\x00\x00\xfd\xab\x07/w\x1b\xce]\xba\xa6\
\x0d\xa6M8\xcf8c-\xde\xfc\xa6\xab\xc0y\x92,\
\xb3\xc0\xf3\xf2\xe5\xadiV\xe0\xf6\xed\xdb\xf1\xdc\x9e=\
\xf0<\x1f\xa5\x81A\x9c}\xdd\xcf\xe0\xbc\x9f\xba\x11\xd5\
\xb5\x1bb{\x1c\x00H&\x9e\xfax<\x16\x97\x12Z\
\xd2\xe4#\x88$\x22)\xe2;\x7fr\x17M7\x0dc\
\x0c\x1agq\xdeA\xe2\xd1\x932\x9e`\x9c\x9f\xb37\
\xb7\x00(~\x8d0\x8c\xd0n\xbb\x98x\xfe9<\xf3\
\x83\xef`\xcf=\xdf\x83_\x9f\x06\x11C\xb5Z\xc5\xba\
\xb5k1\xb6j\x0c\x9cu\xc2\x99s\xac\x1f\x89\x5cE\
\xa5\x80\x94\x12\xb6\xed\xc8\x9d\xbbw\xcaC\x13\x07Y\xfe\
\x1a\x11#TJ%\x18\xba\x9ey\xfcS\x11\xe8L\x01\
F\xf2>\x04\xdb\xf50U\x9b\x05Q\xfc\x1e\xa4k\x7f\
Q\x9f\x9a\xf9\x93\xa5\xfb\x84\x15K\xc9i'\x00\x00\xb0\
\xe1\xbc\xcd\xc5c\x13G~\xc0\x22\x5c\x91\x9a\xee\xd5j\
\x15\xaf\xbf\xecr\x0c\x0f\x0f\xe5S]\x90\xc5\xb5r\xa5\
\x04Y\x81\x11\x80V\xbb\x8d]\xbbw\xe1\xb9\xe7\xf6 \
\x0cC\x10\xd7aT\xfap\xf1\xcf\xbe\x13g_\xf3\x16\
TV\xad\x05\xb3\xacdS\xc4q\x06J\xfc\x01\x94\xbe\
fj\x01\xe4^\x1f\xc9\xbb\xa7\xa1\xbf\xd8\x09\xc0:\x9b\
)\x8d\xef\xa3\xd3\xc6<t\x1d\x1c\xdd\xfb<v<\xf8\
#<\xff\xe0\xddh\x1c\xda\x87\xd0\xf7`\xe8:\x06\x07\
\x87\xb0a\xfdz900@i\xb7\xdel\x13\xcf]\
i\xb66!\x05\x00\xc8\x89\x83\x07\xb1{\xf7N\xb4\xda\
mJC\x98\x9d\xec\x06B\xa5\xa7\x18\x0b@2\x030\
\xed\x08\x1c\xff\xec,9\xa6\x10\x881H)0qd\
\x12n\xe0\xe3\xb2K.E\xd3i\x1f\xdd\xf9\xfcs?\
\xd7\x9a\xac=\xb2T\x9f\xafb\xe98-\x05 \xa5:\
\xdc\x7f[\xe8\x87\x9f` S\x22NY\xbd\xe4\xe2K\
p\xe6\x99[\x00\x19!\x7f\x18H\x7f\xdd\xf3\xa4y\xf4\
\xe9\xa69|\xe40v\xec\xd8\x89\xe9\xe9i\x84a\x08\
f\x98(\xf6\x0fb`\xc3&\x9c}\xd5\xf58\xe3\xbc\
\x8bP\x1e\x18\x06\xd7\xf4\xd8$\x16\xa9\xb71m3>\
w\xc8\x08%\x19\x83\x9c\x08H\x9al\xcei,&$\
\xec\xa9\xa38\xb4\xfb\x19\xec}\xfc\xc7\xd8\xbf\xfdqL\
\x1fx\x11\x22\x88Cm\xa5b\x09g\xac=\x03k\xc6\
\xd7\xa0X,u\xad`\xe1\x0a\xc4N}\x80\x84\xe7y\
b\xfb\xf6mt\xf4\xe8a\x12\xc9\xcf\xda\xd9\xf6\xb9\xd7\
!\xa0\xd2S\x86\xa1\xeb\xe0D\xb1\x1f g\xf5\x10#\
p\xc63\x0b\xe1Xm\x16?\xf7\x8ew\xe2W\xde\xf7\
k\xd8\xb9s\x07\xfe\xec\xcf\xff\xfb\x0bG\xa6\xa6\xaeh\
O\xcd\x1c=\x91\xcfQ\xb1|\x9c\xd6\x02\xb0\xe1\xfcs\
i\xf2\xd0\x81\xb7 \x94\xff\x8b@\xe7\xc7wS\x81J\
\xa5\x82k\xafy\x0bz\xca=\xc9\xb9:f\xa1-\xd3\
\xb9[\xc6;7\x92\x02\xb6ccjr\x12\xfb\x0f\xec\
\xc7\xd4\xd44|?\x88\xcd]\xc3\x80Q\xae\xa0\x5c\xad\
bl\xd3Y\x18\x7f\xdd\xb9X\xb5\xe9lH\xae\x83\xe9\
:\xac\x9e^\xe8V!>b$\xe9\xbba\xbb\x89\xd0\
u }\x17\xf5\xa9c\x98=r\x18G_x\x0e\x07\
w<\x0d{f\x0av}\x06$\x22@D`\xc4P\
(\x14\xb1n\xfdz\xac^\xbd\x1a\xc5bq\xee]~\
\x01\xef|\xaa\x09\x1d\xebC\x82\x88\xe4\xf3\xcf?\x8f]\
;\x9f%?\x08:\xcfG\xb7\x84$\xff\xa7\xf8\xda\xf4\
\xf7&\x22\xc0Y\x9c\xb8D\xf1W\xceX&\x06\x02\x84\
\xdf\xfd\xd0m\x18?c-\x0c\xdd@\xa1`\xe1\xee\xbb\
\x7f\x88\xbf\xfa\xd4\xdfn=\xb4o\xff\xc5'\xf01*\
\x96\x91\xd3Z\x00R\x866\xae\x1evj\xf5\xcfs\xc1\
o\x02\x90y\xbd7n\xd8\x80\x0b\xce\xbf\x10\xa5R1\
\xdb<YX\x0f\x9di\xc1\xf1sd\xc7\x22H|\x04\
\x04\xc0\x0b|4\x9aM\xd4fk\x98\x9e\x9a\xc4Lm\
\x16\xadf\x0bB\x88\xce\xf3\x89\xc0\xf4x\x00g\xe4{\
`\x86\x09\x80\x10\x85!4\xce\x00H\x88 \x80\x8c\x22\
\x10\xeb\x98\xd6=\xe52zz{02<\x82\xfe\xc1\
AX\x86\x998\xf4:\x89C\xe9\xe6\xec\xfe \xf3\x1b\
9\xbf\x8e\x99\xda\x8c|\xfc\xf1\xc7\xc8\xb6[H\xc3\x0b\
D\xf3\xad\x9f\x94\xf4\xaa\xa4\xa6\x7f\x7f\xa5\x07\x86\xa1\x83\
3\x0e\xcey\x5c\x9b@\x1c\x8c\x01\xe5J\x1f>\xf2\xb1\
\xdbq\xc6\xbau\xf0<\x1fS\xd33\xe8\xed\xed\x85\xa1\
q|\xe9\xff|\x09\xff\xfc\xd5\xaf<>5q\xf8\xb2\
\x97\xf3\xd9)\x96\x97\xd7\x84\x00\xa4\x0c\x8c\x0f\xbd\xc5o\
\xb9_&\xb0\x91\xd8\x13&P,\x97q\xfe\xf9\x17b\
\xe3\x86\x8d\xc8\x1b\xbfs\x1cg2g\xbe\xe7vS\xc7\
\x8b>7\xa6\x1e\x8aHz\x9e\x8bf\xa3A\x8e\xeb\xc2\
\xf7<x\xae+\x1d\xc7%?\xf0\xd3\xbb\xa5$\x104\
]\x87a\xe8\xc4\x88\xc1*\x14d\xa9T\x22\xcb\xb2`\
\x18&tM\x9b[\xd7\x90\x9c\xcdi\xee?,\xba\xf9\
S\xcb\xa5m\xb7\xe5\x93O>A3\xd3S\x9d\x1d\xff\
\x9f\xf8\xf4\xbb\xad\x00\x8ds\xf4\xf7\xf5\xc0\xd4\x8d8]\
\x9a\xc7IJ\xeb6n\xc0\x87?v;.\xbd\xe4\x12\
\xb8\x9e\x8f\x17\xf6\xed\x87\xe7\xf98z\xec\x18\x06\x07\xfa\
\xc1\x18\xe1S\x9f\xfa\x94\xfc\xd6]w>\xf2\xf6\xb7\xbe\
\xf5Mw|\xf9\x8e\xe8%\xdeZq\x12xM\x09\x00\
\x00\xf4\x0e\xf7Ue(\xff+\x84\xfc\x00I\x94\xd3+\
\xc0\xb9\x86\x0b\xce?\x1f\x9b6n\x86\xaek\xf3m\xe2\
\x5c\xc2L\xfa\x8dX\x17:\xf3\x84;\xbd\x09\x16\xf8{\
*\x22\xc9k\xe6e$\xad3\x88\xf7slY\xe4\xef\
\xda\xf3>\xa44\x9e\x8f\xf9\x02 S\xeb%\xf9\x99\x1b\
\xcd\x86\xdc\xb6m\x1bMMM\xce\xd9\xcc/\x87\x8e\x15\
\x10\x7f5L\x1d\x03\x95^X\xba\x0e\xc68^\x7f\xf9\
\xe5\xb8\xed#\x1f\xc5\xc6M\x9b\x00\x22\x08!`\xdb\x0e\
\xf6\x1d8\x08\xdf\x0fp\xf8\xc8\x11\xac\x1a\x1b\x05\x01\xf8\
\xf8\xc7\xffL\xfe\xe8\xc1\x07\xbe}\xceE\xaf{\xcf\xfd\
\xdf\xbd'\x1b!t\xc1\x05\x17\xb0m\xdb\xb6\xa9\xd1a\
'\x99\x15\x9d\x0a|\x22xm\xd7\xddx\xf6\xb9\xdfw\
\xdc\xc6\xbdQ\x18\x9d\x03I\xe3D\x04)\x05\x0e\x1f9\
\x8c}\xfb\xf7AJ\x89\xfe\xfe\x81,\xe6\xdeI\x1d\xec\
\xc4\xcf\xb3\x1d\x9c\x8b\x8bwo\x94|yn\xfcZ\x9d\
\xe6\x1e\xf9\x10Z\x9a\x09\xc8\x90\x9a\xf3\xf9\xef\xe7\x0d\xfc\
\xc4.\xc9\xbc\xf4]$7v!\x22911A\x8f\
>\xf6\x08v\xee\xdcE\x8em\x83\xe6<\xf7\xe5\xd1\xbd\
.!\x04\x22!`\x9a&\xde\xf5\xee\xf7\xe0\xa3\x1f\xbb\
\x1d\xe3\xe3\xe3\x1d\x8b$q\x14\x9a\x96\x89\xb6m\xa3T\
,az\xa6\x86\x9e\x9e\x1e\x5c}\xf55\xb4\xe3\xe9g\
\xce\xdc\xb6m\xfb\xc0\xd0\xd8pC\x00_\xd4u\xed\x13\
\xb5\xfa\xec\xadF\xd1\xbc\xd1\xea)\xcc\xdct\xc3M{\
\x9e}V\x0d\x12>\x19\xbc\xe6,\x80n\xc6\xd6\x8d\x9f\
\xd9j4\xfe\x1e\x02WR\xdc\xd73\xdb`CCC\
8\xf7\xdc\xf30\xd8?\x00M\xd3:{~\xee-\xbc\
c\x05\xe4C}\xf3\xc4\xa2\xcb\xa7\xd0\xfd\x1a\xc8\xfd\xb5\
\xab}X\xd6\xf2,y\xf7\xf4S\x93\xf9\x7f\x03\xd0h\
\xd4\xb1w\xef\xf3\x98\x98\x98@\x10\x04\x0by\xf4\x16d\
!\x07\xe0\xbc\xef\xa7B\x17'#@J\x89\xdb>t\
\x1b>\xfaG\x1f\x85i\x18\x0b: \xa30\xc2\xccl\
\x0dG'\xa7\x11\x04\x11Z\xed\x16\x86\xfa\xfb\xa0\xe9\x1a\
\xdez\xfd[\xc5\xe4\xf4$ci\xe83\xbd\xee\x04\x84\
\x22\xb8\xb3\xd2\xd7\xf7k\x87\xf6\x1dR\x19\x84\xcb\xcck\
\xce\x02\xe8\xa65\xdb\x98\xa9\x0cT\xbe\x12\x89\xe8I)\
\xe5F\x92\xb4:\xce\xb7\x93\xb0m\x1b\xfb\xf6\xbd\x80\x17\
\xf7\xed\x83\xef\xfb\xa8\xf4U\xe3\xf3{\xf6\xecN\x8e\xb1\
L\xbef,t\x83\xa6\xfc\xb7\x09Y\x01\xc0\xf1\x9d\xf7\
s^+{\x8f\xe4\x9bB\x0a4\x1aM\xec\xdf\xbf\x0f\
\xdb\xb7o\xc7\xee\xdd\xbbQ\xab\xd5\xe2T\xdc\xdc\x86:\
\x8e\xb1\x90Y\x1bH\xad\x93\xdc\x7f\xf9'w\x8a~\x10\
\x874\x85\xc0-\xb7|\x107\xbf\xe7\x17P,\x14Q\
(\x14\x16|\x0f\xc6\x18\x0c]OB\x8e>8g\xf0\
\xfd\x10\x1f\xfb\xc8G\xb0c\xd7\x0e\xe2\x94\xeb\xe2\x943\
r\x88\xd8f\xcfu\xd6WG\xfb\xefn\xcf\xb6\x9d\xf9\
\xaf\xacX*^\xf3\x16@7\xab\xd6\x8foj5\x9a\
\x7f,Cy\x13\x80\x01JO\xdc\xc9/joo/\
V\xaf\x1e\x97g\x9c\xb1\x06\x95\xde>\x10\x11I\xd1\xc9\
\xfa\xc9\xf2\x09;\xb7\xf3\xdc\x0d}\x8e\x090\xd7\x88\xc8\
\xfdC\xb7\xf5\x90\xf9\x1d\x88\x10\x04\x01\x1a\x8d\x06\x8e\x1e\
=\x82c\xc7\x8e\xa1\xd5jBDqN\x83<\xce=\
\xfcxwx:\xee#\x16\x10\xa5$\x99)\x14\x02\xb7\
\xddv\x1b\xae\xba\xeaj\x14\x0a%T\xfa\xfap\xc6\xf8\
*\xf4\x94\xcb\xc7\xfdm\x0a\xfc\x00G\x8e\x1e\xc3\x81C\
\x87\xf1\xa7\x7f\xfc1<\xf6\xc4\xa3\x9d\x0c\xc8\xbc\xa2\xcd\
\x91V\x01\xa6\xd1gM\xab\xf0\xa1\xa3\x07\x8f*\x11X\
&\x94\x00,\xc0\xc0\xba\x11\x92~8\xee{\xde\xaf\x22\
\x94\x1f&\xf0\x0a:\xc9\xbf\xf1\xcd\x95\x00b\x0c\x95\xde\
\x0a\x06\xfa\x0710P\x95\xbd\xbd\x15\x94\x8a%pM\
\xa3\xbc\xf7>\xdf?/O~c\xa7f5\x10\xfb#\
\x88H\x06a\x08\xc7\xb1\xa9\xddn\xe3\xd0\xa1\x09\xcc\xd6\
f\xd1n\xb7\x11\x89\xd8\x81\x9eY\xce\xb98^\xb7\x08\
H)!\x09\xa1\x8c_\xbc\x0e\xc2, 4\x00S\xc4\
\xd8A\x80<\x80\xca\x04\x0cC\xcaqH\x1aI\xd7J\
\xb9\xbd)\x85\x00\xe3\x1a~\xeb\xb7\x7f\x1b\x9b7oA\
\x7f\x7f?\xca\xa52\x8a\xe5\x12\xfa\xfa\xfa\xb0f\xf5*\
\x14\x17\xb4\x04\xe2u\xed\xdc\xb9\x1b\xb7\xdc\xf2Al\xdd\
\xf6d\xb2\xf9\xa9sd\xca\x8c\x00\xeaz\xa6\x80fh\
\x9f\x9c9V\xbb\xfd\xa5?5\xc5\x89\xa0\x04\xe0?A\
\xdfH\xff\x96\xd0\x0f~Y\x0a\xf9\x1e\x92l\x0bQ|\
\xc3O\xad\xe4\xac\x0b\x16\x12\xb3\xd70`\x1a\xa6\xec\xed\
\xedEoo\x05\xa5rI\xc6\x094\x9c()\x9a\x91\
B\xc6\xc7\x09Fh4\x1a\xf0\x5c\x8f\x1c\xd7A\xbb\xd5\
\x86m\xdbp]7>\xc7\xa3\xfbF\x99\xd9\x18\xb9\xef\
Q'\xe2\x00\x00\x10\x0d\x22\xec\x00\xe1I0z\x8ck\
\xec\x19@\xbe\xd0\xd7S\xa9\xbd\xb8\xe7@\x98\xae\xeb\xc2\
\xcb/\xa4\xa7\x1e~J\x02\xc0%\x97\x5c\xc2\xdc \xd0\
\xebN\xad\xea\xb4\xed\x8b|7\xbcIF\xe2m\x04Z\
\x0f\x02zJe|\xe9\x0b\xff\x88\x91\xd1Ux\xe0\xc1\
\x87\xd0\xdb\xd3\x8bj\xb5\x8aR\xb9\x84R\xb1\x84\xbej\
\x1f\xc6W\xad\x82U0\xbb\xae\x9e\xc4\x13Ol\xc5\xef\
\xfd\xc1\x1f`\xfb\xf6m\xe0Y\x07\xa1\xaeu,\x94\xc4\
\x04@J\x01\xbd\xa0\xdf>}d\xe6\x93/\xff\x93S\
\xbc\x14J\x00^\x06\x17^s\x0d;\xbcw\xc7\x98\xdd\
vn\x90\x91x\xbb\x14x\x03@\xc3\xe9\x9d\x8bu9\
\xb3bR\xd3<\x09\xcf\xc9\xb9\x86n\xe7\x80/\xe7\xc7\
\xfce\xe75\x90\xbd\x0ae\x1b=..\x92\xae$\xd4\
\x18\xa7\xefi\x9a\xf6o\x95\xc1\xfe\x87\xc9\x0ff\xf4^\
\xcb\xdb\xfd\xc4\xee\x13\x0e\xab\xad?g\x0b\x0d\xf7\xf7\xe9\
\x87\xa7\xa6\xb7\xb4j\xf5_4\xb9\xf1\x81o~\xf3\x1b\
\x83\x97^t!\x9e\xd8\xfa\x14~\xf2\x93g\xd1\xd3\xd3\
\x83J\xa5\x82b\xb1\x88R\xa9\x8c\xfe\x81*V\x8d\x8c\
\xc0\xb4R\x11\x90\xb8\xf7\x9e\xfb\xf1;\xbf\xff\xbb\xd8\xb7\
o\x1fxN\xa88\xe7q\x0f\x82\x5c\x17a\x9a\xe3\x0d\
\xec\x5c\x1b)#h\x05\xfd\x0fg\x8e\xd4\xfe\xfaD\xd7\
\xa3X\x18%\x00'\xc8\xf0\xdaa\xd63\xdc\xc3\x9a\x87\
\x9bc\xae\xeb\xfet\x18\x84\xd7\x01\xf4zHZO \
J\x12}\xf2\xe7\x80\xf4\x0f\x00\xe6\xfe\x8a\xe7O\x02\x04\
\xca\x06\x92\xc8\xdc\xdd^B\x0a\x80l)\xc5!0<\
\xcb\x88\x1e`:{\xb4d\x95\xb6\x1d\xda\x7f\xa8\xb1\x5c\
\xeb|\xec\xb1\xc7\xe8\xeb\xdf\xf8:>\xff\xc5/\xbd\xb9\
\x5c(|\xe9\xfe{\xee]72<\x88\x87\x1fy\x0c\
\xfb\xf6\xefG\xa9\x5cFo\xb9\x8cB\xa1\x88b\xb1\x84\
\xa1\xe1A\x8c\x8e\x0c\xc10\x0c\xdc\xf9\xed\xbbp\xcbo\
\xdd\x8av\xab\x09Fq\xa9T\xa5R\xc1\xfau\xeb$\
\xd74\x04A\x00\xc7u\xb0\xef\xc5}\xe4\xfb~r\x0d\
\x8e\xe3\x13\x90!\x98\xa9\xdf:{l\xf6\xb3\xcb\xb5\xd6\
\xd7\x22J\x00\x96\x88U\x9bW\x91\xe7\xfa4\xbd\x7fJ\
\x14\x07\xcb\x17\xc9H\x5cD\xa03\x016.\x85<\x03\
B\xae\x07\xd0\x17\x9f\xb9\xc1@\xb27\xd9\xe1\x11\x81\x18\
H\xfa\x00\xb5\x88\xe0\x13\x91\x03\xc2!\x099K\x1c{\
4\xae\xfdX\x12^,\x95\x8b\xfb\x85'\xda\xc5\xc1\xb2\
\xbfw\xeb\x9e\x93\x964\xe3\xba.k\xb7\xdbr\xfdY\
\xaf\xfb\x99\xdeB\xe1\x1fv>\xf3\xec(1\x81{\xef\
{\x103\xd33(\x14\x0b(\x15K(\x14\x0a\xe8\xe9\
\xe9\xc1\xc8\xe8\x08\xee\xfa\xf6\xbf\xe2\xf7?\xfc!\x98Z\
\xdc\xedX@bxhX^p\xc1\x05\xc48\x83\xeb\
\xbapl\x07~\xe0\xc3\xf7}\xbc\xb0\xf7\x058n\xec\
\xeb\xeb\x18\x02]>\x01\x19\xfa\xa4k\xbfQ\x9f\xaa\xdf\
q\xb2\xd6~\xba\xa3\x04\xe0$q\xf3\xcd7\xd3vo\
;\x1dz|\xb2'\x0c\x22\x8d\x11<\x93k\xa1V\xd0\
,.\x980u3\xaa\xd9M\xdd\xe2\xcc\xd7\xad\xb2{\
p\xf7\x0b\xa7TV\x9c\x94\x92\x88HV\x07F\x7f\xb5\
T4>\xb7{\xe7\x8e\x82\x90\x11\xfe\xe3\x07?\x82\xeb\
8\xb0,\x0b\xc5b\x11\x85b\x09_\xf8\x87\xbf\xc7W\
\xbf\xf15h\x9cg\x9b\x7fltT\xbe\xe1\x0dW\x00\
\x04\x8a\xa2\x08\xbe\xef\xc3I|\x1d\x9e\xef\xc1q\x1c\xec\
\xdb\xb7\x0f^\xd2T4#M\xaaBb\x09\xc9\xe8\x18\
t\xfcFc\xaa\xf5\xddW\xe3:\x9cn(\x01P\xbc\
lz\x07F>\xb2zd\xf8/\xb7>\xf1\x18\x82\xd0\
\xc3]\xdf\xf9wp\xce`\x18&>\xf3\x99\xbf\xc3C\
\x0f=\x98\xf4\x0c`\x90\x90\x18\x1b\x1b\x13\xe7\x9c}\x0e\
Y\x96E\x9an\x00R\x22\x8aB\xb8n\xbc\xf1]/\
vx6\x1b\x0d\x1c8x\x10A\xe0\xe7\x5c(s\x83\
\x95\x12\x80\xa4h\x8fd\xe2W\x9a\xd3\xb6\xea1\xf0\x0a\
y\xcd'\x02)^>\x9e\xd3~\xc8\x83\xec{\xfc\xd1\
\xc7.\xff\xa5\xf7\xbe\x17\x1b7\xac\xc7\xfd\x0f<\x8cO\
}\xeao\xf0\xd4SO\x82ea>`xxH\x8e\
\x8d\x8e2)%1\xc6\x92\x0aB\x9e\x95\x13\xc7Q\x14\
\x09!\x054M\x83\xa6q\xb4\xdb\xed\xb8\xbc:}\xc3\
\xee\x04*P? /3\x8a\xda\xff\xf3\x9dPe\x0b\
\xbe\x02\x94\x00(N\x88\xfd{\xf7~\xff#\x7fr\xfb\
\xda\xe9\xc9\xe9\x0b\x87\x06\x07\xf0\xc9\xff\xf1\x17\xd8\xbdk\
W\xbc\xa9A \x06\x0c\x0e\x0c\xa2\x5c.\x93\x94\xc8D\
\x811\x1e7\x0f\xe1,\xd7M(\xe9N$%\x0c\xc3\
\x00\x11\xa1\xddngQ\x8fn%HD`\x14\xc0\x1b\
\x8c\x02\xff\xb2\xef\x86\xe1\x82?\xa4\xe2%Q\x02\xa08\
!t\xbd\xad\xfd\xe0{\xf7\xfe\xcb\xde\xfd\xfb\xdf\xfa\xad\
o~k\xcd\xc1\x89\x83Yk0\x8ds\x0c\x0e\x0e\xc2\
\xb2\xacN\x09\xb5\xec\xc4\xfaY\xd2P\x84s\x06b\x89\
`$U\x84BJX\x96\x95T\x14\xda\x00\xf29\x02\
\xf9\xe3\x00\x01\xa0qI\xf2\xcd\xbe\x1b|\xf1\xa4.\xfe\
4B\x09\x80\xe2es\xd7]w\xb1\xbd{\x0f\xe1\xb9\
\xbd{oh\xb7[\xef\xf7}\xb7\x98\xf5!$\xc2\xc0\
`?,\xd3B>\xd8\x19\x89(\xc9\xf3\x8f71O\
{\x09$\x9d\x84\xd2\xba\x08)\xe2\xe6i\x85B\x01A\
\x10\xc2u\x9dN\x11R>o\x02i\x95\x02[g\x14\
\xd9U\xbe\x13\xfe\xd3\xc9\xbe\x0e\xa7\x03\xda\xab\xfd\x03(\
V\x1e\xb6mc\xd7\x9e]Z\xbb\xd5\xfa\x92\xc6X?\
\x90\xab\xe5!\x8a7\x7f\x96\x9eLY\xb2\x8f\xeb\xbas\
\xcb\x9c\x89`\x18\x068\xe70\x90\xa6C\x8b\xac\xb9\xca\
\xea\xd5c\x10\x22B\xbd^\x07I9O\x04\xd2\x8c\x0a\
&\xb5\xebz\xfa\x8b\xdfh\xce\xd8\xef>\xb9Wb\xe5\
\xa3\xa2\x00\x8a\x97\x8d\x94\x92\x86W\x8f\xbe\xc9i9\xf7\
\xb19\x0e\xbaxS\x8e\x8e\x8cH]7\xb2\xef\xa4[\
\x96\x11A\xd3t\x14\x0a\x05\x14KE\x14\x0aE\x94J\
\xa5\xec\xdc\x1f\x86\x11|\xdf\x83\xe3\xbap\x1c\x1b\x81\xef\
#\x08|\xec?p\x00\xadf3y\x93\xf9\x96@|\
\xbe\x90\x90\x14\xfe\xef\xc6\x8c\xf3;\xcb~\x01N#\xd8\
\xab\xfd\x03(V\x1eD$=\xcf\xbd6\xb5\xdc\x81\xb9\
\xee\xb9\xc9\xa9)\x8a\xa2hNUR\xea\xe9\x0f\xc3\xd8\
\xacw\x1d\x07\xae\xeb\xc0q\x9c\xac\xe6\x81k\x1c\x86a\
\xc22-X\xa6\x05M\xd7\xa1\xe9\x06V\xafZ\x85B\
\xb1\x94\xbe\xd0B?\x11 \x09$\xf5\x0f\xf4\x0e\x14U\
\xe1\xd0\xcb@\xf9\x00\x14'\x84a\x1a\xbf@D\x97\xe5\
\xef\xc3\xa9\x08H)\xe1\x07>Y\xd9\x00RdG\x82\
\xac\xcb\xb2\x10H\xc7\x9f\x11\x11\xb8\xa6%\xed\xc6\xd3V\
\xe3\xc8\x1c\x88\xf1\xb1\xc2\x84\xed\xd8\x88R\x87?uY\
\x00\xb1S\x90\x13\xe8r\xab\xa8\x1d\xf4\x9c`\xdb\xf2_\
\x85\x95\x8f\x12\x00\xc5\x09a\x14\xad\xcd$\xe9mi\xd9\
\xf0\xdc\xf9C@$\x22\x88(\x82eY\xf3RzE\
\xd2[@$\x9b;}~*\x02,\x1de\x96\xe4\x08\
H)\xc18\x83\xae\xebq\x8e\x80\xc8&\xa2\xa2Sy\
\x95\x1d\x0b\x0c\x80\xae+\x94\x8cG\x5c\xc7\x7fq\xf9\xaf\
\xc4\xcaF\x09\x80\xe2\x84\xe8\x1f\xec;\xe8{\xdeo\x12\
\x91\x05 U\x819\xfb1\x08\x02\x80 \x0d\xc3\xa4\xf4\
n\x9f\x12\xa7\xf5\x8a\xac\x07B\xdav\x5c\xd3\xb4\xce\xc4\
!\x96V\x03\xc6\x22\xa0i:4MC\xab\xdd\xce\xf5\
R@\xeeM\xb3\x7f\xb0\x00yc\xa9\xc7\xfc\xa6c\xfb\
\xb5e\xbf\x18+\x18%\x00\x8a\x13\xa2\xd5h7\x0cK\
\x1f$\xb0+\x91Y\x009\x92\xbf\xfa\x9eO\x9a\xa6I\
\xdd0\xe6*\x00:&> \xe74R\xd54-N\
\x14bi\x9e@6\xc6\x0cz2\x98\xa4\xd9l\xe6\xc2\
\x83\xdd\x10\x00*\x08)~\xe9\xbc\x8b7|\xfa\xd0\x81\
i\x95(t\x1c\x94\x00(N\x18\xdf\x0b\xfeC\xb3\xf8\
\xd5\x8c\xd8\xfa\x05$ \xdb\xef\xae\xe7\x92i\x9aq\xbb\
\xf5y\x22\xd0\xe9\x09\x90\xe5\x08\xa4)\xc3\xb9<\x01\x02\
 \xa2\xf8q\xa6\x19G\x0dZ\xed\xf6\xa2\x22\xc0\x88\x8a\
\xc7&g?\xb8f\xc3\xd8\xa7k\x93\xf5`\x81\x07\xbd\
\xe6QQ\x00\xc5+\xe2\x86w\xbe\xfd\xa7B\x84{\xe9\
x=\x85\x93\xe3\xc0\xf4\xf4d<\x5c5\xb1\xd6\xf3\xdd\
\x93\x85\x10\xf0<\x0f\x8ec\xc3u\x1c\xb4\xa2\xb2\xdf\xcc\
\x00\x00\x10\x17IDATm\x1b\xbe\xef\xc7m\xc8(\
>\xfb[\xa6\x85B\xa1\x00]\xd7\xa1i:\x06\x07\x07\
148\x94o\x924\x0f)\x09\x1a\xe9\x03\x87'&\
_\xdct\xd6Xy\xc9\x17\x7f\x1a\xa0,\x00\xc5+\xe2\
\x99\xa7\x9e\x91\x97]z\xd9g\x0e\x1f=\xfc_\x18\xb1\
\x9e\x05\x1f\x94\xdc\xa0\xdb\xed\x16J\xa5R<DT\xe6\
\x1b\xa2$\x8dO\x92\xf1k\xa9c0\xce\x16dY\xeb\
\xb4\xd4BH\x1foY&\xc20\x82\xe3:]5\x03\
s\xd1\x18/\xcd6\xdao\x1b\x1e\x1f\xbe\xa3Yk\xfa\
K\xb9\xfe\x95\x8e\x12\x00\xc5+\xe6\xc0\xfe\x03bhl\
\xe0\x1f]\xc7\xbb\x851f-\x96^f\xdbm\x14\x8b\
\xa5l\xc6a\xd2\x06\xb5k\xbcZ\x92\xe3G\xf1\xc4\xa6\
4e8\x1dO\x0e\x89\xe4\xd8 \x93\x94\xe1\x00\x9e\xe7\
\x02\x8b\x89\x00\xe7\xab\xecv\xfbu\xc3\xab\x87\xbe\xd3\xac\
\xb5\xd4q A\x09\x80bIh\xce\xb6\xdcb\xa5p\
o\x14\x8a_bD\xfa\xf16\xa2\x94\x80\xe7\xb9\xf1d\
cJg,$\x0d\xd0\xd2y\x07\xb9>\x81\x8c\xa8S\
7\x90K!\x06\x90\x84\x11\x01\xd34\xe1y\x1e\x02?\
\xd9\xd7\x0b\xbd\xb7\x04\x18c[l\xd7\xee\x19YU\xbd\
\xa7Q\xb3\x95c\x10J\x00\x14K\xc8\xe8\xd8\xd8\x84\xed\
9\xfb!\xe5\x0dD\xc4\x8f'\x02B\x08\x84A\x00\xab\
X\x98\xe7\xbf\x932\xbe\xb3\xa7f~\xba\xe19\xd7\xc0\
8\x8f-\x87T\x04\x12K\x80\xb1\xb8\xa6\xc0q\x1d\x84\
Y\xa2\xd0B\xefLD\xa0\xcb\x5c\xcf\xb7\xab#}\x0f\
\xb7g\xedS\xaa\xeb\xd2\xab\x81\x12\x00\xc5\x921;3\
\x8b\xa1\xf1\xa1g]\xdb\xd5\x08\xf4f\xca\xd2\x00\xe7\x13\
\x86!\xa4\x04L\xcb\xccB\x80\xa9C/\xedx<W\
\x04X\x92#\xc0:\x91\x01\x22H\xd1\x9d(dw%\
\x0a\xcd\x85@$\x85\xbcND\xe2E\xd7\xf6\x9eZ\xfa\
\xab\xb0\xb2P\x02\xa0XR\x9a3M1:6\xf8H\
\xcbq63b\xe7,Vm\xe6\xfb~\x5c\x09ht\
\xcd\x12Hg\x1c\x88\x8e\x00\x00qS\x91T\x04\xf2\x15\
\x85B\xc8\xac\xd5\xb8a\xe8h6[\xe8\xea\xbf\x9e\x11\
g.2\x12Q\xf4\x8e\xde\x81\x9e\xa7\xec\xa6\xb3ki\
V\xbe2Q\x02\xa0Xr\xea\xb3\xcd`p\xd5\xe0=\
n\xdb~+c\xda\xe8b\x8fu]\x17\xa6a@\xd3\
\xf5NR\x1f\x90\x0dAI-\x81N\x8e\x00\x8f\x9b\x8d\
vY\x02\xa9\x08h\x9a\x0e\xc3\xd0\xd1h4\xe7\xbe^\
\x8eD\x04\x10z\xc1{{\x07+\x8f\xdaM{\xcf\x92\
-~\x85\xa1\x04@\xb1,\xb4f[\xf6\xc0\xaa\x81\xff\
\xf0Z\xf6\xfb\x19\xd7\x8c\xc5\x1e\xeb\xb8\x0e\x0a\x85\x02\x18\
\x9f\xfb\xeb\x98NE\x169K \xbd\xd3\xf3E,\x01\
M\xd3\xa1\xe9\x1a\x9a\xcd\xd6\xf1E\x80\x00\xc68\x02\xcf\
\xfb\xe5r\xb5\xe7\xc7N\xcby~iV\xbe\xb2P\x02\
\xa0X6Z\xb3\xadZ\xff\xd8\xe0\x0f}\xdb\xf9\x00\xb1\
\xc5\x7f\xd5\x1c\xdbF\xb1X\xca\xf2\xffS\xd2> y\
\x11\x00\xc5\x96@\xbe\xa3P&\x02\x89\x13\xd1\xd0u0\
\xc6r\xd9\x82\xf3\xdf\x93\x08`\xc4\x11\x05\xc1;\x0b}\
\x85\x1f\xbbm\xef\xc5%Y\xf8\x0aB\x09\x80bYi\
\xd5[\x13}C\x83O\x05\x9e\xfb\xde\xb8a\xe8\xc2H\
\xc4\x9d\x86J\xa5\x12(\x9b\x1c\x9c|/\xc9\x0d\xc8\x0a\
\x80\x00\x80\x00\xad\xcb\x12`I\x9aa\x9a#`\x18\x06\
\xa4\x94p\x1c'{N7\x04\x80\x187D\x18]e\
\x96\xcd\x87=\xdb\x9fx\xe5\xab^9(\x01P,;\
\xedFkW\xb9Z\xa9Ga\xf8\xd3l\xb1,!)\
\xe1\xb8.J\xc5R\xa7\xba\x10@\xda:<\xed'\xd0\
\xc9\x05\xe8\xe4\x08\xc4=\x04X.G@\x002\xce\x16\
\x0c\x82\x10\x9e\xe7e\xaf\xd5M\x12e\xa8J!.\xd6\
\x8b\xfa\xfd\xbe\x13L-\xe9\x058\x85Q\x02\xa08)\
8-\xfb\xe1B\xb98(\x85|\xfdb\x91\x01)\x04\
\x82 @\xa1XH\xd2{;\x8f\xee\xb6\x04bg^\
\x5c=\x98\x8a@j\x0d\xa4\x1d\x88 \xe3\xe2!\xcf\xf7\
\x11$\xf3\x07\xe7\x89@R\xcdHD\xab \xc4\xd9z\
A\xfb\x9e\xef\x86\xed\xa5\x5c\xff\xa9\x8a\x12\x00\xc5I\xa3\
\xd0S\xb8_Hy\x1eIlYL\x04\xa2(\x84\x10\
\x22\xce\x11\xe8j4\x12G\x05\xd2\xc9\xc8\xf1\xbfe%\
\xc4]\xfe\x80T\x04\x181\x98\xa6\x01\xdbqr\x1d\x85\
\xba\xde\xb4\xd3\xd4d\xbd\x94\xf2,\xcd\xe2_\x0b\xbc\xf0\
8eF\xa7\x0fJ\x00\x14'\x0d\xb7\xed\xfaf\xc9|\
\x18\xa0+I\xd2\xea\xc5D \x0c\x020\xc6`\x98f\
\x22\x019\x11\xc8\xe5\x08\xa4\x05\x05y\x11`\xb9\xaeB\
\x99\x080\x0e\xd34\xd0l\xb5 \x858\xaeS0N\
O\xa6\xcdR\x8as\x02/\xfc\xdaR\xae\xffTD\x09\
\x80\xe2\xa4\xe2\xd9\xde\xac^\xd0\x9e!\xd0\xf5\x04\xd6\xb7\
`)\x7f\x82\xef\xfb\xd04\x0d\xba\x9eF\x11\x93\x07'\
\x89Bi\x93\x90\xd4\xcd\xcf\xd8\xdcD\xa1\xfcq@J\
\x09\xc68,\xcbD\xbd^\x9f\xf3rsHz\x142\
bg3\x03\xe7\x85^tZ\x8b\x80\x12\x00\xc5I\xc7\
w\x82\x03F\x81\x1da\xc4\xde\x06\xc9\xcc\xc5D\xc0s\
]\x98\xa6\x09\xaei\x9d\xc2\xa1\xe4\xae?\xc7\x12H`\
,\xa9\x1b\x98\x97# \xe2\x1c\x01\xceaZ&\xea\x8d\
\xc6q\xc3\x83@l\x09p\xc6\xcf\xe6\x06[\x1fx\xe1\
\xbf.\xc9\xc2OA\x94\x00(^\x15|7\xfc\x89Q\
\xe0\x1a\x11\xbbV\xca\xe3+\x80\x04\xe08N\x1c\x1ed\
\xf9\xeaAd\x8d@:\xe1\xc1$[\x90\xf3y>\x01\
\x10:\x22\xa0\xeb\xf1q\xa0\xd1\xcc?m.\x04\x10\x18\
8c\x172\x8b\xf7\x06n\xf0\xfdW\xbe\xeaS\x0f%\
\x00\x8aW\x0d\xcf\x0d\xee3\x0b|3\x11;\xef\xb8\xb7\
b\xc4\xdfi\xdb6J\xa5b\xd6#0\xd3\x80\xc4\xbc\
\x17B\xcci\x0f\xa6\xf1\xf9\x89BY8\x112\x8b\x1c\
\xb4Z\x8b'\x0a\x01\x0c\x8c\xd1\xc5\x9a\xc9\xfd\xc0\x0d\x1e\
\x5c\xaa\xb5\x9f*(\x01P\xbc\xaaxn\xf0-\xb3\xa0\
\xbd\x8b\x88\x8f\xd0\x22g\x01)e\x9c(T.\x81\xa5\
\x91\x81.\x11\x90\xb2\xd3\x5c4\x1dR\x9a5\x13a\x94\
9\x12\xa5\x90\x90\x00LS\x8f\x13\x85lg\x91\xa3\x00\
@ \x8d\x11\xbb\xc2(h\xfb|7xz)\xd7\xff\
j\xa3\x04@\xf1\xaa\xe3\xb9\xc1g\x8d\x82\xfe\x9b\x04V\
YL\x04 %\x5c\xd7E\xb1T\x8c\xe3\xf6]\x22\x90\
~\xed\x0c\x13\xa6\x9c\x15\xc0\xb2\x86\x22\x12\xc8|\x07\xa6\
i \x0cCx\xae\xf7R\x22`\x00\xb8\xde(\x18\x0f\
\xf8\xae\xbf\x7fI\x16~\x0a\xa0\x9a\x82*N\x09\xfa\xab\
\xfd\xeb\x05\xa2i\x99\x1b#\xbe\x10a\x10\xa0V\xab\xa5\
sG\x91\xdf\xb5Q\x14!\x0c\x02\xb8\xae\x0b\xd7u`\
\xdb6l\xdb\xce\x9a\x84pM\x83i\x18\xb0L\x0b\xa6\
eB\xd7\x0d\x18\x86\x89\xe1\xe1!\x14K\xa5E\x9a\x8b\
\xc6_\x19X\x05\x12w\xf5\x0dV\xd6,\xc9\xa2O\x01\
\x94\x05\xa08%\x98\xad\xd5\xa5U*|GH\xf1\xeb\
\x04f,&\x02Q\x18BJ\x09\xd3\xb4:&\x7fB\
\xd6LD\xc8,\x85\x88X>G \xa9\x19 \x02D\
g:\x91e\x9ah\xdb6\xa20\x8a_\xe8\xb8\xc5C\
\xcc\x0aD\xf8k\x1b7l\xfc\xdb\xa9\xc9\xa9\x15\xdfV\
L\x09\x80\xe2\x94\xc1s\xbcI\xd32vB\xe2]\x00\
\xf1\xc5D H\x13\x85\x0cs\x9e\x13/\xeb&\x94F\
\x09\x80\xdc\xd4\xa1x\xd8\x08\x03\x81\xd8\xdc\x8eB\x96e\
\xa2\xd1hvM\x1d\x9a\x0b\x11\xc0\x89\x15f\xea\xb5\xdf\
Z\xb5q\xf4\xd3\xf5\xc9\xc6\x8an0\xaa\x04@qJ\
\xb1v\xfd\xe8\xaef\xcb\x0e\x09\xb8\x16\xa0\xc5\xba\x8a\xc1\
\xf7\xbdxN@w3\x11tZ\x8c#\xb9\xc3\xa7\x22\
\xc09\x8f\x87\x90f\xd1\x81\xd8\x1f d\xdcg\xa0P\
\xb00;[\x7f\x89\x1c\x01\x801^h\xd4\x9a\xbf\xb9\
z\xd5\xc8\xe7\xea\xb3+\xb7\xd5\xb8\x12\x00\xc5)\xc5\xcc\
T]\x8e\xaf\x19|\xb4\xd1\xb2\xd7r\xc6\xceG\xce\xa7\
\xb7\x10\x9e\xeb\xcem&\xd2-\x02\xd9\xd4\xa1\xd8\xdd\x95\
N\x1cJ\x87\x90\xa6I\xc6R\x0aH\x00\x9a\xc6aY\
\x16\xea\xf5\x97J\x14\x028\xe3=\x8dv\xe3-\xc3k\
\xfa\xbf\xda\xac\xd9+R\x04\x94\x00(N9j3\xcd\
htt\xf0\xeeV\xdb\xbe\x96sm|\xb1\x1c\x814\
Q\xa8X,&\x1b\x1a\xf3\x1e.\xbbF\x8f1\xc6\xe2\
>\x02I\x09q:\xaeH\x0a\x01)\x01M\xd3`\x9a\
\x06\x1a\x8d\xc6\xa2\x03Gb\x11\xd0V\xb7[\xf6\x99\xa3\
\xe3}\xdfY\x89\xad\xc6\x95\x00(NI\x1a\xf5\x967\
\xb4\xaa\xef\xbbN\xcby\x1f\xe3Z\xe9?\x95#P*\
eMA\xf2\xdf\xcb\x7fM\x8f\x14<_4\x94\xeb/\
\x90:\x0fuM\x07\xe7\x1c\xedVR\x15|\xbc\xe2!\
\x80\x18\xb1\xd7\xd9\xb6\x1f\xben\xcb\xaa\xfb\x8e\x1e\xad/\
\xcd\x058I(\x01P\x9c\xb24g\xed\xd6\xd0\xd8\xc0\
\x9dn\xdb\xf9\x1db|\xd1\xf0 \xa4\x84\xed\xa4\x1d\x85\
\xe6\xf6\x11@.Q\x08@\xf6\xfdl\x00i\xd2M(\
\xcd2\x8cg\x13\xc4\xb3\x06\xc4Kt\x14J\x8a\x87\x88\
@\x97N\xd6\x9a\xf7\x87^\xb8\xa2r\x04\x94\x00(N\
i\x9a\xf5\xf6tu\xb8\xef\xfb\xbe\xeb\xbd?\x9e5\xb2\
\xb8\x08\xf8\x81\xbf`3\x11t[\x02@2p\x84w\
\x06\x8e \xf6\x15\xa4\xa1DP<u(\x08|\xb8\x9e\
\xb7\x88O@\x82\xc0\x0c\xceP\x19^3\xf0/\x8d\x99\
\xd6\x8a\x198\xa2\x04@q\xca\xd3n\xd8\x07{\xfa{\
\x9e\x89\xfc\xf0=DlQK@D\x11\xa2(\x82e\
Y@\x97\x08\xcc\x9f=\x18\x9b\xfe\x1a\xef\xf8\x03\xb2f\
\x22\xe8\xb4#\xb7,\x0b\xae\xeb\xc0\x0f\x82E\x1d\x83\x12\
X\x1b\x04\xe1\xbf\xb9\xb6wx\xc9\x16\xbf\xcc(\x01P\
\xac\x08\x9c\x96\xf3l\xb1\xb7\xe8J!\xae\x07hQK\
 \x0c\x02\x10\x08\xa6\x99\x0c\x1c\xe9\x12\x8c\x8e\x08P\x16\
\x0a\x8c[\x8a\xb19u\x03i3\x11\x22\x86B\xc1B\
\xb3\xd5D\x14\x89\x05D\x80\xe2\xa6$\x80.\xa5\xa8y\
\xae\xff\xc3\xa5]\xfd\xf2\xa1\x04@\xb1b(UJ\x8f\
I!\x86!pi\xec\xcc;\xbe\x08\xf8\x81\x0f\xae\xc5\
\x93\x82\xe6\xe5\x08\xa4\x03G\x84\x8c\xc7\x8e'\xcdD\xb8\
\x96\xaf\x1e\xcc5\x13A\xdcg\xa0X,\xa2V\xab\x01\
\x90\xf3\xac\x10Jz\x14\x80Xup\xcd\xc0\x17\x9b3\
\xcd\x15\x91 \xa4\x04@\xb1bpZNT\xea->\
*\x22q\x1e\x01\x9b^\xca\x12\xf0=\x0f\xa6a\x82k\
|^8/\xcb\x14L\x07\x0f\x80\xe2\xc8\x00g\x89c\
0\x11\x02P\xec\x14\x8c\xa7\x0b\xa3\x5c*cf\xa6\x06\
\xa0\xbbf\x81\x10\x1f\x1c\xa8,\x85\xf8\xaa\xd3rVD\
ga%\x00\x8a\x15\x85\xd3v\xdbF\xc9\xd8\x0a)\xaf\
\x22\xb0\x91\xc5|\x82@\x9c#P(\x14\xc1x\x9c\xf4\
\xd3y|\xfc\x07\x91\x08A\x1c\x18\x88E \x8b\x0e\xe4\
\xda\x8c\xcb\xc4\xc6\xe7\x9c\xa3T*\xa1V\xab\xcd\x13\x95\
\xc4\x08\xd0@\xf2~\xd7\xf6\x9eY\xea\xb5/\x07J\x00\
\x14+\x0e\xdf\xf1'\xcd\xa2\xb9S\x0a\xf93\x04\xb6h\
\x8e\x00\x00\xd8Ng\xeaPj1\xa4g|\xa0c\x0d\
\xa4\xfe\x00\xa6i\xe0\x5c\x83a\x98\xd0\xb8\xd6\xf1\x19\xc4\
n\x03h<\xce\x16\x9c\x9d\x9d\x8d_)+?\x8e\xff\
\x1aI\xb1\xdfw\xfd\x15\xd1AH\x09\x80bE\xe29\
\xfe\x8bFA\x9b$\xd0\x8d\x84\xaeQB\xddd\x89B\
et\xfb\x0e:\xcdD\x04\x08\x12\xa1\x94x\xcf\xcd7\
\xe3\xd6[o\xc1\xbb~\xfe\x1d\xb8\xfa\xea\xabQ\xee)\
c\xdf\xbe\xfd\x08\xc3 \x0b/\xea\xba\x9et\x14\x8a\xdb\
\x8a\xa5\x89D\xb1H\xc8\xbd\xbe\xeb\xff\xcb\xf2^\x81\xa5\
A\x09\x80b\xc5\xe2\xbb\xc16\xcdd\x8c\x11\xbb\xa6{\
~@\x1e\x02\xe2f\x22\x9e\x8bB\xb18\xcf\x81\x17\xcf\
\x19\x10\xd0\x0c\x13\x9f\xf8\xc4\x9f\xe3\xa6\x9bnD\xb9T\
\x02\xe7\x1a\x8a\xc5\x02\xce:k\x0b4M\xc7\xae]\xbb\
\x906\x22 \x00F\xd2L\xc4\xb6\xe3D\xa1\xec\xb8@\
8\xe0\xbb\xfe\x1d\xcb\xb5\xee\xa5D5\x04Q\xach\xda\
u\xe7\xbf\x05\xc2\xffgI\xb9v`]\xa4}>\xe2\
f\x223\xd9y>\xeb,FqD\xe0\xca+\xae\xc0\
\x9b\xde\xf8\xc6\xc4\xf3\xdf\xe9(\xcc\x88p\xfd\xf5\xd7a\
tt\x0c\x96e\xc22M\x98\xa6\x05\xcb\xb4022\
\x02\xc3H\xda\x96'G\x0a\xd1\xdd\xaa\xf8\x14F\x09\x80\
b\xc5c7\xdc_\x8dDp\xaf\xc4\xe2\x22 \x11W\
\x0f\xd6\xeb\x8d\xe4\x5c\x9f\x1e\x07\x08 \x86+\xae\xb8\xbc\
\xebY\x99B\xc0\xb4L\x0c\xf4\x0f\xc00\x0c\x98\xa6\x19\
\x0b\x81U@O\xb9\x8c\xde\xde\x9e\xce{H\x09\x92t\
h\x19\x97\xbb\xa4(\x01P\x9c\x16\xb4\xea\xf65B\x86\
\xcf\x008\xae\x08\x00\xe9\x14\xe26\xda\xed\xb8\xc8'\x8d\
\xf9\xc7\x95\x84I\x0f\x81\xdc\xb3SCA\x0a\x01\xc7u\
\x926b\x06L#\xb6\x04,\xcb\x8a\xdb\x89\xe5a\xd8\
\xb9\xd4\xeb[.\x94\x00(N\x1b$\xe4\xdb\x22\x19\x1e\
\x04^B\x04\xa4D\xa3\xd1\x80\xeb:YoAb\x84\
o~\xe3\xdb\x10\x91Lr\x03\x10\x17\x11!~\xc0\x0b\
{_\xc4\xcc\xf4L\xd6YH\xd7u\xe8\xa6\x01\xc34\
;m\xc4\x92\xa7\x1a\x86~\xcfr\xafu\xa9P\x02\xa0\
8mh\xcd\xda\x13\x80\xfcE!\xa3\xd98[\xef\xf8\
Gq)%j33\x08|?>\x06H`\xd7\xee\
\x9d\xf8\xecg>\x87H\xc8\xe48\x1f\x1f\x1cf\xebu\
\xfc\xdf\xaf|\x0dA\x10\xf7\xfc\xe0\xc9\x082C\xd7a\
\x18&\x9a\xcdf\xfcX\x92\x10\x88f\xca\x03\xe5\x15c\
\x01\xa8(\x80\xe2\xb4\xc2w\x83\xfdFA?F`o\
#@[\xb4\x82\x18\xc8\xfa\x08\xf0\xa4u\xf8\xb6m\xdb\
\xf0\xc4\xd6\xa7 E\x84\xd9\xd9\x1a\x1ex\xe0!|\xe6\
3\x9f\xc3\xc4\xc4A\xb0\xb4\xb58\xa39IBO\xff\
\xe4\xe9\xc4Z\x90\x90$\xbe6}p\xfa\x1b'g\xb5\
\xaf\x9c\x97\xc8\xa3R(V\x1e\x9b\xaf\xdeL\x87\x9e\x9a\
\xf8$g\xda\x87)\xb9\xc9\xc9E\xfc\xf2\x8c1\xac\x1a\
[\x15W\x05r\x06\xc688\xd7\xc0\x19\x07\xe7\x0c\x86\
\xae\xa1X,\xa1T.\xc1\xb2\xac\xa4\xb9(\x87\x04p\
\xf8\xc8a\xdcw\xdf=\x00$\x84\x94\x02\x1a\xde\xd0\xae\
\xb5\x1f?)\x0b]\x02\x94\x05\xa08\xed\x98\xde7\x8d\
36\xaf\xbd\xa71[\xbf\x80\x91v\xd6K\xdd\xe5\xa4\
\x94h\xdbm\x94{z:\xdd\x81$\xc0(\x8d\xedK\
\xa4\xf3\x0aX\xd6P\x94\xc1\xf5\x1c<\xf6\xd8\xa3p]\
\x07\x00AP\xf4\xac]\xb7\xff\xf4$,q\xc9P\x02\
\xa08-\x9996#\xc6\xd6\x8d\xdd\xd9j4~\x9e\
1m\xf0\xa5l])%|\xcfM:\x0a\xe5&\x0b\
#'\x02\x00\x90T\x0eJ)\xb1u\xebV\x1c=r\
8-\x05\xf4\x8d^\xebF\xb7\xe1\xac\x98^\x00\x80:\
\x02(Ns\xc66\x0c\xf5\xd7'\x1b\x07u\xadP \
\xc8\xe3\x1e\x05\xd2j\xder\xb9\x8c\xc1\xc1\xa1\xa4}x\
\x5c\x10\xc4\x19\x03g\x1c\x9a\xae%9\x00\x16\x9e~\xe6\
'\x98<v\x14\x890\xc8\x90\xa2\xbfq\xea\xce\x1f\x9e\
\xc4\xa5-\x09J\x00\x14\xa7=c\x1b\xc7\xc6\x1a\x93\xb3\
{tn\x14\x81\xc5\xfd\x01\x00P\xed\xab\xa2Z\xad\x82\
\xf3\xfc4\xa1\xd8\xf3\x0f\x00;w\xed\x84\xeb\xb9\x9dv\
\xe2\x5c\xfesu\xa4\xf7\xd6\xfd;\x0f\xb7\x96{-K\
\x8d\x12\x00\xc5k\x82\xa15\x03U\xb7\xe9\xdeG\xe0\xe7\
\xa6\xf9\x7f\x8b\xe9\xc0\xc0\xc0 *\x95\x0ax\xd6(T\
bzz\x0a3\xb5Z\xf6\x18)\x05\x98F_`\x05\
\xe3\xc3\xb5\x89\xe9\x99\xe5]\xc1\xf2\xa0\x04@\xf1\x9a\xa1\
2\xd43$\x02q;\x81\xbf\x9f@=\xc0\xdc\x0d\xd0\
-\x08q\x86`\xda\x1aLfEE\x12\x12a\x14\x08\
\xbd`\xfc\xa9\x04\xfe\xb2~\xac\x1e\x9d\xac5,5J\
\x00\x14\xaf9\xaa\xa3}\x97\x05N\xf0W\x90\xb8\x92\x93\
\xd6i\x11\x92\xfc))\xfb\x07\xf2v\x02\x11 %\x22\
\x19\x01\x1cw\x96\xaa\xe5_?\xf2\xfc\x91\x1aV8J\
\x00\x14\xafY\x06G\x07\x86}\xdf\xff\xa0\x88\xe4\xbb\x09\
tnR\x02\x98/\x17\x96\x00\x22\x09\x19\x11\xc9=\xc4\
\xe9\xeb\xd5J\xcf\xff|\xf1\xf9\x89\xf6\xab\xf8c/)\
J\x00\x14\xafy\xd6\x9c\xb9\xc6\xf0\x1d\xaf\xe0\x87\xfeH\
(\xa2\xf3\x84\xc0:\x0e\x84\x00\x1db\x8c^\x90$_\
\xd0\xb913uhj\xc5\x94\xf9*\x14\x0a\x85B\xa1\
P(\x14\x0a\x85B\xa1P(\x14\x0a\x85B\xa1P(\
\x14\x0a\x85B\xa1P(\x14\x0a\x85B\xa1P(\x14\x0a\
\x85B\xa1P(\x14\x0a\x85B\xa1P(\x14\x0a\x85B\
\xa1P(\x14\x0a\x85B\xa1P(\x14\x0a\x85B\xa1P\
(\x14\x0a\x85B\xa1P(\x14\x0a\x85B\xa1P(\x14\
\x0a\x85B\xa1P(\x14\x0a\x85B\xa1P(\x14\x0a\x85\
B\xa1P(\x14\x0a\x85B\xa1P(\x14\x0a\x85B\xa1\
P(\x14\x0a\x85B\xa1xy\xfc\x7f\xbe\x8a\x17\x94\xd9\
\xa0iR\x00\x00\x00\x00IEND\xaeB`\x82\
"

qt_resource_name = b"\
\x00\x05\
\x00o\xa6S\
\x00i\
\x00c\x00o\x00n\x00s\
\x00\x02\
\x00\x00\x07\xb9\
\x00u\
\x00i\
\x00\x0f\
\x0dN\x1cG\
\x00N\
\x00L\x00_\x00Z\x00O\x00O\x00M\x00_\x00O\x00U\x00T\x00.\x00p\x00n\x00g\
\x00\x11\
\x0e\xedI\xc7\
\x00N\
\x00L\x00_\x00Z\x00O\x00O\x00M\x00_\x00R\x00E\x00S\x00E\x00T\x00.\x00p\x00n\x00g\
\
\x00\x0e\
\x07\x7f\xc3\xe7\
\x00N\
\x00L\x00_\x00Z\x00O\x00O\x00M\x00_\x00I\x00N\x00.\x00p\x00n\x00g\
"

qt_resource_struct = b"\
\x00\x00\x00\x00\x00\x02\x00\x00\x00\x01\x00\x00\x00\x01\
\x00\x00\x00\x00\x00\x00\x00\x00\
\x00\x00\x00\x00\x00\x02\x00\x00\x00\x01\x00\x00\x00\x02\
\x00\x00\x00\x00\x00\x00\x00\x00\
\x00\x00\x00\x10\x00\x02\x00\x00\x00\x03\x00\x00\x00\x03\
\x00\x00\x00\x00\x00\x00\x00\x00\
\x00\x00\x00f\x00\x00\x00\x00\x00\x01\x00\x00\xff\xbe\
\x00\x00\x01\x98|{\xcc\xce\
\x00\x00\x00\x1a\x00\x00\x00\x00\x00\x01\x00\x00\x00\x00\
\x00\x00\x01\x98|{\x94.\
\x00\x00\x00>\x00\x00\x00\x00\x00\x01\x00\x00v\xf7\
\x00\x00\x01\x98|{V4\
"

def qInitResources():
    QtCore.qRegisterResourceData(0x03, qt_resource_struct, qt_resource_name, qt_resource_data)

def qCleanupResources():
    QtCore.qUnregisterResourceData(0x03, qt_resource_struct, qt_resource_name, qt_resource_data)

qInitResources()
